Ns,Ns,"(27, 28)","(34, 35)",波谲,中国,"['毫无疑问', '，', '自', '1945', '年', '8', '月', '日本', '投降', '，', '到', '1946', '年', '年', '中', '全面', '内战', '爆发', '，', '中国', '时局', '发展', '与', '演变', '之', '错综复杂', '、', '波谲', '云', '诡', '，', '反映', '出', '战后', '中国', '面临', '的', '根本', '问题', '，', '即', '战争', '还是', '和平', '。']",1945-1949：国共政争与中国命运.txt
Nh,Ns,"(0, 1)","(5, 7)",汪朝光,江苏南京,"['汪朝光', '，', '1958', '年生', '，', '江苏', '南京', '人', '，', '1982', '年', '2', '月', '毕业', '于', '南京大学', '历史系', '，', '1984', '年', '12', '月', '毕业', '于', '中国社会科学院研究生院', '，', '此后', '一直', '在', '中国社会科学院近代史研究所', '工作', '，', '现为', '近代史', '所', '研究员', '。']",1945-1949：国共政争与中国命运.txt
BOOK,BOOK,"(2, 3)","(7, 8)",《中华民国史》,《中国近代通史》,"['着', '有', '《中华民国史》', '第三', '编', '第五卷', '，', '《中国近代通史》', '第六', '、', '十卷', '等', '及', '学术论文', '数十篇', '。']",1945-1949：国共政争与中国命运.txt
Ns,Ns,"(2, 3)","(3, 4)",中,苏,"['第八章', '战后', '中', '苏', '东北', '经济', '合作', '交涉', '157']",1945-1949：国共政争与中国命运.txt
Ns,Ns,"(22, 23)","(24, 25)",美国,中国,"['军调部', '的', '最终', '解散', '，', '既', '是', '战后', '中国', '国内', '政治', '发展', '、', '国共两党', '关系', '分裂', '的', '必然', '产物', '，', '也', '是', '美国', '干预', '中国', '国内', '政治', '的', '失败', '。']",1945-1949：国共政争与中国命运.txt
Nh,Ns,"(3, 4)","(7, 8)",蒋介石,昆明,"['第十八章', ' ', ' ', '蒋介石', '与', '1945', '年', '昆明', '事变', '367']",1945-1949：国共政争与中国命运.txt
Ns,Ni,"(0, 1)","(7, 9)",昆明,国民党中央政府,"['昆明', '事变', '以龙云', '解职', '离', '滇', '、', '国民党中央', '政府', '和', '蒋介石', '获胜', '而', '结束', '。']",1945-1949：国共政争与中国命运.txt
Ni,Nh,"(7, 9)","(10, 11)",国民党中央政府,蒋介石,"['昆明', '事变', '以龙云', '解职', '离', '滇', '、', '国民党中央', '政府', '和', '蒋介石', '获胜', '而', '结束', '。']",1945-1949：国共政争与中国命运.txt
Nh,Ns,"(0, 1)","(4, 5)",龙云,云南,"['龙云', '解职', '后', '，', '云南', '仍', '未', '完全', '听命于', '国民党中央', '政府', '，', '蒋介石', '亦', '不能不', '表示', '向', '现实', '的', '妥协', '，', '且', '事变', '对', '其后', '云南', '政局', '的', '发展', '有', '深远影响', '。']",1945-1949：国共政争与中国命运.txt
BOOK,BOOK,"(19, 20)","(21, 22)",《申报》,《大公报》,"['台湾', '“', '二二八', '”', '事件', '发生', '后', '，', '大陆', '主要', '新闻媒体', '迅速', '报道', '并', '发表', '了', '不少', '评论', '，', '《申报》', '、', '《大公报》', '与', '《文汇报》', '或多或少', '对', '国民政府', '持', '批评', '立场', '，', '可谓', '民声', '的', '代表', '；']",1945-1949：国共政争与中国命运.txt
BOOK,BOOK,"(19, 20)","(23, 24)",《申报》,《文汇报》,"['台湾', '“', '二二八', '”', '事件', '发生', '后', '，', '大陆', '主要', '新闻媒体', '迅速', '报道', '并', '发表', '了', '不少', '评论', '，', '《申报》', '、', '《大公报》', '与', '《文汇报》', '或多或少', '对', '国民政府', '持', '批评', '立场', '，', '可谓', '民声', '的', '代表', '；']",1945-1949：国共政争与中国命运.txt
BOOK,BOOK,"(21, 22)","(23, 24)",《大公报》,《文汇报》,"['台湾', '“', '二二八', '”', '事件', '发生', '后', '，', '大陆', '主要', '新闻媒体', '迅速', '报道', '并', '发表', '了', '不少', '评论', '，', '《申报》', '、', '《大公报》', '与', '《文汇报》', '或多或少', '对', '国民政府', '持', '批评', '立场', '，', '可谓', '民声', '的', '代表', '；']",1945-1949：国共政争与中国命运.txt
Ns,Ns,"(27, 28)","(34, 35)",波谲,中国,"['毫无疑问', '，', '自', '1945', '年', '8', '月', '日本', '投降', '，', '到', '1946', '年', '年', '中', '全面', '内战', '爆发', '，', '中国', '时局', '发展', '与', '演变', '之', '错综复杂', '、', '波谲', '云', '诡', '，', '反映', '出', '战后', '中国', '面临', '的', '根本', '问题', '，', '即', '战争', '还是', '和平', '。']",1945-1949：国共政争与中国命运.txt
Ns,Ns,"(5, 6)","(12, 13)",中国,中国,"['关于', '国民党', '六届', '二中全会', '，', '中国', '大陆', '学者', '虽', '在', '研究', '战后', '中国', '政治', '时', '对', '此次', '全会', '多有', '提及', '，', '但', '具体', '研究', '甚', '少', '，', '海外', '学者', '则', '仍', '未', '见', '对此', '之', '专门', '研究', '。']",1945-1949：国共政争与中国命运.txt
Nh,BOOK,"(6, 7)","(7, 8)",邓野,《国民党六届二中全会研究》,"['大陆', '学者', '的', '研究', '，', '请参阅', '邓野', '《国民党六届二中全会研究》', '，', 'BOOK2000', '年', '第', '1', '期', '，', '文中', '对', '六届', '二中全会', '之', '前因后果', '有', '较为', '全面', '深入', '之', '论述', '，', '惟因', '资料', '所', '限', '，', '对', '全会', '之', '具体', '进程', '所述', '有限', '。']",1945-1949：国共政争与中国命运.txt
Nh,BOOK,"(11, 12)","(12, 13)",汪朝光,《1946年早春中国民主化进程之顿挫》,"['关于', '政协', '及', '随之而来', '的', '民主化', '进程', '之', '顿挫', '，', '请参阅', '汪朝光', '《1946年早春中国民主化进程之顿挫》', '，', 'BOOK2000', '年', '第', '6', '期', '。']",1945-1949：国共政争与中国命运.txt
Nh,Ni,"(8, 9)","(12, 13)",周恩来,中共中央,"['实际上', '，', '还', '在', '政协', '召开', '前', '，', '周恩来', '即', '在', '给', '中共中央', '的', '报告', '中', '提出', '，', '如果', '能', '在', '政协', '中', '商定', '宪', '草原', '则', '，', '国大', '只', '限于', '在', '形式', '上', '通过', '宪法', '，', '并', '增加', '中共', '和', '各党派', '代表', '，', '旧', '代表', '的', '作用', '就', '不', '大', '了', '，', '还', '可', '永久', '保留', '我们', '批评', '旧', '代表', '的', '权利', '（', '《周恩来一九四六年谈判文选》', '，', '第', '12', '页', '）', '。']",1945-1949：国共政争与中国命运.txt
Nh,BOOK,"(0, 1)","(7, 8)",蒋介石,《中央日报》,"['蒋介石', '在', '政协', '闭幕式', '的', '演说', '和', '《中央日报》', '发表', '的', '评论', '，', '都', '强调', '宪草', '修改', '原则', '不过', '为', '国大', '“', '参考', '”', '，', '并', '不', '因此', '影响', '国大', '的', '权限', '，', '从而', '透露', '出', '国民党', '对', '政协', '宪草', '决议', '的', '实际', '态度', '。']",1945-1949：国共政争与中国命运.txt
Ns,BOOK,"(3, 4)","(1, 2)",重庆,《政治协商会议开会》,"['（', '《政治协商会议开会》', '，', '重庆', 'BOOK1946', '年', '1', '月', '10', '日', '）', '这', '实际', '反映', '了', '国民党', '与', '中共', '对', '政协', '看法', '的', '重大', '区别', '，', '中共', '期以', '其', '解决', '实际', '政治', '问题', '，', '而', '国民党', '不过', '视其为', '权宜之计', '。']",1945-1949：国共政争与中国命运.txt
Nh,Nh,"(7, 8)","(9, 10)",孙科,王世杰,"['参加', '政协', '的', '国民党', '八位', '代表', '，', '孙科', '、', '王世杰', '、', '邵力子', '、', '张群', '主张', '对', '共', '妥协', '，', '陈布雷', '倾向', '于', '妥协', '，', '吴铁城', '态度', '不定', '，', '只有', '陈立夫', '和', '张厉生', '持', '反对', '态度', '。']",1945-1949：国共政争与中国命运.txt
Nh,Nh,"(7, 8)","(11, 12)",孙科,邵力子,"['参加', '政协', '的', '国民党', '八位', '代表', '，', '孙科', '、', '王世杰', '、', '邵力子', '、', '张群', '主张', '对', '共', '妥协', '，', '陈布雷', '倾向', '于', '妥协', '，', '吴铁城', '态度', '不定', '，', '只有', '陈立夫', '和', '张厉生', '持', '反对', '态度', '。']",1945-1949：国共政争与中国命运.txt
Nh,Nh,"(7, 8)","(13, 14)",孙科,张群,"['参加', '政协', '的', '国民党', '八位', '代表', '，', '孙科', '、', '王世杰', '、', '邵力子', '、', '张群', '主张', '对', '共', '妥协', '，', '陈布雷', '倾向', '于', '妥协', '，', '吴铁城', '态度', '不定', '，', '只有', '陈立夫', '和', '张厉生', '持', '反对', '态度', '。']",1945-1949：国共政争与中国命运.txt
Nh,Nh,"(9, 10)","(11, 12)",王世杰,邵力子,"['参加', '政协', '的', '国民党', '八位', '代表', '，', '孙科', '、', '王世杰', '、', '邵力子', '、', '张群', '主张', '对', '共', '妥协', '，', '陈布雷', '倾向', '于', '妥协', '，', '吴铁城', '态度', '不定', '，', '只有', '陈立夫', '和', '张厉生', '持', '反对', '态度', '。']",1945-1949：国共政争与中国命运.txt
Nh,Nh,"(9, 10)","(13, 14)",王世杰,张群,"['参加', '政协', '的', '国民党', '八位', '代表', '，', '孙科', '、', '王世杰', '、', '邵力子', '、', '张群', '主张', '对', '共', '妥协', '，', '陈布雷', '倾向', '于', '妥协', '，', '吴铁城', '态度', '不定', '，', '只有', '陈立夫', '和', '张厉生', '持', '反对', '态度', '。']",1945-1949：国共政争与中国命运.txt
Nh,Nh,"(11, 12)","(13, 14)",邵力子,张群,"['参加', '政协', '的', '国民党', '八位', '代表', '，', '孙科', '、', '王世杰', '、', '邵力子', '、', '张群', '主张', '对', '共', '妥协', '，', '陈布雷', '倾向', '于', '妥协', '，', '吴铁城', '态度', '不定', '，', '只有', '陈立夫', '和', '张厉生', '持', '反对', '态度', '。']",1945-1949：国共政争与中国命运.txt
Nh,Nh,"(13, 14)","(19, 20)",张群,陈布雷,"['参加', '政协', '的', '国民党', '八位', '代表', '，', '孙科', '、', '王世杰', '、', '邵力子', '、', '张群', '主张', '对', '共', '妥协', '，', '陈布雷', '倾向', '于', '妥协', '，', '吴铁城', '态度', '不定', '，', '只有', '陈立夫', '和', '张厉生', '持', '反对', '态度', '。']",1945-1949：国共政争与中国命运.txt
Nh,Ns,"(19, 20)","(24, 25)",陈布雷,吴铁城,"['参加', '政协', '的', '国民党', '八位', '代表', '，', '孙科', '、', '王世杰', '、', '邵力子', '、', '张群', '主张', '对', '共', '妥协', '，', '陈布雷', '倾向', '于', '妥协', '，', '吴铁城', '态度', '不定', '，', '只有', '陈立夫', '和', '张厉生', '持', '反对', '态度', '。']",1945-1949：国共政争与中国命运.txt
Ns,Nh,"(24, 25)","(29, 30)",吴铁城,陈立夫,"['参加', '政协', '的', '国民党', '八位', '代表', '，', '孙科', '、', '王世杰', '、', '邵力子', '、', '张群', '主张', '对', '共', '妥协', '，', '陈布雷', '倾向', '于', '妥协', '，', '吴铁城', '态度', '不定', '，', '只有', '陈立夫', '和', '张厉生', '持', '反对', '态度', '。']",1945-1949：国共政争与中国命运.txt
Ns,Nh,"(24, 25)","(31, 32)",吴铁城,张厉生,"['参加', '政协', '的', '国民党', '八位', '代表', '，', '孙科', '、', '王世杰', '、', '邵力子', '、', '张群', '主张', '对', '共', '妥协', '，', '陈布雷', '倾向', '于', '妥协', '，', '吴铁城', '态度', '不定', '，', '只有', '陈立夫', '和', '张厉生', '持', '反对', '态度', '。']",1945-1949：国共政争与中国命运.txt
Nh,Nh,"(29, 30)","(31, 32)",陈立夫,张厉生,"['参加', '政协', '的', '国民党', '八位', '代表', '，', '孙科', '、', '王世杰', '、', '邵力子', '、', '张群', '主张', '对', '共', '妥协', '，', '陈布雷', '倾向', '于', '妥协', '，', '吴铁城', '态度', '不定', '，', '只有', '陈立夫', '和', '张厉生', '持', '反对', '态度', '。']",1945-1949：国共政争与中国命运.txt
Ns,Ns,"(3, 4)","(5, 6)",美国,莫斯科,"['国际', '方面', '，', '美国', '与', '莫斯科', '三国', '外长', '会议', '，', '对', '国共', '均', '施压力', '，', '如', '过于', '反其道而行之', '，', '恐将', '招致', '共同', '干涉', '，', '或', '美军', '即', '行', '撤退', '；']",1945-1949：国共政争与中国命运.txt
Nh,BOOK,"(3, 4)","(0, 1)",蒋档,《国民党关于政协的意见签呈》,"['《国民党关于政协的意见签呈》', '，', '《', '蒋档', '：', '特交', '档案', '?']",1945-1949：国共政争与中国命运.txt
Nh,BOOK,"(4, 5)","(6, 7)",孔繁霖,《五五宪草之评议》,"['有关', '情况', '，', '请参阅', '孔繁霖', '编', '《五五宪草之评议》', '，', '时代', '出版社', '，', '1946', '。']",1945-1949：国共政争与中国命运.txt
Ns,Nh,"(6, 7)","(9, 10)",美,张治中,"['2', '月', '25', '日', '，', '国共', '美', '三方', '代表', '张治中', '、', '周恩来', '、', '马歇尔', '签署', '了', '《', '关于', '军队', '整编', '及', '统编', '中共', '部队', '为', '国军之', '基本', '方案', '》', '，', '就', '国共', '双方', '长期', '争执不下', '的', '军队', '问题', '作出', '原则', '规定', '，', '重庆', 'BOOK1946', '年', '2', '月', '26', '日', '。']",1945-1949：国共政争与中国命运.txt
Ns,Nh,"(6, 7)","(11, 12)",美,周恩来,"['2', '月', '25', '日', '，', '国共', '美', '三方', '代表', '张治中', '、', '周恩来', '、', '马歇尔', '签署', '了', '《', '关于', '军队', '整编', '及', '统编', '中共', '部队', '为', '国军之', '基本', '方案', '》', '，', '就', '国共', '双方', '长期', '争执不下', '的', '军队', '问题', '作出', '原则', '规定', '，', '重庆', 'BOOK1946', '年', '2', '月', '26', '日', '。']",1945-1949：国共政争与中国命运.txt
Ns,Nh,"(6, 7)","(13, 14)",美,马歇尔,"['2', '月', '25', '日', '，', '国共', '美', '三方', '代表', '张治中', '、', '周恩来', '、', '马歇尔', '签署', '了', '《', '关于', '军队', '整编', '及', '统编', '中共', '部队', '为', '国军之', '基本', '方案', '》', '，', '就', '国共', '双方', '长期', '争执不下', '的', '军队', '问题', '作出', '原则', '规定', '，', '重庆', 'BOOK1946', '年', '2', '月', '26', '日', '。']",1945-1949：国共政争与中国命运.txt
Nh,Nh,"(9, 10)","(11, 12)",张治中,周恩来,"['2', '月', '25', '日', '，', '国共', '美', '三方', '代表', '张治中', '、', '周恩来', '、', '马歇尔', '签署', '了', '《', '关于', '军队', '整编', '及', '统编', '中共', '部队', '为', '国军之', '基本', '方案', '》', '，', '就', '国共', '双方', '长期', '争执不下', '的', '军队', '问题', '作出', '原则', '规定', '，', '重庆', 'BOOK1946', '年', '2', '月', '26', '日', '。']",1945-1949：国共政争与中国命运.txt
Nh,Nh,"(9, 10)","(13, 14)",张治中,马歇尔,"['2', '月', '25', '日', '，', '国共', '美', '三方', '代表', '张治中', '、', '周恩来', '、', '马歇尔', '签署', '了', '《', '关于', '军队', '整编', '及', '统编', '中共', '部队', '为', '国军之', '基本', '方案', '》', '，', '就', '国共', '双方', '长期', '争执不下', '的', '军队', '问题', '作出', '原则', '规定', '，', '重庆', 'BOOK1946', '年', '2', '月', '26', '日', '。']",1945-1949：国共政争与中国命运.txt
Nh,Nh,"(11, 12)","(13, 14)",周恩来,马歇尔,"['2', '月', '25', '日', '，', '国共', '美', '三方', '代表', '张治中', '、', '周恩来', '、', '马歇尔', '签署', '了', '《', '关于', '军队', '整编', '及', '统编', '中共', '部队', '为', '国军之', '基本', '方案', '》', '，', '就', '国共', '双方', '长期', '争执不下', '的', '军队', '问题', '作出', '原则', '规定', '，', '重庆', 'BOOK1946', '年', '2', '月', '26', '日', '。']",1945-1949：国共政争与中国命运.txt
Nh,Ns,"(0, 1)","(7, 8)",张治中,中国,"['张治中', '宣传', '政协', '获得', '圆满成功', '，', '认为', '中国', '“', '结束', '了', '过去', '以', '武力', '从事', '政争', '的', '旧', '历史', '，', '并', '将', '步入', '和平', '建设', '的', '新', '时代', '”', '，', '保证', '国民党', '将', '百分之百', '地', '履行', '政协', '决议', '；']",1945-1949：国共政争与中国命运.txt
Nh,Nh,"(0, 1)","(2, 3)",王世杰,邵力子,"['王世杰', '、', '邵力子', '等', '也', '为', '国民党', '在', '政协', '的', '让步', '作', '了', '辩护', '。']",1945-1949：国共政争与中国命运.txt
Nh,BOOK,"(0, 1)","(2, 3)",唐纵,《在蒋介石身边八年》,"['唐纵', '：', '《在蒋介石身边八年》', '，', '第', '593', '页', '；']",1945-1949：国共政争与中国命运.txt
Nh,Nh,"(0, 1)","(4, 5)",蒋介石,陶希圣,"['蒋介石', '的', '谋士', '之一', '陶希圣', '认为', '，', '政协', '“', '为', '政局', '转变', '之', '开端', '。']",1945-1949：国共政争与中国命运.txt
Nh,Nh,"(0, 1)","(5, 6)",陶希圣,蒋档,"['陶希圣', '：', '《对政治协商会议及其后政局转变本党之政策》', '，', '《', '蒋档', '：', '特交', '档案', '?']",1945-1949：国共政争与中国命运.txt
Nh,BOOK,"(0, 1)","(2, 3)",陶希圣,《对政治协商会议及其后政局转变本党之政策》,"['陶希圣', '：', '《对政治协商会议及其后政局转变本党之政策》', '，', '《', '蒋档', '：', '特交', '档案', '?']",1945-1949：国共政争与中国命运.txt
Nh,BOOK,"(5, 6)","(2, 3)",蒋档,《对政治协商会议及其后政局转变本党之政策》,"['陶希圣', '：', '《对政治协商会议及其后政局转变本党之政策》', '，', '《', '蒋档', '：', '特交', '档案', '?']",1945-1949：国共政争与中国命运.txt
Ns,BOOK,"(2, 3)","(0, 1)",上海,《民主的习惯》,"['《民主的习惯》', '，', '上海', 'BOOK1946', '年', '2', '月', '12', '日', '。']",1945-1949：国共政争与中国命运.txt
Nh,BOOK,"(0, 1)","(2, 3)",孔繁霖,《五五宪草之评议》,"['孔繁霖', '编', '《五五宪草之评议》', '，', '第', '87', '~', '88', '页', '。']",1945-1949：国共政争与中国命运.txt
Nh,BOOK,"(1, 2)","(2, 3)",李旭编,《政治协商会议之检讨》,"['参见', '李旭编', '《政治协商会议之检讨》', '，', '时代', '出版社', '，', '1946', '；']",1945-1949：国共政争与中国命运.txt
Nh,BOOK,"(0, 1)","(2, 3)",孔繁霖,《五五宪草之评议》,"['孔繁霖', '编', '《五五宪草之评议》', '；']",1945-1949：国共政争与中国命运.txt
Nh,Nh,"(0, 1)","(2, 3)",叶青,任卓宣,"['叶青', '（', '任卓宣', '）', '撰文', '对', '政协', '的', '攻击', '可', '为', '代表', '，', '该文', '称', '：', '中国', '现在', '的', '政治', '问题', '是', '统一', '和', '民主', '二者', '。']",1945-1949：国共政争与中国命运.txt
Nh,Nh,"(0, 1)","(4, 5)",叶青,李旭编,"['叶青', '：', '《政治协商会议决议之检讨》', '，', '李旭编', '《政治协商会议之检讨》', '，', '第', '179', '页', '。']",1945-1949：国共政争与中国命运.txt
Nh,BOOK,"(0, 1)","(2, 3)",叶青,《政治协商会议决议之检讨》,"['叶青', '：', '《政治协商会议决议之检讨》', '，', '李旭编', '《政治协商会议之检讨》', '，', '第', '179', '页', '。']",1945-1949：国共政争与中国命运.txt
Nh,BOOK,"(0, 1)","(5, 6)",叶青,《政治协商会议之检讨》,"['叶青', '：', '《政治协商会议决议之检讨》', '，', '李旭编', '《政治协商会议之检讨》', '，', '第', '179', '页', '。']",1945-1949：国共政争与中国命运.txt
Nh,BOOK,"(4, 5)","(2, 3)",李旭编,《政治协商会议决议之检讨》,"['叶青', '：', '《政治协商会议决议之检讨》', '，', '李旭编', '《政治协商会议之检讨》', '，', '第', '179', '页', '。']",1945-1949：国共政争与中国命运.txt
Nh,BOOK,"(4, 5)","(5, 6)",李旭编,《政治协商会议之检讨》,"['叶青', '：', '《政治协商会议决议之检讨》', '，', '李旭编', '《政治协商会议之检讨》', '，', '第', '179', '页', '。']",1945-1949：国共政争与中国命运.txt
BOOK,BOOK,"(2, 3)","(5, 6)",《政治协商会议决议之检讨》,《政治协商会议之检讨》,"['叶青', '：', '《政治协商会议决议之检讨》', '，', '李旭编', '《政治协商会议之检讨》', '，', '第', '179', '页', '。']",1945-1949：国共政争与中国命运.txt
Nh,BOOK,"(40, 41)","(36, 37)",唐纵,《王世杰日记》,"['公开', '的', '反对', '已经', '如此', '激烈', '，', '私下', '的', '反对', '则', '更', '无', '顾忌', '，', '在', '国民党', '高级官员', '的', '各种', '私下', '集会', '中', '，', '对', '政协', '的', '反对', '已', '蔚为', '潮流', '，', '这些', '反对', '意见', '可见', '《王世杰日记》', '、', '《徐永昌日记》', '和', '唐纵', 'BOOK1946', '年', '1', '月', '至', '3', '月间', '的', '有关', '叙述', '。']",1945-1949：国共政争与中国命运.txt
Nh,BOOK,"(40, 41)","(38, 39)",唐纵,《徐永昌日记》,"['公开', '的', '反对', '已经', '如此', '激烈', '，', '私下', '的', '反对', '则', '更', '无', '顾忌', '，', '在', '国民党', '高级官员', '的', '各种', '私下', '集会', '中', '，', '对', '政协', '的', '反对', '已', '蔚为', '潮流', '，', '这些', '反对', '意见', '可见', '《王世杰日记》', '、', '《徐永昌日记》', '和', '唐纵', 'BOOK1946', '年', '1', '月', '至', '3', '月间', '的', '有关', '叙述', '。']",1945-1949：国共政争与中国命运.txt
BOOK,BOOK,"(36, 37)","(38, 39)",《王世杰日记》,《徐永昌日记》,"['公开', '的', '反对', '已经', '如此', '激烈', '，', '私下', '的', '反对', '则', '更', '无', '顾忌', '，', '在', '国民党', '高级官员', '的', '各种', '私下', '集会', '中', '，', '对', '政协', '的', '反对', '已', '蔚为', '潮流', '，', '这些', '反对', '意见', '可见', '《王世杰日记》', '、', '《徐永昌日记》', '和', '唐纵', 'BOOK1946', '年', '1', '月', '至', '3', '月间', '的', '有关', '叙述', '。']",1945-1949：国共政争与中国命运.txt
Nh,BOOK,"(0, 1)","(2, 3)",秦孝仪,《总统蒋公大事长编初稿》,"['秦孝仪', '主编', '《总统蒋公大事长编初稿》', '卷', '6', '（', '上', '）', '，', '第', '13', '、', '348', '页', '。']",1945-1949：国共政争与中国命运.txt
Ns,BOOK,"(1, 2)","(4, 5)",河北省,《政治协商会议之经过及有关文件》,"['中国国民党', '河北省', '党部', '编印', '《政治协商会议之经过及有关文件》', '，', '1946', '，', '第', '49', '页', '。']",1945-1949：国共政争与中国命运.txt
Nh,BOOK,"(0, 1)","(2, 3)",秦孝仪,《总统蒋公大事长编初稿》,"['秦孝仪', '主编', '《总统蒋公大事长编初稿》', '卷', '6', '（', '上', '）', '，', '第', '41', '~', '43', '页', '。']",1945-1949：国共政争与中国命运.txt
Nh,Ns,"(20, 21)","(25, 26)",蒋之,寻源,"['蒋', '的', '这番', '谈话', '，', '明白', '无误', '地要', '否定', '政协', '决议', '，', '在座', '诸位', '国民党', '高级干部', '更', '不会', '不', '领会', '蒋之', '心思', '，', '故', '追根', '寻源', '，', '国民党', '内', '对', '政协', '决议', '之', '反对', '实', '源于', '蒋介石', '，', '由此', '也', '不难理解', '，', '为何', '政协', '以后', '国民党', '多数', '人视', '政协', '决议', '为', '无物', '，', '并', '对', '其', '大加', '攻击', '了', '。']",1945-1949：国共政争与中国命运.txt
Nh,Nh,"(4, 5)","(7, 8)",吴铁城,蒋介石,"['主持人', '、', '国民党中央', '秘书长', '吴铁城', '经', '请示', '蒋介石', '后', '答称', '，', '共产党', '问题', '，', '总裁', '说', '可以', '包括', '在', '政协会议', '报告', '内', '。']",1945-1949：国共政争与中国命运.txt
Nh,Nh,"(2, 3)","(5, 6)",蒋介石,李宗仁,"['次日', '，', '蒋介石', '又', '将', '李宗仁', '关于', '政协', '后应', '如何', '训练', '党政', '人员', '以为', '他', '日政争', '之', '资本', '的', '电报', '批', '给', '吴铁城', '，', '并称', '“', '今后', '究应', '采取', '何种', '方式', '与', '异党', '斗争', '，', '确为', '当前', '第一', '急务', '。']",1945-1949：国共政争与中国命运.txt
Nh,Ni,"(2, 3)","(7, 8)",刘季洪,西北大学,"['接着', '，', '刘季洪', '（', '中', '执委', '、', '西北大学', '校长', '、', 'CC', '系', '）', '等', '六人', '提议', '：', '“', '此次', '政治协商会议', '之', '主要', '目的', '，', '在', '求', '军队', '国家化', '，', '中共军队', '究竟', '能否', '遵照', '协议', '改编', '？']",1945-1949：国共政争与中国命运.txt
Nh,Nh,"(10, 11)","(17, 18)",贡华,苗培成,"['发言', '赞成', '张继', '意见', '的', '还有', '若干', '人', '，', '如罗', '贡华', '（', '候补', '中', '执委', '）', '、', '苗培成', '（', '中', '执委', '、', '两湖', '监察', '使', '、', 'CC', '系', '）', '、', '张强', '（', '中', '执委', '、', 'CC', '系', '）', '、', '黄宇人', '（', '中', '执委', '、', 'CC', '系', '）', '等', '。']",1945-1949：国共政争与中国命运.txt
Nh,Nh,"(40, 41)","(47, 48)",任卓宣,张道,"['全会', '发言者', '中', '主张', '有', '条件', '接受', '政协', '决议', '的', '意见', '最', '多', '，', '其中', '有谷', '正鼎', '（', '中', '执委', '、', '党政军', '联席会', '报', '秘书长', '、', 'CC', '系', '）', '、', '李中', '襄', '（', '中', '执委', '、', 'CC', '系', '）', '、', '任卓宣', '（', '候补', '中', '执委', '）', '、', '张道', '藩', '（', '中', '执委', '、', '文化', '运动', '委员会', '主任委员', '、', 'CC', '系', '）', '等', '。']",1945-1949：国共政争与中国命运.txt
Ns,Ns,"(35, 36)","(37, 38)",河北,察哈尔,"['参加', '政协', '国大', '小组', '的', '张厉生', '（', '中', '执委', '、', '内政部长', '、', 'CC', '系', '）', '解释', '说', '，', '共产党', '和', '民盟', '曾', '要求', '国大', '四分之一', '的', '代表', '名额', '，', '我们', '没有', '答应', '，', '同时', '对', '河北', '、', '察哈尔', '等', '省', '有', '谅解', '，', '即', '共产党', '有', '政权', '的', '地方', '，', '可以', '容纳', '若干', '代表', '名额', '。']",1945-1949：国共政争与中国命运.txt
Nh,Ns,"(9, 10)","(12, 13)",格桑泽仁,中,"['白', '云梯', '（', '中', '执委', '、', '蒙古族', '）', '、', '格桑泽仁', '（', '候补', '中', '监委', '、', '藏族', '）', '与', '傅启学', '（', '候补', '中', '执委', '、', '贵州', '教育厅长', '）', '在发言中', '认为', '：', '讲', '民主', '，', '就', '必须', '讲', '妥协', '。']",1945-1949：国共政争与中国命运.txt
Ns,Nh,"(12, 13)","(18, 19)",中,傅启学,"['白', '云梯', '（', '中', '执委', '、', '蒙古族', '）', '、', '格桑泽仁', '（', '候补', '中', '监委', '、', '藏族', '）', '与', '傅启学', '（', '候补', '中', '执委', '、', '贵州', '教育厅长', '）', '在发言中', '认为', '：', '讲', '民主', '，', '就', '必须', '讲', '妥协', '。']",1945-1949：国共政争与中国命运.txt
Nh,Ns,"(18, 19)","(21, 22)",傅启学,中,"['白', '云梯', '（', '中', '执委', '、', '蒙古族', '）', '、', '格桑泽仁', '（', '候补', '中', '监委', '、', '藏族', '）', '与', '傅启学', '（', '候补', '中', '执委', '、', '贵州', '教育厅长', '）', '在发言中', '认为', '：', '讲', '民主', '，', '就', '必须', '讲', '妥协', '。']",1945-1949：国共政争与中国命运.txt
Nh,Ns,"(18, 19)","(24, 25)",傅启学,贵州,"['白', '云梯', '（', '中', '执委', '、', '蒙古族', '）', '、', '格桑泽仁', '（', '候补', '中', '监委', '、', '藏族', '）', '与', '傅启学', '（', '候补', '中', '执委', '、', '贵州', '教育厅长', '）', '在发言中', '认为', '：', '讲', '民主', '，', '就', '必须', '讲', '妥协', '。']",1945-1949：国共政争与中国命运.txt
Ns,Ns,"(21, 22)","(24, 25)",中,贵州,"['白', '云梯', '（', '中', '执委', '、', '蒙古族', '）', '、', '格桑泽仁', '（', '候补', '中', '监委', '、', '藏族', '）', '与', '傅启学', '（', '候补', '中', '执委', '、', '贵州', '教育厅长', '）', '在发言中', '认为', '：', '讲', '民主', '，', '就', '必须', '讲', '妥协', '。']",1945-1949：国共政争与中国命运.txt
Ns,Nh,"(21, 22)","(27, 28)",中,在发言中,"['白', '云梯', '（', '中', '执委', '、', '蒙古族', '）', '、', '格桑泽仁', '（', '候补', '中', '监委', '、', '藏族', '）', '与', '傅启学', '（', '候补', '中', '执委', '、', '贵州', '教育厅长', '）', '在发言中', '认为', '：', '讲', '民主', '，', '就', '必须', '讲', '妥协', '。']",1945-1949：国共政争与中国命运.txt
Ns,Nh,"(24, 25)","(27, 28)",贵州,在发言中,"['白', '云梯', '（', '中', '执委', '、', '蒙古族', '）', '、', '格桑泽仁', '（', '候补', '中', '监委', '、', '藏族', '）', '与', '傅启学', '（', '候补', '中', '执委', '、', '贵州', '教育厅长', '）', '在发言中', '认为', '：', '讲', '民主', '，', '就', '必须', '讲', '妥协', '。']",1945-1949：国共政争与中国命运.txt
Nh,Nh,"(44, 45)","(46, 47)",王世杰,张群,"['由于', '在', '7', '日', '的', '会议', '上', '，', '反对', '政协', '及其', '决议', '，', '指责', '中共', '，', '批评', '国民党', '让步', '过多', '的', '言论', '几成', '一边倒', '，', '面对', '这种', '情况', '，', '即使', '是', '主张', '对', '共', '妥协', '、', '实行', '政协', '决议', '的', '人士', '，', '如孙科', '、', '王世杰', '、', '张群', '、', '张治中', '等', '，', '在', '反对派', '的', '声势', '和', '强大', '压力', '下', '，', '均', '噤口', '不', '言', '，', '以免', '成为', '被', '攻击', '的', '对象', '。']",1945-1949：国共政争与中国命运.txt
Nh,Nh,"(44, 45)","(48, 49)",王世杰,张治中,"['由于', '在', '7', '日', '的', '会议', '上', '，', '反对', '政协', '及其', '决议', '，', '指责', '中共', '，', '批评', '国民党', '让步', '过多', '的', '言论', '几成', '一边倒', '，', '面对', '这种', '情况', '，', '即使', '是', '主张', '对', '共', '妥协', '、', '实行', '政协', '决议', '的', '人士', '，', '如孙科', '、', '王世杰', '、', '张群', '、', '张治中', '等', '，', '在', '反对派', '的', '声势', '和', '强大', '压力', '下', '，', '均', '噤口', '不', '言', '，', '以免', '成为', '被', '攻击', '的', '对象', '。']",1945-1949：国共政争与中国命运.txt
Nh,Nh,"(46, 47)","(48, 49)",张群,张治中,"['由于', '在', '7', '日', '的', '会议', '上', '，', '反对', '政协', '及其', '决议', '，', '指责', '中共', '，', '批评', '国民党', '让步', '过多', '的', '言论', '几成', '一边倒', '，', '面对', '这种', '情况', '，', '即使', '是', '主张', '对', '共', '妥协', '、', '实行', '政协', '决议', '的', '人士', '，', '如孙科', '、', '王世杰', '、', '张群', '、', '张治中', '等', '，', '在', '反对派', '的', '声势', '和', '强大', '压力', '下', '，', '均', '噤口', '不', '言', '，', '以免', '成为', '被', '攻击', '的', '对象', '。']",1945-1949：国共政争与中国命运.txt
Nh,Nh,"(2, 3)","(4, 5)",苗培成,任卓宣,"['黄宇人', '、', '苗培成', '、', '任卓宣', '在', '当天', '会上', '发言', '称', '：', '自今', '以后', '，', '如果', '党要', '免予', '灭亡', '，', '尤其', '要', '铲除', '党内', '党外', '挟', '各党派', '以', '自重', '的', '卖', '党', '卖国', '作风', '；']",1945-1949：国共政争与中国命运.txt
Nh,BOOK,"(0, 1)","(2, 3)",唐纵,《在蒋介石身边八年》,"['唐纵', '：', '《在蒋介石身边八年》', '，', '第', '597', '页', '。']",1945-1949：国共政争与中国命运.txt
Nh,Ns,"(9, 10)","(14, 15)",黄,云南省,"['在', '8', '日', '的', '会议', '上', '，', '只有', '邓飞', '黄', '（', '中', '执委', '、', '云南省', '党部', '主任委员', '）', '的', '发言', '未多', '批评', '政协', '和', '中共', '，', '而', '着重', '检讨', '了', '国民党', '自身', '的', '问题', '。']",1945-1949：国共政争与中国命运.txt
Ns,Ns,"(29, 30)","(33, 34)",中,中,"['综合', '两天', '的', '会议', '，', '共有', '26', '位', '代表', '发言', '（', '不计', '报告', '人', '与', '质询', '人', '）', '，', '其中', '中', '执委', '和', '候补', '中', '执委', '20', '位', '，', '中', '监委', '和', '候补', '中', '监委', '6', '位', '；']",1945-1949：国共政争与中国命运.txt
Nh,Nh,"(28, 29)","(30, 31)",陈果夫,陈立夫,"['各人', '所属', '派系', '往往', '并', '无', '严格', '界定', '，', '而且', '时时', '处于', '变动', '中', '，', '如', '张厉生', '，', '此处', '虽', '被', '归入', 'CC', '系', '，', '但', '实际', '与', '陈果夫', '、', '陈立夫', '隔阂', '已成', '。']",1945-1949：国共政争与中国命运.txt
Nh,Nh,"(29, 30)","(31, 33)",张继,戴季陶虽贵,"['值得注意', '的', '是', '，', '在', '反对', '和', '主张', '有', '条件', '接受', '政协', '决议', '的', '发言者', '中', '，', '担任', '部长', '以上', '职务', '的', '不过', '4', '人', '，', '这四人', '中', '的', '张继', '和', '戴季陶', '虽贵', '为', '国民政府', '委员', '，', '但', '实际', '并', '不', '处于', '决策', '中心', '，', '称其', '位居', '闲', '曹', '，', '似', '亦无不可', '。']",1945-1949：国共政争与中国命运.txt
Nh,Ns,"(0, 2)","(4, 5)",黄建中,中,"['黄', '建中', '（', '候补', '中', '监委', '）', '、', '罗', '霞天', '（', '中', '执委', '、', 'CC', '系', '）', '的', '提案', '与', '李案', '基本一致', '。']",1945-1949：国共政争与中国命运.txt
Nh,Nh,"(0, 2)","(8, 9)",黄建中,罗,"['黄', '建中', '（', '候补', '中', '监委', '）', '、', '罗', '霞天', '（', '中', '执委', '、', 'CC', '系', '）', '的', '提案', '与', '李案', '基本一致', '。']",1945-1949：国共政争与中国命运.txt
Ns,Nh,"(4, 5)","(8, 9)",中,罗,"['黄', '建中', '（', '候补', '中', '监委', '）', '、', '罗', '霞天', '（', '中', '执委', '、', 'CC', '系', '）', '的', '提案', '与', '李案', '基本一致', '。']",1945-1949：国共政争与中国命运.txt
Ns,Nh,"(36, 37)","(42, 43)",美国,蒋反,"['另一方面', '，', '如果', '此种', '反对', '超过', '一定', '限度', '，', '尤其', '是', '如果', '公开', '全面', '否认', '政协', '决议', '，', '则', '势必', '影响', '国民党', '的', '公众形象', '，', '招致', '国民党', '企图', '拉拢', '的', '若干', '小', '党派', '和', '社会贤达', '以及', '美国', '人', '的', '不满', '，', '于', '蒋反', '不利', '，', '同时', '立即', '与', '中共', '决裂', '，', '也', '是', '国民党', '尚未', '完全', '做好', '准备', '的', '。']",1945-1949：国共政争与中国命运.txt
Nh,Nh,"(10, 11)","(12, 13)",蒋介石,孙中山,"['对于', '会上', '表现', '的', '强烈', '反共', '情绪', '，', '12', '日', '蒋介石', '在', '孙中山', '逝世', '纪念', '演说', '中', '表示', '，', '“', '我们', '的', '一切', '行动', '和', '措施', '，', '必须', '忍耐', '，', '决不可', '只顾', '一人', '一党', '的', '权利', '和', '地位', '，', '漠视', '全国', '人民', '的', '需要', '，', '故步自封', '”', '；']",1945-1949：国共政争与中国命运.txt
Nh,BOOK,"(0, 1)","(2, 3)",秦孝仪,《先总统蒋公思想言论总集》,"['秦孝仪', '主编', '《先总统蒋公思想言论总集》', '卷', '21', '，', '第', '261', '~', '277', '页', '。']",1945-1949：国共政争与中国命运.txt
Nh,Nh,"(6, 7)","(11, 12)",蒋介石,蒋,"['但', '张道', '藩', '同时', '传达', '了', '蒋介石', '的', '意思', '，', '俟', '蒋', '本人', '有空', '出席会议', '时', '再', '讨论', '此', '问题', '，', '实际', '是', '将', '此事', '束之高阁', '，', '避免', '在', '讨论', '中', '再起', '争论', '。']",1945-1949：国共政争与中国命运.txt
Nh,Ns,"(23, 24)","(26, 27)",李文斋,中,"['段锡朋', '（', '中', '执委', '、', 'CC', '系', '）', '提出', '，', '应', '在', '决议', '里', '加入', '中共', '破坏', '的', '有关', '事实', '，', '并', '得到', '李文斋', '（', '候补', '中', '执委', '、', 'CC', '系', '）', '、', '萧铮', '的', '呼应', '。']",1945-1949：国共政争与中国命运.txt
Ns,Nh,"(26, 27)","(33, 34)",中,萧铮,"['段锡朋', '（', '中', '执委', '、', 'CC', '系', '）', '提出', '，', '应', '在', '决议', '里', '加入', '中共', '破坏', '的', '有关', '事实', '，', '并', '得到', '李文斋', '（', '候补', '中', '执委', '、', 'CC', '系', '）', '、', '萧铮', '的', '呼应', '。']",1945-1949：国共政争与中国命运.txt
Nh,BOOK,"(4, 5)","(1, 2)",蒋档,《政治协商会议综合小组协议》,"['见', '《政治协商会议综合小组协议》', '，', '《', '蒋档', '：', '特交', '档案', '·', '分类', '资料', '·', '（', '防共', '）', '国共', '协商', '卷', '》', '，', '012', '卷', '1', '号', '。']",1945-1949：国共政争与中国命运.txt
Ns,BOOK,"(2, 3)","(0, 1)",天津,《诉诸国民党的智慧》,"['《诉诸国民党的智慧》', '，', '天津', 'BOOK1946', '年', '3', '月', '4', '日', '；']",1945-1949：国共政争与中国命运.txt
Ns,BOOK,"(2, 3)","(0, 1)",重庆,《所望于二中全会者》,"['《所望于二中全会者》', '，', '重庆', 'BOOK1946', '年', '3', '月', '2', '日', '；']",1945-1949：国共政争与中国命运.txt
Nh,Nh,"(8, 9)","(12, 13)",中山,中山,"['以四权', '属于', '千', '五百', '人', '，', '名为', '尊崇', '中山', '先生', '，', '实假', '中山', '先生', '之名', '，', '以行', '专制', '之实', '；']",1945-1949：国共政争与中国命运.txt
Nh,Nh,"(5, 6)","(12, 13)",中山,于国,"['目下', '既', '已', '还政于民', '，', '中山', '先生', '之', '遗教', '宜', '善为', '规定', '于国', '宪中', '，', '方不至', '令人', '借', '中山', '先生', '之', '名义', '，', '以', '掩', '其', '施行', '专政', '之', '伎俩', '。']",1945-1949：国共政争与中国命运.txt
Nh,Nh,"(12, 13)","(18, 19)",于国,中山,"['目下', '既', '已', '还政于民', '，', '中山', '先生', '之', '遗教', '宜', '善为', '规定', '于国', '宪中', '，', '方不至', '令人', '借', '中山', '先生', '之', '名义', '，', '以', '掩', '其', '施行', '专政', '之', '伎俩', '。']",1945-1949：国共政争与中国命运.txt
Nh,Nh,"(7, 8)","(9, 10)",陈布雷,张治中,"['见', '《', '关于', '政治协商会议', '改组', '政府', '案', '陈布雷', '、', '张治中', '呈', '蒋介石', '》', '，', '1946', '年', '3', '月', '10', '日', '，', '《', '蒋档', '：', '特交', '档案', '·', '分类', '资料', '·', '（', '防共', '）', '国共', '协商', '卷', '》', '：', '012', '卷', '4', '号', '。']",1945-1949：国共政争与中国命运.txt
Nh,Nh,"(7, 8)","(11, 12)",陈布雷,蒋介石,"['见', '《', '关于', '政治协商会议', '改组', '政府', '案', '陈布雷', '、', '张治中', '呈', '蒋介石', '》', '，', '1946', '年', '3', '月', '10', '日', '，', '《', '蒋档', '：', '特交', '档案', '·', '分类', '资料', '·', '（', '防共', '）', '国共', '协商', '卷', '》', '：', '012', '卷', '4', '号', '。']",1945-1949：国共政争与中国命运.txt
Nh,Nh,"(9, 10)","(11, 12)",张治中,蒋介石,"['见', '《', '关于', '政治协商会议', '改组', '政府', '案', '陈布雷', '、', '张治中', '呈', '蒋介石', '》', '，', '1946', '年', '3', '月', '10', '日', '，', '《', '蒋档', '：', '特交', '档案', '·', '分类', '资料', '·', '（', '防共', '）', '国共', '协商', '卷', '》', '：', '012', '卷', '4', '号', '。']",1945-1949：国共政争与中国命运.txt
Nh,Nh,"(13, 14)","(15, 16)",毛泽东,林伯渠,"['实际上', '，', '中共', '提出', '准备', '参加', '改组', '后', '的', '国民政府', '委员', '名单', '为', '毛泽东', '、', '林伯渠', '、', '董必武', '、', '吴玉章', '、', '周恩来', '、', '刘少奇', '、', '范明枢', '（', '如范', '不能', '去', '则', '提', '彭真', '）', '、', '张闻天', '八人', '。']",1945-1949：国共政争与中国命运.txt
Nh,Nh,"(13, 14)","(17, 18)",毛泽东,董必武,"['实际上', '，', '中共', '提出', '准备', '参加', '改组', '后', '的', '国民政府', '委员', '名单', '为', '毛泽东', '、', '林伯渠', '、', '董必武', '、', '吴玉章', '、', '周恩来', '、', '刘少奇', '、', '范明枢', '（', '如范', '不能', '去', '则', '提', '彭真', '）', '、', '张闻天', '八人', '。']",1945-1949：国共政争与中国命运.txt
Nh,Nh,"(13, 14)","(19, 20)",毛泽东,吴玉章,"['实际上', '，', '中共', '提出', '准备', '参加', '改组', '后', '的', '国民政府', '委员', '名单', '为', '毛泽东', '、', '林伯渠', '、', '董必武', '、', '吴玉章', '、', '周恩来', '、', '刘少奇', '、', '范明枢', '（', '如范', '不能', '去', '则', '提', '彭真', '）', '、', '张闻天', '八人', '。']",1945-1949：国共政争与中国命运.txt
Nh,Nh,"(15, 16)","(17, 18)",林伯渠,董必武,"['实际上', '，', '中共', '提出', '准备', '参加', '改组', '后', '的', '国民政府', '委员', '名单', '为', '毛泽东', '、', '林伯渠', '、', '董必武', '、', '吴玉章', '、', '周恩来', '、', '刘少奇', '、', '范明枢', '（', '如范', '不能', '去', '则', '提', '彭真', '）', '、', '张闻天', '八人', '。']",1945-1949：国共政争与中国命运.txt
Nh,Nh,"(15, 16)","(19, 20)",林伯渠,吴玉章,"['实际上', '，', '中共', '提出', '准备', '参加', '改组', '后', '的', '国民政府', '委员', '名单', '为', '毛泽东', '、', '林伯渠', '、', '董必武', '、', '吴玉章', '、', '周恩来', '、', '刘少奇', '、', '范明枢', '（', '如范', '不能', '去', '则', '提', '彭真', '）', '、', '张闻天', '八人', '。']",1945-1949：国共政争与中国命运.txt
Nh,Nh,"(15, 16)","(21, 22)",林伯渠,周恩来,"['实际上', '，', '中共', '提出', '准备', '参加', '改组', '后', '的', '国民政府', '委员', '名单', '为', '毛泽东', '、', '林伯渠', '、', '董必武', '、', '吴玉章', '、', '周恩来', '、', '刘少奇', '、', '范明枢', '（', '如范', '不能', '去', '则', '提', '彭真', '）', '、', '张闻天', '八人', '。']",1945-1949：国共政争与中国命运.txt
Nh,Nh,"(17, 18)","(19, 20)",董必武,吴玉章,"['实际上', '，', '中共', '提出', '准备', '参加', '改组', '后', '的', '国民政府', '委员', '名单', '为', '毛泽东', '、', '林伯渠', '、', '董必武', '、', '吴玉章', '、', '周恩来', '、', '刘少奇', '、', '范明枢', '（', '如范', '不能', '去', '则', '提', '彭真', '）', '、', '张闻天', '八人', '。']",1945-1949：国共政争与中国命运.txt
Nh,Nh,"(17, 18)","(21, 22)",董必武,周恩来,"['实际上', '，', '中共', '提出', '准备', '参加', '改组', '后', '的', '国民政府', '委员', '名单', '为', '毛泽东', '、', '林伯渠', '、', '董必武', '、', '吴玉章', '、', '周恩来', '、', '刘少奇', '、', '范明枢', '（', '如范', '不能', '去', '则', '提', '彭真', '）', '、', '张闻天', '八人', '。']",1945-1949：国共政争与中国命运.txt
Nh,Nh,"(17, 18)","(23, 24)",董必武,刘少奇,"['实际上', '，', '中共', '提出', '准备', '参加', '改组', '后', '的', '国民政府', '委员', '名单', '为', '毛泽东', '、', '林伯渠', '、', '董必武', '、', '吴玉章', '、', '周恩来', '、', '刘少奇', '、', '范明枢', '（', '如范', '不能', '去', '则', '提', '彭真', '）', '、', '张闻天', '八人', '。']",1945-1949：国共政争与中国命运.txt
Nh,Nh,"(19, 20)","(21, 22)",吴玉章,周恩来,"['实际上', '，', '中共', '提出', '准备', '参加', '改组', '后', '的', '国民政府', '委员', '名单', '为', '毛泽东', '、', '林伯渠', '、', '董必武', '、', '吴玉章', '、', '周恩来', '、', '刘少奇', '、', '范明枢', '（', '如范', '不能', '去', '则', '提', '彭真', '）', '、', '张闻天', '八人', '。']",1945-1949：国共政争与中国命运.txt
Nh,Nh,"(19, 20)","(23, 24)",吴玉章,刘少奇,"['实际上', '，', '中共', '提出', '准备', '参加', '改组', '后', '的', '国民政府', '委员', '名单', '为', '毛泽东', '、', '林伯渠', '、', '董必武', '、', '吴玉章', '、', '周恩来', '、', '刘少奇', '、', '范明枢', '（', '如范', '不能', '去', '则', '提', '彭真', '）', '、', '张闻天', '八人', '。']",1945-1949：国共政争与中国命运.txt
Nh,Nh,"(19, 20)","(25, 26)",吴玉章,范明枢,"['实际上', '，', '中共', '提出', '准备', '参加', '改组', '后', '的', '国民政府', '委员', '名单', '为', '毛泽东', '、', '林伯渠', '、', '董必武', '、', '吴玉章', '、', '周恩来', '、', '刘少奇', '、', '范明枢', '（', '如范', '不能', '去', '则', '提', '彭真', '）', '、', '张闻天', '八人', '。']",1945-1949：国共政争与中国命运.txt
Nh,Nh,"(21, 22)","(23, 24)",周恩来,刘少奇,"['实际上', '，', '中共', '提出', '准备', '参加', '改组', '后', '的', '国民政府', '委员', '名单', '为', '毛泽东', '、', '林伯渠', '、', '董必武', '、', '吴玉章', '、', '周恩来', '、', '刘少奇', '、', '范明枢', '（', '如范', '不能', '去', '则', '提', '彭真', '）', '、', '张闻天', '八人', '。']",1945-1949：国共政争与中国命运.txt
Nh,Nh,"(21, 22)","(25, 26)",周恩来,范明枢,"['实际上', '，', '中共', '提出', '准备', '参加', '改组', '后', '的', '国民政府', '委员', '名单', '为', '毛泽东', '、', '林伯渠', '、', '董必武', '、', '吴玉章', '、', '周恩来', '、', '刘少奇', '、', '范明枢', '（', '如范', '不能', '去', '则', '提', '彭真', '）', '、', '张闻天', '八人', '。']",1945-1949：国共政争与中国命运.txt
Nh,Nh,"(23, 24)","(25, 26)",刘少奇,范明枢,"['实际上', '，', '中共', '提出', '准备', '参加', '改组', '后', '的', '国民政府', '委员', '名单', '为', '毛泽东', '、', '林伯渠', '、', '董必武', '、', '吴玉章', '、', '周恩来', '、', '刘少奇', '、', '范明枢', '（', '如范', '不能', '去', '则', '提', '彭真', '）', '、', '张闻天', '八人', '。']",1945-1949：国共政争与中国命运.txt
Nh,Nh,"(25, 26)","(32, 33)",范明枢,彭真,"['实际上', '，', '中共', '提出', '准备', '参加', '改组', '后', '的', '国民政府', '委员', '名单', '为', '毛泽东', '、', '林伯渠', '、', '董必武', '、', '吴玉章', '、', '周恩来', '、', '刘少奇', '、', '范明枢', '（', '如范', '不能', '去', '则', '提', '彭真', '）', '、', '张闻天', '八人', '。']",1945-1949：国共政争与中国命运.txt
Nh,Nh,"(32, 33)","(35, 36)",彭真,张闻天,"['实际上', '，', '中共', '提出', '准备', '参加', '改组', '后', '的', '国民政府', '委员', '名单', '为', '毛泽东', '、', '林伯渠', '、', '董必武', '、', '吴玉章', '、', '周恩来', '、', '刘少奇', '、', '范明枢', '（', '如范', '不能', '去', '则', '提', '彭真', '）', '、', '张闻天', '八人', '。']",1945-1949：国共政争与中国命运.txt
Ni,Nh,"(1, 2)","(5, 6)",中共中央,毛,"['当时', '中共中央', '的', '主要', '领导人', '毛', '、', '刘', '、', '周三', '人', '全部', '包括', '在', '这个', '名单', '中', '，', '由此可见', '中共', '当时', '对', '参加', '政府', '还是', '非常', '积极', '的', '。']",1945-1949：国共政争与中国命运.txt
Ni,Nh,"(1, 2)","(7, 8)",中共中央,刘,"['当时', '中共中央', '的', '主要', '领导人', '毛', '、', '刘', '、', '周三', '人', '全部', '包括', '在', '这个', '名单', '中', '，', '由此可见', '中共', '当时', '对', '参加', '政府', '还是', '非常', '积极', '的', '。']",1945-1949：国共政争与中国命运.txt
Nh,Nh,"(5, 6)","(7, 8)",毛,刘,"['当时', '中共中央', '的', '主要', '领导人', '毛', '、', '刘', '、', '周三', '人', '全部', '包括', '在', '这个', '名单', '中', '，', '由此可见', '中共', '当时', '对', '参加', '政府', '还是', '非常', '积极', '的', '。']",1945-1949：国共政争与中国命运.txt
Nh,Ni,"(1, 2)","(5, 8)",梁漱溟,中国文史出版社,"['（', '梁漱溟', '：', '《忆往谈旧录》', '，', '中国', '文史', '出版社', '，', '1987', '，', '第', '244', '页', '）', '甚而', '接近', '国民党', '的', '青年党', '领袖', '曾琦', '也', '曾', '表示', '，', '他们', '一贯主张', '中央政府', '采用', '责任', '内阁制', '，', '但', '既然', '是', '大多数', '协议', '，', '青年党', '为求', '和谐', '起', '见', '，', '愿意', '放弃', '其', '主张', '，', '同意', '大家', '意见', '。']",1945-1949：国共政争与中国命运.txt
Nh,BOOK,"(1, 2)","(3, 4)",梁漱溟,《忆往谈旧录》,"['（', '梁漱溟', '：', '《忆往谈旧录》', '，', '中国', '文史', '出版社', '，', '1987', '，', '第', '244', '页', '）', '甚而', '接近', '国民党', '的', '青年党', '领袖', '曾琦', '也', '曾', '表示', '，', '他们', '一贯主张', '中央政府', '采用', '责任', '内阁制', '，', '但', '既然', '是', '大多数', '协议', '，', '青年党', '为求', '和谐', '起', '见', '，', '愿意', '放弃', '其', '主张', '，', '同意', '大家', '意见', '。']",1945-1949：国共政争与中国命运.txt
Ni,BOOK,"(5, 8)","(3, 4)",中国文史出版社,《忆往谈旧录》,"['（', '梁漱溟', '：', '《忆往谈旧录》', '，', '中国', '文史', '出版社', '，', '1987', '，', '第', '244', '页', '）', '甚而', '接近', '国民党', '的', '青年党', '领袖', '曾琦', '也', '曾', '表示', '，', '他们', '一贯主张', '中央政府', '采用', '责任', '内阁制', '，', '但', '既然', '是', '大多数', '协议', '，', '青年党', '为求', '和谐', '起', '见', '，', '愿意', '放弃', '其', '主张', '，', '同意', '大家', '意见', '。']",1945-1949：国共政争与中国命运.txt
Ni,BOOK,"(17, 18)","(10, 11)",中央社,《中央日报》,"['见', '重庆', 'BOOK1946', '年', '3', '月', '16', '日', '，', '当天', '《中央日报》', '的', '报道', '用', '的', '也', '是', '中央社', '稿', '。']",1945-1949：国共政争与中国命运.txt
Nh,Nh,"(5, 6)","(10, 11)",周恩来,董必武,"['3', '月', '22', '日', '，', '周恩来', '回延安', '请示', '后', '电告', '董必武', '等', '：', '“', '政协', '谈判', '应以', '宪草', '为', '中心', '，', '如能', '争得', '一个', '民主', '宪草', '而', '又', '能', '保证', '在', '国大', '通过', '，', '则', '可', '参加', '政府', '、', '国大', '，', '因此', '，', '在', '目前', '谈组府', '及', '国大', '时', '，', '必须', '与', '宪草', '扣住', '”', '；']",1945-1949：国共政争与中国命运.txt
Nh,Nh,"(6, 7)","(8, 9)",郭永学,吴祖鲲,"['有关', '研究', '状况', '，', '可', '参阅', '郭永学', '、', '吴祖鲲', '《', '海内外', '学者', '关于', '大陆', '国民党', '政权', '崩溃', '原因', '的', '研究', '综述', '》', '，', 'BOOK1992', '年', '第', '5', '期', '；']",1945-1949：国共政争与中国命运.txt
Nh,BOOK,"(0, 1)","(1, 2)",文松,《十余年来南京国民党政权失败原因研究综述》,"['文松', '《十余年来南京国民党政权失败原因研究综述》', '，', 'BOOK2001', '年', '第', '9', '期', '。']",1945-1949：国共政争与中国命运.txt
Ns,Nh,"(5, 6)","(8, 9)",青岛,江防,"['海军', '编组', '为', '海防', '（', '青岛', '）', '、', '江防', '（', '江阴', '）', '、', '运输', '（', '上海', '）', '舰队', '及', '8', '个', '炮艇', '队', '，', '有', '舰艇', '129', '艘', '；']",1945-1949：国共政争与中国命运.txt
Ns,Ns,"(5, 6)","(10, 11)",青岛,江阴,"['海军', '编组', '为', '海防', '（', '青岛', '）', '、', '江防', '（', '江阴', '）', '、', '运输', '（', '上海', '）', '舰队', '及', '8', '个', '炮艇', '队', '，', '有', '舰艇', '129', '艘', '；']",1945-1949：国共政争与中国命运.txt
Nh,Ns,"(8, 9)","(10, 11)",江防,江阴,"['海军', '编组', '为', '海防', '（', '青岛', '）', '、', '江防', '（', '江阴', '）', '、', '运输', '（', '上海', '）', '舰队', '及', '8', '个', '炮艇', '队', '，', '有', '舰艇', '129', '艘', '；']",1945-1949：国共政争与中国命运.txt
Nh,Ns,"(8, 9)","(15, 16)",江防,上海,"['海军', '编组', '为', '海防', '（', '青岛', '）', '、', '江防', '（', '江阴', '）', '、', '运输', '（', '上海', '）', '舰队', '及', '8', '个', '炮艇', '队', '，', '有', '舰艇', '129', '艘', '；']",1945-1949：国共政争与中国命运.txt
Ns,Ns,"(10, 11)","(15, 16)",江阴,上海,"['海军', '编组', '为', '海防', '（', '青岛', '）', '、', '江防', '（', '江阴', '）', '、', '运输', '（', '上海', '）', '舰队', '及', '8', '个', '炮艇', '队', '，', '有', '舰艇', '129', '艘', '；']",1945-1949：国共政争与中国命运.txt
Ns,Ns,"(3, 4)","(5, 6)",沈阳,北平,"['空军', '编组', '为', '沈阳', '、', '北平', '、', '西安', '、', '汉口', '、', '重庆', '军区', '，', '有', '飞机', '443', '架', '。']",1945-1949：国共政争与中国命运.txt
Ns,Ns,"(3, 4)","(7, 8)",沈阳,西安,"['空军', '编组', '为', '沈阳', '、', '北平', '、', '西安', '、', '汉口', '、', '重庆', '军区', '，', '有', '飞机', '443', '架', '。']",1945-1949：国共政争与中国命运.txt
Ns,Ns,"(3, 4)","(9, 10)",沈阳,汉口,"['空军', '编组', '为', '沈阳', '、', '北平', '、', '西安', '、', '汉口', '、', '重庆', '军区', '，', '有', '飞机', '443', '架', '。']",1945-1949：国共政争与中国命运.txt
Ns,Ns,"(5, 6)","(7, 8)",北平,西安,"['空军', '编组', '为', '沈阳', '、', '北平', '、', '西安', '、', '汉口', '、', '重庆', '军区', '，', '有', '飞机', '443', '架', '。']",1945-1949：国共政争与中国命运.txt
Ns,Ns,"(5, 6)","(9, 10)",北平,汉口,"['空军', '编组', '为', '沈阳', '、', '北平', '、', '西安', '、', '汉口', '、', '重庆', '军区', '，', '有', '飞机', '443', '架', '。']",1945-1949：国共政争与中国命运.txt
Ns,Ni,"(5, 6)","(11, 13)",北平,重庆军区,"['空军', '编组', '为', '沈阳', '、', '北平', '、', '西安', '、', '汉口', '、', '重庆', '军区', '，', '有', '飞机', '443', '架', '。']",1945-1949：国共政争与中国命运.txt
Ns,Ns,"(7, 8)","(9, 10)",西安,汉口,"['空军', '编组', '为', '沈阳', '、', '北平', '、', '西安', '、', '汉口', '、', '重庆', '军区', '，', '有', '飞机', '443', '架', '。']",1945-1949：国共政争与中国命运.txt
Ns,Ni,"(7, 8)","(11, 13)",西安,重庆军区,"['空军', '编组', '为', '沈阳', '、', '北平', '、', '西安', '、', '汉口', '、', '重庆', '军区', '，', '有', '飞机', '443', '架', '。']",1945-1949：国共政争与中国命运.txt
Ns,Ni,"(9, 10)","(11, 13)",汉口,重庆军区,"['空军', '编组', '为', '沈阳', '、', '北平', '、', '西安', '、', '汉口', '、', '重庆', '军区', '，', '有', '飞机', '443', '架', '。']",1945-1949：国共政争与中国命运.txt
Ns,Nh,"(3, 4)","(7, 8)",北平,李宗仁,"['（', '2', '）', '北平', '行辕', '（', '主任', '李宗仁', '）', '，', '下辖', '第十一', '战区', '（', '北平', '）', '4', '个军', '、', '4', '个', '整编师', '，', '第十二', '战区', '（', '归绥', '）', '3', '个军', '、', '1', '个', '整编师', '、', '1', '个', '骑兵军', '、', '2', '个', '骑兵师', '；']",1945-1949：国共政争与中国命运.txt
Nh,Ns,"(7, 8)","(14, 15)",李宗仁,北平,"['（', '2', '）', '北平', '行辕', '（', '主任', '李宗仁', '）', '，', '下辖', '第十一', '战区', '（', '北平', '）', '4', '个军', '、', '4', '个', '整编师', '，', '第十二', '战区', '（', '归绥', '）', '3', '个军', '、', '1', '个', '整编师', '、', '1', '个', '骑兵军', '、', '2', '个', '骑兵师', '；']",1945-1949：国共政争与中国命运.txt
Ns,Nh,"(6, 7)","(9, 10)",太原,阎锡山,"['（', '3', '）', '第二', '战区', '（', '太原', '，', '司令', '阎锡山', '）', '，', '5', '个军', '；']",1945-1949：国共政争与中国命运.txt
Ns,Nh,"(3, 4)","(7, 8)",徐州,薛岳,"['（', '4', '）', '徐州', '绥署', '（', '主任', '薛岳', '）', '，', '下辖', '第一', '（', '南通', '）', '、', '第二', '（', '济南', '）', '、', '第三', '（', '徐州', '）', '、', '第八', '（', '蚌埠', '）', '绥靖区', '，', '5', '个军', '、', '9', '个', '整编师', '；']",1945-1949：国共政争与中国命运.txt
Nh,Ns,"(7, 8)","(13, 14)",薛岳,南通,"['（', '4', '）', '徐州', '绥署', '（', '主任', '薛岳', '）', '，', '下辖', '第一', '（', '南通', '）', '、', '第二', '（', '济南', '）', '、', '第三', '（', '徐州', '）', '、', '第八', '（', '蚌埠', '）', '绥靖区', '，', '5', '个军', '、', '9', '个', '整编师', '；']",1945-1949：国共政争与中国命运.txt
Ns,Ns,"(13, 14)","(18, 19)",南通,济南,"['（', '4', '）', '徐州', '绥署', '（', '主任', '薛岳', '）', '，', '下辖', '第一', '（', '南通', '）', '、', '第二', '（', '济南', '）', '、', '第三', '（', '徐州', '）', '、', '第八', '（', '蚌埠', '）', '绥靖区', '，', '5', '个军', '、', '9', '个', '整编师', '；']",1945-1949：国共政争与中国命运.txt
Ns,Ns,"(28, 29)","(30, 31)",蚌埠,绥靖区,"['（', '4', '）', '徐州', '绥署', '（', '主任', '薛岳', '）', '，', '下辖', '第一', '（', '南通', '）', '、', '第二', '（', '济南', '）', '、', '第三', '（', '徐州', '）', '、', '第八', '（', '蚌埠', '）', '绥靖区', '，', '5', '个军', '、', '9', '个', '整编师', '；']",1945-1949：国共政争与中国命运.txt
Ns,Nh,"(3, 4)","(7, 8)",郑州,刘峙,"['（', '5', '）', '郑州', '绥署', '（', '主任', '刘峙', '）', '，', '下辖', '第一', '战区', '（', '西安', '）', '8', '个', '整编师', '，', '第四', '（', '许昌', '）', '、', '第五', '（', '开封', '）', '绥靖区', '6', '个', '整编师', '；']",1945-1949：国共政争与中国命运.txt
Nh,Ns,"(7, 8)","(14, 15)",刘峙,西安,"['（', '5', '）', '郑州', '绥署', '（', '主任', '刘峙', '）', '，', '下辖', '第一', '战区', '（', '西安', '）', '8', '个', '整编师', '，', '第四', '（', '许昌', '）', '、', '第五', '（', '开封', '）', '绥靖区', '6', '个', '整编师', '；']",1945-1949：国共政争与中国命运.txt
Ns,Ns,"(27, 28)","(29, 30)",开封,绥靖区,"['（', '5', '）', '郑州', '绥署', '（', '主任', '刘峙', '）', '，', '下辖', '第一', '战区', '（', '西安', '）', '8', '个', '整编师', '，', '第四', '（', '许昌', '）', '、', '第五', '（', '开封', '）', '绥靖区', '6', '个', '整编师', '；']",1945-1949：国共政争与中国命运.txt
Ns,Nh,"(3, 4)","(7, 8)",武汉,程潜,"['（', '6', '）', '武汉', '行辕', '（', '主任', '程潜', '）', '，', '下辖', '第六', '（', '樊城', '）', '、', '第七', '（', '大冶', '）', '绥靖区', '2', '个', '整编师', '。']",1945-1949：国共政争与中国命运.txt
Ns,Ns,"(18, 19)","(20, 21)",大冶,绥靖区,"['（', '6', '）', '武汉', '行辕', '（', '主任', '程潜', '）', '，', '下辖', '第六', '（', '樊城', '）', '、', '第七', '（', '大冶', '）', '绥靖区', '2', '个', '整编师', '。']",1945-1949：国共政争与中国命运.txt
Ns,Nh,"(5, 6)","(9, 10)",广州,张发奎,"['二线', '：', '（', '1', '）', '广州', '行辕', '（', '主任', '张发奎', '）', '，', '2', '个', '整编师', '；']",1945-1949：国共政争与中国命运.txt
Ns,Nh,"(3, 4)","(7, 8)",衢州,余汉谋,"['（', '2', '）', '衢州', '绥署', '（', '主任', '余汉谋', '）', '，', '1', '个军', '、', '1', '个', '整编师', '；']",1945-1949：国共政争与中国命运.txt
Ns,Nh,"(3, 4)","(7, 8)",重庆,朱绍良,"['（', '4', '）', '重庆', '行辕', '（', '代主任', '朱绍良', '）', '，', '6', '个', '整编师', '。']",1945-1949：国共政争与中国命运.txt
Nh,Ni,"(10, 11)","(13, 15)",王世泰,晋绥军区,"['分属', '陕甘宁', '晋绥', '联防军', '（', '3', '万人', '，', '代', '司令员', '王世泰', '）', '、', '晋绥', '军区', '（', '5', '万人', '，', '司令员', '贺龙', '）', '、', '晋冀鲁豫', '军区', '（', '27', '万人', '，', '司令员', '刘伯承', '）', '、', '新四军', '兼', '山东', '军区', '（', '42', '万人', '，', '军长', '兼', '司令员', '陈毅', '，', '1947', '年', '1', '月底', '改称', '华东野战军', '）', '、', '东北民主联军', '（', '30', '万人', '，', '司令员', '林彪', '）', '、', '晋察冀军区', '（', '20', '万人', '，', '司令员', '聂荣臻', '）', '、', '中原军区', '（', '5', '万人', '，', '司令员', '李先念', '）', '等', '战略区', '，', '另有', '炮兵', '1', '个', '旅', '，', '14', '个团', '，', '17', '个营', '，', '38', '个', '连', '，', '没有', '海', '、', '空军', '。']",1945-1949：国共政争与中国命运.txt
Ni,Nh,"(13, 15)","(20, 21)",晋绥军区,贺龙,"['分属', '陕甘宁', '晋绥', '联防军', '（', '3', '万人', '，', '代', '司令员', '王世泰', '）', '、', '晋绥', '军区', '（', '5', '万人', '，', '司令员', '贺龙', '）', '、', '晋冀鲁豫', '军区', '（', '27', '万人', '，', '司令员', '刘伯承', '）', '、', '新四军', '兼', '山东', '军区', '（', '42', '万人', '，', '军长', '兼', '司令员', '陈毅', '，', '1947', '年', '1', '月底', '改称', '华东野战军', '）', '、', '东北民主联军', '（', '30', '万人', '，', '司令员', '林彪', '）', '、', '晋察冀军区', '（', '20', '万人', '，', '司令员', '聂荣臻', '）', '、', '中原军区', '（', '5', '万人', '，', '司令员', '李先念', '）', '等', '战略区', '，', '另有', '炮兵', '1', '个', '旅', '，', '14', '个团', '，', '17', '个营', '，', '38', '个', '连', '，', '没有', '海', '、', '空军', '。']",1945-1949：国共政争与中国命运.txt
Nh,Ni,"(20, 21)","(23, 25)",贺龙,晋冀鲁豫军区,"['分属', '陕甘宁', '晋绥', '联防军', '（', '3', '万人', '，', '代', '司令员', '王世泰', '）', '、', '晋绥', '军区', '（', '5', '万人', '，', '司令员', '贺龙', '）', '、', '晋冀鲁豫', '军区', '（', '27', '万人', '，', '司令员', '刘伯承', '）', '、', '新四军', '兼', '山东', '军区', '（', '42', '万人', '，', '军长', '兼', '司令员', '陈毅', '，', '1947', '年', '1', '月底', '改称', '华东野战军', '）', '、', '东北民主联军', '（', '30', '万人', '，', '司令员', '林彪', '）', '、', '晋察冀军区', '（', '20', '万人', '，', '司令员', '聂荣臻', '）', '、', '中原军区', '（', '5', '万人', '，', '司令员', '李先念', '）', '等', '战略区', '，', '另有', '炮兵', '1', '个', '旅', '，', '14', '个团', '，', '17', '个营', '，', '38', '个', '连', '，', '没有', '海', '、', '空军', '。']",1945-1949：国共政争与中国命运.txt
Ni,Nh,"(23, 25)","(30, 31)",晋冀鲁豫军区,刘伯承,"['分属', '陕甘宁', '晋绥', '联防军', '（', '3', '万人', '，', '代', '司令员', '王世泰', '）', '、', '晋绥', '军区', '（', '5', '万人', '，', '司令员', '贺龙', '）', '、', '晋冀鲁豫', '军区', '（', '27', '万人', '，', '司令员', '刘伯承', '）', '、', '新四军', '兼', '山东', '军区', '（', '42', '万人', '，', '军长', '兼', '司令员', '陈毅', '，', '1947', '年', '1', '月底', '改称', '华东野战军', '）', '、', '东北民主联军', '（', '30', '万人', '，', '司令员', '林彪', '）', '、', '晋察冀军区', '（', '20', '万人', '，', '司令员', '聂荣臻', '）', '、', '中原军区', '（', '5', '万人', '，', '司令员', '李先念', '）', '等', '战略区', '，', '另有', '炮兵', '1', '个', '旅', '，', '14', '个团', '，', '17', '个营', '，', '38', '个', '连', '，', '没有', '海', '、', '空军', '。']",1945-1949：国共政争与中国命运.txt
Nh,Ni,"(30, 31)","(35, 37)",刘伯承,山东军区,"['分属', '陕甘宁', '晋绥', '联防军', '（', '3', '万人', '，', '代', '司令员', '王世泰', '）', '、', '晋绥', '军区', '（', '5', '万人', '，', '司令员', '贺龙', '）', '、', '晋冀鲁豫', '军区', '（', '27', '万人', '，', '司令员', '刘伯承', '）', '、', '新四军', '兼', '山东', '军区', '（', '42', '万人', '，', '军长', '兼', '司令员', '陈毅', '，', '1947', '年', '1', '月底', '改称', '华东野战军', '）', '、', '东北民主联军', '（', '30', '万人', '，', '司令员', '林彪', '）', '、', '晋察冀军区', '（', '20', '万人', '，', '司令员', '聂荣臻', '）', '、', '中原军区', '（', '5', '万人', '，', '司令员', '李先念', '）', '等', '战略区', '，', '另有', '炮兵', '1', '个', '旅', '，', '14', '个团', '，', '17', '个营', '，', '38', '个', '连', '，', '没有', '海', '、', '空军', '。']",1945-1949：国共政争与中国命运.txt
Nh,Ns,"(60, 61)","(63, 64)",林彪,晋察冀军区,"['分属', '陕甘宁', '晋绥', '联防军', '（', '3', '万人', '，', '代', '司令员', '王世泰', '）', '、', '晋绥', '军区', '（', '5', '万人', '，', '司令员', '贺龙', '）', '、', '晋冀鲁豫', '军区', '（', '27', '万人', '，', '司令员', '刘伯承', '）', '、', '新四军', '兼', '山东', '军区', '（', '42', '万人', '，', '军长', '兼', '司令员', '陈毅', '，', '1947', '年', '1', '月底', '改称', '华东野战军', '）', '、', '东北民主联军', '（', '30', '万人', '，', '司令员', '林彪', '）', '、', '晋察冀军区', '（', '20', '万人', '，', '司令员', '聂荣臻', '）', '、', '中原军区', '（', '5', '万人', '，', '司令员', '李先念', '）', '等', '战略区', '，', '另有', '炮兵', '1', '个', '旅', '，', '14', '个团', '，', '17', '个营', '，', '38', '个', '连', '，', '没有', '海', '、', '空军', '。']",1945-1949：国共政争与中国命运.txt
Ns,Nh,"(63, 64)","(69, 70)",晋察冀军区,聂荣臻,"['分属', '陕甘宁', '晋绥', '联防军', '（', '3', '万人', '，', '代', '司令员', '王世泰', '）', '、', '晋绥', '军区', '（', '5', '万人', '，', '司令员', '贺龙', '）', '、', '晋冀鲁豫', '军区', '（', '27', '万人', '，', '司令员', '刘伯承', '）', '、', '新四军', '兼', '山东', '军区', '（', '42', '万人', '，', '军长', '兼', '司令员', '陈毅', '，', '1947', '年', '1', '月底', '改称', '华东野战军', '）', '、', '东北民主联军', '（', '30', '万人', '，', '司令员', '林彪', '）', '、', '晋察冀军区', '（', '20', '万人', '，', '司令员', '聂荣臻', '）', '、', '中原军区', '（', '5', '万人', '，', '司令员', '李先念', '）', '等', '战略区', '，', '另有', '炮兵', '1', '个', '旅', '，', '14', '个团', '，', '17', '个营', '，', '38', '个', '连', '，', '没有', '海', '、', '空军', '。']",1945-1949：国共政争与中国命运.txt
Nh,Ns,"(69, 70)","(72, 73)",聂荣臻,中原军区,"['分属', '陕甘宁', '晋绥', '联防军', '（', '3', '万人', '，', '代', '司令员', '王世泰', '）', '、', '晋绥', '军区', '（', '5', '万人', '，', '司令员', '贺龙', '）', '、', '晋冀鲁豫', '军区', '（', '27', '万人', '，', '司令员', '刘伯承', '）', '、', '新四军', '兼', '山东', '军区', '（', '42', '万人', '，', '军长', '兼', '司令员', '陈毅', '，', '1947', '年', '1', '月底', '改称', '华东野战军', '）', '、', '东北民主联军', '（', '30', '万人', '，', '司令员', '林彪', '）', '、', '晋察冀军区', '（', '20', '万人', '，', '司令员', '聂荣臻', '）', '、', '中原军区', '（', '5', '万人', '，', '司令员', '李先念', '）', '等', '战略区', '，', '另有', '炮兵', '1', '个', '旅', '，', '14', '个团', '，', '17', '个营', '，', '38', '个', '连', '，', '没有', '海', '、', '空军', '。']",1945-1949：国共政争与中国命运.txt
Ns,Nh,"(72, 73)","(78, 79)",中原军区,李先念,"['分属', '陕甘宁', '晋绥', '联防军', '（', '3', '万人', '，', '代', '司令员', '王世泰', '）', '、', '晋绥', '军区', '（', '5', '万人', '，', '司令员', '贺龙', '）', '、', '晋冀鲁豫', '军区', '（', '27', '万人', '，', '司令员', '刘伯承', '）', '、', '新四军', '兼', '山东', '军区', '（', '42', '万人', '，', '军长', '兼', '司令员', '陈毅', '，', '1947', '年', '1', '月底', '改称', '华东野战军', '）', '、', '东北民主联军', '（', '30', '万人', '，', '司令员', '林彪', '）', '、', '晋察冀军区', '（', '20', '万人', '，', '司令员', '聂荣臻', '）', '、', '中原军区', '（', '5', '万人', '，', '司令员', '李先念', '）', '等', '战略区', '，', '另有', '炮兵', '1', '个', '旅', '，', '14', '个团', '，', '17', '个营', '，', '38', '个', '连', '，', '没有', '海', '、', '空军', '。']",1945-1949：国共政争与中国命运.txt
Nh,BOOK,"(0, 1)","(2, 3)",陈毅,《一年自卫战争总结》,"['陈毅', '：', '《一年自卫战争总结》', '（', '1947', '年', '12', '月', '）', '，', '北京', '中央档案馆', '藏档', '抄件', '。']",1945-1949：国共政争与中国命运.txt
Nh,Ns,"(0, 1)","(5, 6)",蒋并,美,"['蒋并', '将', '此', '情形', '告在', '美', '负责', '采购', '军火', '的', '毛邦', '初', '，', '令其', '“', '可以', '汝', '所知', '之', '实情', '转告', '。']",1945-1949：国共政争与中国命运.txt
Nh,Nh,"(3, 4)","(5, 6)",白崇禧,蒋,"['《', '副', '参谋总长', '白崇禧', '呈', '蒋', '委员长', '关于', '停战', '令', '颁布', '后', '国军', '应有', '充分准备', '电', '》', '（', '1946', '年', '1', '月', '15', '日', '）', '，', '秦孝仪', '主编', '《中华民国重要史料初编》', '第', '5', '编第', '4', '册', '，', '台北', '，', '中国', '国民党中央委员会', '党史', '委员会', '，', '1985', '，', '第', '387', '页', '。']",1945-1949：国共政争与中国命运.txt
Nh,BOOK,"(26, 27)","(28, 29)",秦孝仪,《中华民国重要史料初编》,"['《', '副', '参谋总长', '白崇禧', '呈', '蒋', '委员长', '关于', '停战', '令', '颁布', '后', '国军', '应有', '充分准备', '电', '》', '（', '1946', '年', '1', '月', '15', '日', '）', '，', '秦孝仪', '主编', '《中华民国重要史料初编》', '第', '5', '编第', '4', '册', '，', '台北', '，', '中国', '国民党中央委员会', '党史', '委员会', '，', '1985', '，', '第', '387', '页', '。']",1945-1949：国共政争与中国命运.txt
Ns,Ni,"(35, 36)","(37, 41)",台北,中国国民党中央委员会党史委员会,"['《', '副', '参谋总长', '白崇禧', '呈', '蒋', '委员长', '关于', '停战', '令', '颁布', '后', '国军', '应有', '充分准备', '电', '》', '（', '1946', '年', '1', '月', '15', '日', '）', '，', '秦孝仪', '主编', '《中华民国重要史料初编》', '第', '5', '编第', '4', '册', '，', '台北', '，', '中国', '国民党中央委员会', '党史', '委员会', '，', '1985', '，', '第', '387', '页', '。']",1945-1949：国共政争与中国命运.txt
Ns,BOOK,"(35, 36)","(28, 29)",台北,《中华民国重要史料初编》,"['《', '副', '参谋总长', '白崇禧', '呈', '蒋', '委员长', '关于', '停战', '令', '颁布', '后', '国军', '应有', '充分准备', '电', '》', '（', '1946', '年', '1', '月', '15', '日', '）', '，', '秦孝仪', '主编', '《中华民国重要史料初编》', '第', '5', '编第', '4', '册', '，', '台北', '，', '中国', '国民党中央委员会', '党史', '委员会', '，', '1985', '，', '第', '387', '页', '。']",1945-1949：国共政争与中国命运.txt
Ns,Ns,"(5, 6)","(9, 11)",热河,承德及察省,"['该', '计划', '要求', '第一步', '攻占', '热河', '之', '赤峰', '、', '承德', '及察省', '之', '多伦', '、', '张家口', '，', '同时', '以数军', '由海道', '输', '连云港', '登陆', '，', '以', '歼灭', '苏北', '鲁南', '的', '中共', '部队', '；']",1945-1949：国共政争与中国命运.txt
Ns,Ns,"(9, 11)","(14, 15)",承德及察省,张家口,"['该', '计划', '要求', '第一步', '攻占', '热河', '之', '赤峰', '、', '承德', '及察省', '之', '多伦', '、', '张家口', '，', '同时', '以数军', '由海道', '输', '连云港', '登陆', '，', '以', '歼灭', '苏北', '鲁南', '的', '中共', '部队', '；']",1945-1949：国共政争与中国命运.txt
Ns,Ns,"(14, 15)","(20, 21)",张家口,连云港,"['该', '计划', '要求', '第一步', '攻占', '热河', '之', '赤峰', '、', '承德', '及察省', '之', '多伦', '、', '张家口', '，', '同时', '以数军', '由海道', '输', '连云港', '登陆', '，', '以', '歼灭', '苏北', '鲁南', '的', '中共', '部队', '；']",1945-1949：国共政争与中国命运.txt
Ns,Ns,"(20, 21)","(25, 26)",连云港,苏北,"['该', '计划', '要求', '第一步', '攻占', '热河', '之', '赤峰', '、', '承德', '及察省', '之', '多伦', '、', '张家口', '，', '同时', '以数军', '由海道', '输', '连云港', '登陆', '，', '以', '歼灭', '苏北', '鲁南', '的', '中共', '部队', '；']",1945-1949：国共政争与中国命运.txt
Ns,Ns,"(2, 3)","(4, 5)",冀南,豫北,"['第三步', '再击灭', '冀南', '、', '豫北', '的', '中共', '部队', '；']",1945-1949：国共政争与中国命运.txt
Nh,Ni,"(5, 6)","(7, 9)",蒋介石,徐州绥署,"['4', '月', '5', '日', '，', '蒋介石', '致电', '徐州', '绥署', '主任', '顾祝同', '与', '郑州', '绥署', '主任', '刘峙', '，', '要求', '“', '一面', '缩编', '，', '一面', '训练', '，', '以期', '随时', '可以', '应战', '也', '。', '”']",1945-1949：国共政争与中国命运.txt
Nh,Nh,"(5, 6)","(10, 11)",蒋介石,顾祝同,"['4', '月', '5', '日', '，', '蒋介石', '致电', '徐州', '绥署', '主任', '顾祝同', '与', '郑州', '绥署', '主任', '刘峙', '，', '要求', '“', '一面', '缩编', '，', '一面', '训练', '，', '以期', '随时', '可以', '应战', '也', '。', '”']",1945-1949：国共政争与中国命运.txt
Nh,Ni,"(5, 6)","(12, 14)",蒋介石,郑州绥署,"['4', '月', '5', '日', '，', '蒋介石', '致电', '徐州', '绥署', '主任', '顾祝同', '与', '郑州', '绥署', '主任', '刘峙', '，', '要求', '“', '一面', '缩编', '，', '一面', '训练', '，', '以期', '随时', '可以', '应战', '也', '。', '”']",1945-1949：国共政争与中国命运.txt
Ni,Nh,"(7, 9)","(10, 11)",徐州绥署,顾祝同,"['4', '月', '5', '日', '，', '蒋介石', '致电', '徐州', '绥署', '主任', '顾祝同', '与', '郑州', '绥署', '主任', '刘峙', '，', '要求', '“', '一面', '缩编', '，', '一面', '训练', '，', '以期', '随时', '可以', '应战', '也', '。', '”']",1945-1949：国共政争与中国命运.txt
Ni,Ni,"(7, 9)","(12, 14)",徐州绥署,郑州绥署,"['4', '月', '5', '日', '，', '蒋介石', '致电', '徐州', '绥署', '主任', '顾祝同', '与', '郑州', '绥署', '主任', '刘峙', '，', '要求', '“', '一面', '缩编', '，', '一面', '训练', '，', '以期', '随时', '可以', '应战', '也', '。', '”']",1945-1949：国共政争与中国命运.txt
Ni,Nh,"(7, 9)","(15, 16)",徐州绥署,刘峙,"['4', '月', '5', '日', '，', '蒋介石', '致电', '徐州', '绥署', '主任', '顾祝同', '与', '郑州', '绥署', '主任', '刘峙', '，', '要求', '“', '一面', '缩编', '，', '一面', '训练', '，', '以期', '随时', '可以', '应战', '也', '。', '”']",1945-1949：国共政争与中国命运.txt
Nh,Ni,"(10, 11)","(12, 14)",顾祝同,郑州绥署,"['4', '月', '5', '日', '，', '蒋介石', '致电', '徐州', '绥署', '主任', '顾祝同', '与', '郑州', '绥署', '主任', '刘峙', '，', '要求', '“', '一面', '缩编', '，', '一面', '训练', '，', '以期', '随时', '可以', '应战', '也', '。', '”']",1945-1949：国共政争与中国命运.txt
Nh,Nh,"(10, 11)","(15, 16)",顾祝同,刘峙,"['4', '月', '5', '日', '，', '蒋介石', '致电', '徐州', '绥署', '主任', '顾祝同', '与', '郑州', '绥署', '主任', '刘峙', '，', '要求', '“', '一面', '缩编', '，', '一面', '训练', '，', '以期', '随时', '可以', '应战', '也', '。', '”']",1945-1949：国共政争与中国命运.txt
Ni,Nh,"(12, 14)","(15, 16)",郑州绥署,刘峙,"['4', '月', '5', '日', '，', '蒋介石', '致电', '徐州', '绥署', '主任', '顾祝同', '与', '郑州', '绥署', '主任', '刘峙', '，', '要求', '“', '一面', '缩编', '，', '一面', '训练', '，', '以期', '随时', '可以', '应战', '也', '。', '”']",1945-1949：国共政争与中国命运.txt
Nh,Nh,"(5, 6)","(8, 9)",蒋介石,顾祝同,"['5', '月', '22', '日', '，', '蒋介石', '又', '给', '顾祝同', '和', '刘峙', '发去', '极', '密电', '，', '要求', '陆', '空军', '联合作战', '之', '训练', '工作', '应即', '策划', '准备', '，', '本月', '内', '部署', '完毕', '，', '6', '月', '1', '日', '开始', '联合演习', '，', '限于', '6', '月底', '训练', '完成', '。']",1945-1949：国共政争与中国命运.txt
Nh,Nh,"(5, 6)","(10, 11)",蒋介石,刘峙,"['5', '月', '22', '日', '，', '蒋介石', '又', '给', '顾祝同', '和', '刘峙', '发去', '极', '密电', '，', '要求', '陆', '空军', '联合作战', '之', '训练', '工作', '应即', '策划', '准备', '，', '本月', '内', '部署', '完毕', '，', '6', '月', '1', '日', '开始', '联合演习', '，', '限于', '6', '月底', '训练', '完成', '。']",1945-1949：国共政争与中国命运.txt
Nh,Nh,"(8, 9)","(10, 11)",顾祝同,刘峙,"['5', '月', '22', '日', '，', '蒋介石', '又', '给', '顾祝同', '和', '刘峙', '发去', '极', '密电', '，', '要求', '陆', '空军', '联合作战', '之', '训练', '工作', '应即', '策划', '准备', '，', '本月', '内', '部署', '完毕', '，', '6', '月', '1', '日', '开始', '联合演习', '，', '限于', '6', '月底', '训练', '完成', '。']",1945-1949：国共政争与中国命运.txt
Nh,BOOK,"(9, 10)","(11, 12)",秦孝仪,《先总统蒋公思想言论总集》,"['《国军将领的耻辱和自反》', '，', '1947', '年', '6', '月', '1', '日', '，', '秦孝仪', '主编', '《先总统蒋公思想言论总集》', '卷', '22', '，', '第', '135', '页', '。']",1945-1949：国共政争与中国命运.txt
Nh,Nh,"(7, 8)","(13, 14)",蒋介石,蒋介石,"['战争', '的', '进行', '，', '基本', '决定', '于', '蒋介石', '的', '个人', '决断', '，', '而', '蒋介石', '对于', '如何', '打', '这场', '战争', '，', '有', '他', '自己', '的', '一套', '逻辑', '和', '想法', '。']",1945-1949：国共政争与中国命运.txt
Nh,BOOK,"(20, 21)","(22, 23)",秦孝仪,《先总统蒋公思想言论总集》,"['《对于最近社会经济军事情势之分析》', '（', '1947', '年', '2', '月', '17', '日', '）', '、', '《匪情之分析与剿匪作战纲要》', '（', '1947', '年', '5', '月', '15', '日', '）', '，', '秦孝仪', '主编', '《先总统蒋公思想言论总集》', '卷', '22', '，', '第', '20', '、', '112', '~', '113', '页', '；']",1945-1949：国共政争与中国命运.txt
Nh,BOOK,"(10, 11)","(12, 13)",秦孝仪,《先总统蒋公思想言论总集》,"['《匪情之分析与剿匪作战纲要》', '（', '1947', '年', '5', '月', '15', '日', '）', '，', '秦孝仪', '主编', '《先总统蒋公思想言论总集》', '卷', '22', '，', '第', '112', '~', '113', '页', '。']",1945-1949：国共政争与中国命运.txt
Ns,Nh,"(15, 16)","(19, 20)",延安,蒋,"['首先', '是', '中共', '并', '不', '拘泥于', '固守', '某地', '，', '在', '必要', '时连', '其', '政治', '中心', '延安', '亦可', '放弃', '，', '蒋', '的', '攻', '其', '“', '负隅', '”', '便成', '了', '无的放矢', '；']",1945-1949：国共政争与中国命运.txt
Ns,Ns,"(10, 11)","(12, 13)",鲁南,临沂,"['1947', '年', '2', '月', '15', '日', '，', '国民党', '军', '占领', '鲁南', '重镇', '临沂', '，', '蒋介石', '因此', '认为', '“', '陈毅', '已失', '其', '老巢', '，', '就', '再', '不能', '发生', '过去', '一样', '大', '的', '作用', '了', '”', '；']",1945-1949：国共政争与中国命运.txt
Ns,Nh,"(10, 11)","(14, 15)",鲁南,蒋介石,"['1947', '年', '2', '月', '15', '日', '，', '国民党', '军', '占领', '鲁南', '重镇', '临沂', '，', '蒋介石', '因此', '认为', '“', '陈毅', '已失', '其', '老巢', '，', '就', '再', '不能', '发生', '过去', '一样', '大', '的', '作用', '了', '”', '；']",1945-1949：国共政争与中国命运.txt
Ns,Nh,"(12, 13)","(14, 15)",临沂,蒋介石,"['1947', '年', '2', '月', '15', '日', '，', '国民党', '军', '占领', '鲁南', '重镇', '临沂', '，', '蒋介石', '因此', '认为', '“', '陈毅', '已失', '其', '老巢', '，', '就', '再', '不能', '发生', '过去', '一样', '大', '的', '作用', '了', '”', '；']",1945-1949：国共政争与中国命运.txt
Ns,Nh,"(12, 13)","(18, 19)",临沂,陈毅,"['1947', '年', '2', '月', '15', '日', '，', '国民党', '军', '占领', '鲁南', '重镇', '临沂', '，', '蒋介石', '因此', '认为', '“', '陈毅', '已失', '其', '老巢', '，', '就', '再', '不能', '发生', '过去', '一样', '大', '的', '作用', '了', '”', '；']",1945-1949：国共政争与中国命运.txt
Nh,Nh,"(14, 15)","(18, 19)",蒋介石,陈毅,"['1947', '年', '2', '月', '15', '日', '，', '国民党', '军', '占领', '鲁南', '重镇', '临沂', '，', '蒋介石', '因此', '认为', '“', '陈毅', '已失', '其', '老巢', '，', '就', '再', '不能', '发生', '过去', '一样', '大', '的', '作用', '了', '”', '；']",1945-1949：国共政争与中国命运.txt
Nh,BOOK,"(0, 1)","(2, 3)",蒋介石,《剿匪战役之检讨与我军今后之改进》,"['蒋介石', '：', '《剿匪战役之检讨与我军今后之改进》', '(', '1947', '年', '2', '月', '19', '日', ')', '，', '北京', '军事', '图书馆', '藏', '抄件', '。']",1945-1949：国共政争与中国命运.txt
Ns,Nh,"(14, 15)","(18, 19)",临沂,李仙洲部,"['而', '事实', '恰恰', '与', '蒋', '之', '论断', '相反', '，', '中共', '部队', '系', '主动', '撤出', '临沂', '北上', '，', '随后', '李仙洲部', '被歼', '之', '消息', '传来', '，', '可见', '中共', '部队', '既', '不', '“', '负隅', '”', '，', '而', '国民党', '军', '也', '不能', '阻止', '其', '“', '流窜', '”', '。']",1945-1949：国共政争与中国命运.txt
Ni,BOOK,"(6, 9)","(0, 1)",北京军事图书馆,《剿匪战事之检讨》,"['《剿匪战事之检讨》', '，', '第', '6', '页', '，', '北京', '军事', '图书馆', '藏', '抄件', '。']",1945-1949：国共政争与中国命运.txt
Nh,Nh,"(0, 1)","(3, 4)",蒋介石,马歇尔,"['蒋介石', '在', '与', '马歇尔', '谈话', '时', '，', '自信', '可以', '在', '八到', '十个月', '内', '消灭', '中共军队', '。']",1945-1949：国共政争与中国命运.txt
Ni,Nh,"(7, 9)","(10, 11)",北平行营,李宗仁,"['1946', '年', '6', '月', '1', '日', '，', '北平', '行营', '主任', '李宗仁', '曾', '致函', '蒋介石', '，', '提出', '先', '以', '东北', '两军', '“', '扫荡', '”', '热河', '，', '解除', '平津', '北面', '之', '威胁', '，', '隔断', '张垣', '与', '东北', '之', '联络', '；']",1945-1949：国共政争与中国命运.txt
Ni,Nh,"(7, 9)","(13, 14)",北平行营,蒋介石,"['1946', '年', '6', '月', '1', '日', '，', '北平', '行营', '主任', '李宗仁', '曾', '致函', '蒋介石', '，', '提出', '先', '以', '东北', '两军', '“', '扫荡', '”', '热河', '，', '解除', '平津', '北面', '之', '威胁', '，', '隔断', '张垣', '与', '东北', '之', '联络', '；']",1945-1949：国共政争与中国命运.txt
Nh,Nh,"(10, 11)","(13, 14)",李宗仁,蒋介石,"['1946', '年', '6', '月', '1', '日', '，', '北平', '行营', '主任', '李宗仁', '曾', '致函', '蒋介石', '，', '提出', '先', '以', '东北', '两军', '“', '扫荡', '”', '热河', '，', '解除', '平津', '北面', '之', '威胁', '，', '隔断', '张垣', '与', '东北', '之', '联络', '；']",1945-1949：国共政争与中国命运.txt
Ns,Ns,"(23, 24)","(26, 27)",热河,平津,"['1946', '年', '6', '月', '1', '日', '，', '北平', '行营', '主任', '李宗仁', '曾', '致函', '蒋介石', '，', '提出', '先', '以', '东北', '两军', '“', '扫荡', '”', '热河', '，', '解除', '平津', '北面', '之', '威胁', '，', '隔断', '张垣', '与', '东北', '之', '联络', '；']",1945-1949：国共政争与中国命运.txt
Ns,Nh,"(26, 27)","(32, 33)",平津,张垣,"['1946', '年', '6', '月', '1', '日', '，', '北平', '行营', '主任', '李宗仁', '曾', '致函', '蒋介石', '，', '提出', '先', '以', '东北', '两军', '“', '扫荡', '”', '热河', '，', '解除', '平津', '北面', '之', '威胁', '，', '隔断', '张垣', '与', '东北', '之', '联络', '；']",1945-1949：国共政争与中国命运.txt
Ns,Ni,"(2, 3)","(9, 12)",津浦,鲁西四路,"['再', '以', '津浦', '南', '、', '北段', '、', '胶济路', '、', '鲁', '西四', '路', '进军', '，', '“', '扫荡', '”', '山东', '中共', '主力', '；']",1945-1949：国共政争与中国命运.txt
Ni,Ni,"(9, 12)","(17, 19)",鲁西四路,山东中共,"['再', '以', '津浦', '南', '、', '北段', '、', '胶济路', '、', '鲁', '西四', '路', '进军', '，', '“', '扫荡', '”', '山东', '中共', '主力', '；']",1945-1949：国共政争与中国命运.txt
Ns,Ns,"(2, 3)","(4, 5)",新乡,德州,"['再', '以', '新乡', '、', '德州', '、', '石门', '三路', '进攻', '邯郸', '，', '封锁', '太行山区', '，', '打通', '平汉路', '交通', '；']",1945-1949：国共政争与中国命运.txt
Ns,Ns,"(2, 3)","(6, 8)",新乡,石门三路,"['再', '以', '新乡', '、', '德州', '、', '石门', '三路', '进攻', '邯郸', '，', '封锁', '太行山区', '，', '打通', '平汉路', '交通', '；']",1945-1949：国共政争与中国命运.txt
Ns,Ns,"(2, 3)","(9, 10)",新乡,邯郸,"['再', '以', '新乡', '、', '德州', '、', '石门', '三路', '进攻', '邯郸', '，', '封锁', '太行山区', '，', '打通', '平汉路', '交通', '；']",1945-1949：国共政争与中国命运.txt
Ns,Ns,"(4, 5)","(6, 8)",德州,石门三路,"['再', '以', '新乡', '、', '德州', '、', '石门', '三路', '进攻', '邯郸', '，', '封锁', '太行山区', '，', '打通', '平汉路', '交通', '；']",1945-1949：国共政争与中国命运.txt
Ns,Ns,"(4, 5)","(9, 10)",德州,邯郸,"['再', '以', '新乡', '、', '德州', '、', '石门', '三路', '进攻', '邯郸', '，', '封锁', '太行山区', '，', '打通', '平汉路', '交通', '；']",1945-1949：国共政争与中国命运.txt
Ns,Ns,"(6, 8)","(9, 10)",石门三路,邯郸,"['再', '以', '新乡', '、', '德州', '、', '石门', '三路', '进攻', '邯郸', '，', '封锁', '太行山区', '，', '打通', '平汉路', '交通', '；']",1945-1949：国共政争与中国命运.txt
Ns,Ns,"(6, 8)","(12, 13)",石门三路,太行山区,"['再', '以', '新乡', '、', '德州', '、', '石门', '三路', '进攻', '邯郸', '，', '封锁', '太行山区', '，', '打通', '平汉路', '交通', '；']",1945-1949：国共政争与中国命运.txt
Ns,Ns,"(9, 10)","(12, 13)",邯郸,太行山区,"['再', '以', '新乡', '、', '德州', '、', '石门', '三路', '进攻', '邯郸', '，', '封锁', '太行山区', '，', '打通', '平汉路', '交通', '；']",1945-1949：国共政争与中国命运.txt
Ns,Ns,"(9, 10)","(15, 16)",邯郸,平汉路,"['再', '以', '新乡', '、', '德州', '、', '石门', '三路', '进攻', '邯郸', '，', '封锁', '太行山区', '，', '打通', '平汉路', '交通', '；']",1945-1949：国共政争与中国命运.txt
Ns,Ns,"(12, 13)","(15, 16)",太行山区,平汉路,"['再', '以', '新乡', '、', '德州', '、', '石门', '三路', '进攻', '邯郸', '，', '封锁', '太行山区', '，', '打通', '平汉路', '交通', '；']",1945-1949：国共政争与中国命运.txt
Ns,Ns,"(2, 3)","(6, 7)",南口,大同,"['最后', '由', '南口', '、', '归绥', '、', '大同', '三面', '夹击', '张家口', '，', '打通', '平绥路', '，', '再', '回师', '会攻', '延安', '。']",1945-1949：国共政争与中国命运.txt
Ns,Ns,"(2, 3)","(9, 10)",南口,张家口,"['最后', '由', '南口', '、', '归绥', '、', '大同', '三面', '夹击', '张家口', '，', '打通', '平绥路', '，', '再', '回师', '会攻', '延安', '。']",1945-1949：国共政争与中国命运.txt
Ns,Ns,"(6, 7)","(9, 10)",大同,张家口,"['最后', '由', '南口', '、', '归绥', '、', '大同', '三面', '夹击', '张家口', '，', '打通', '平绥路', '，', '再', '回师', '会攻', '延安', '。']",1945-1949：国共政争与中国命运.txt
Ns,Ns,"(8, 9)","(10, 11)",苏北,山东,"['因此', '国民党', '军', '初期', '的', '进攻', '重点', '为', '苏北', '到', '山东', '一线', '，', '这样', '的', '部署', '有', '其', '政治', '和', '军事', '考虑', '。']",1945-1949：国共政争与中国命运.txt
Ns,Ns,"(58, 59)","(60, 61)",华北,苏北,"['攻势', '发起', '后', '，', '国民党', '军', '的', '进攻', '面越', '铺', '越', '大', '，', '企图', '实行', '全面', '进攻', '，', '但', '在', '实际上', '，', '其', '军队', '的', '部署', '无法', '达成', '全面', '进攻', '之', '目的', '，', '而成', '逐次', '用兵', '之势', '，', '结果', '导致', '全面', '进攻', '难称', '全面', '，', '重点', '进攻', '亦', '无', '重点', '，', '主要', '作战', '方向', '不断', '在', '东北', '、', '华北', '、', '苏北', '之间', '徘徊', '。']",1945-1949：国共政争与中国命运.txt
Ns,Ns,"(6, 7)","(8, 9)",苏北,华北,"['直到', '10', '月', '才', '有', '了', '苏北', '、', '华北', '、', '东北', '的', '全面', '攻势', '。']",1945-1949：国共政争与中国命运.txt
Nh,Ns,"(0, 1)","(4, 5)",王禹廷,台北,"['王禹廷', '：', '《胡琏评传》', '，', '台北', '，', '传记文学', '出版社', '，', '1985', '，', '第', '57', '页', '。']",1945-1949：国共政争与中国命运.txt
Nh,BOOK,"(0, 1)","(2, 3)",王禹廷,《胡琏评传》,"['王禹廷', '：', '《胡琏评传》', '，', '台北', '，', '传记文学', '出版社', '，', '1985', '，', '第', '57', '页', '。']",1945-1949：国共政争与中国命运.txt
Ns,BOOK,"(4, 5)","(2, 3)",台北,《胡琏评传》,"['王禹廷', '：', '《胡琏评传》', '，', '台北', '，', '传记文学', '出版社', '，', '1985', '，', '第', '57', '页', '。']",1945-1949：国共政争与中国命运.txt
BOOK,BOOK,"(0, 1)","(2, 3)",《中国人民解放战争第一年战绩公报》,《中国人民解放战争军事文集》,"['《中国人民解放战争第一年战绩公报》', '，', '《中国人民解放战争军事文集》', '第', '2', '册', '，', '第', '544', '~', '545', '页', '。']",1945-1949：国共政争与中国命运.txt
Nh,Ns,"(5, 6)","(7, 8)",陈诚,北平,"['1946', '年', '11', '月', '，', '陈诚', '在', '北平', '召集', '各', '战区', '高级将领', '开会', '，', '与会者', '形成', '了', '集中兵力', '、', '免化众', '为', '寡', '、', '各', '战区', '协力', '行动', '的', '共识', '。']",1945-1949：国共政争与中国命运.txt
Nh,BOOK,"(10, 11)","(12, 13)",秦孝仪,《先总统蒋公思想言论总集》,"['《匪情之分析与剿匪作战纲要》', '（', '1947', '年', '5', '月', '15', '日', '）', '，', '秦孝仪', '主编', '《先总统蒋公思想言论总集》', '卷', '22', '，', '第', '114', '、', '117', '页', '。']",1945-1949：国共政争与中国命运.txt
Nh,Ns,"(6, 7)","(11, 12)",郭汝瑰,山东,"['据', '时任', '国防部', '三厅', '厅长', '的', '郭汝瑰', '分析', '：', '“', '进攻', '山东', '，', '是', '他', '（', '指', '蒋介石', '-', '-', '作者', '注', '）', '主观', '以为', '进攻', '延安', '后', '，', '就', '可', '抽调', '主力', '在', '山东', '寻求', '决战', '，', '是', '进攻', '延安', '后', '的', '临时', '决策', '而', '不是', '预定', '计划', '”', '；']",1945-1949：国共政争与中国命运.txt
Ns,Nh,"(11, 12)","(17, 18)",山东,蒋介石,"['据', '时任', '国防部', '三厅', '厅长', '的', '郭汝瑰', '分析', '：', '“', '进攻', '山东', '，', '是', '他', '（', '指', '蒋介石', '-', '-', '作者', '注', '）', '主观', '以为', '进攻', '延安', '后', '，', '就', '可', '抽调', '主力', '在', '山东', '寻求', '决战', '，', '是', '进攻', '延安', '后', '的', '临时', '决策', '而', '不是', '预定', '计划', '”', '；']",1945-1949：国共政争与中国命运.txt
Ns,Ns,"(34, 35)","(40, 41)",山东,延安,"['据', '时任', '国防部', '三厅', '厅长', '的', '郭汝瑰', '分析', '：', '“', '进攻', '山东', '，', '是', '他', '（', '指', '蒋介石', '-', '-', '作者', '注', '）', '主观', '以为', '进攻', '延安', '后', '，', '就', '可', '抽调', '主力', '在', '山东', '寻求', '决战', '，', '是', '进攻', '延安', '后', '的', '临时', '决策', '而', '不是', '预定', '计划', '”', '；']",1945-1949：国共政争与中国命运.txt
Ns,Ns,"(11, 12)","(13, 14)",黄河,山西,"['他', '进攻', '陕甘宁边区', '，', '初意', '也', '只是', '想', '压迫', '解放军', '东渡', '黄河', '进入', '山西', '，', '以便', '转用', '兵力', '，', '但', '兵力', '转用', '何处', '也', '并', '无定', '见', '。']",1945-1949：国共政争与中国命运.txt
Ns,Ns,"(2, 3)","(4, 5)",陕北,山东,"['同时', '，', '陕北', '和', '山东', '相去甚远', '，', '也', '不', '可能', '发挥', '钳形攻势', '的', '作用', '。', '”']",1945-1949：国共政争与中国命运.txt
Ns,Ns,"(20, 21)","(22, 23)",陕北,山东,"['因此', '，', '蒋介石', '是否', '有', '确切', '的', '主观', '意图', '发起', '重点', '进攻', '尚须', '研究', '，', '但', '无论如何', '，', '国民党', '军对', '陕北', '和', '山东', '的', '进攻', '曾', '给', '中共', '部队', '带来', '相当', '大', '的', '压力', '，', '而', '因', '国民党', '军', '战区', '间', '和', '战区', '内', '的', '协同', '不佳', '，', '未能', '根本', '改变', '国民党', '的', '军事', '处境', '，', '所谓', '重点', '进攻', '最终', '仍', '以', '失败', '而', '告终', '。']",1945-1949：国共政争与中国命运.txt
Nh,Nh,"(22, 23)","(29, 30)",蒋介石,蒋,"['所谓', '旁观者清', '，', '中共', '当时', '即', '看到', '了', '国民党', '的', '致命', '弱点', '，', '“', '除了', '政治', '上', '经济', '上', '的', '基本矛盾', '，', '蒋介石', '无法', '克服', '，', '为', '我', '必胜', '蒋', '必败', '的', '基本', '原因', '之外', '，', '在', '军事', '上', '，', '蒋军', '战线', '太广', '与其', '兵力', '不足', '之间', '，', '业已', '发生', '了', '尖锐', '的', '矛盾', '。']",1945-1949：国共政争与中国命运.txt
BOOK,BOOK,"(0, 1)","(2, 3)",《三个月总结》,《毛泽东选集》,"['《三个月总结》', '，', '《毛泽东选集》', '（', '合订本', '）', '，', '人民出版社', '，', '1967', '，', '第', '1102', '页', '。']",1945-1949：国共政争与中国命运.txt
Nh,BOOK,"(10, 11)","(12, 13)",秦孝仪,《先总统蒋公思想言论总集》,"['《剿匪战事之意义与重要原理之综述》', '（', '1947', '年', '4', '月', '27', '日', '）', '，', '秦孝仪', '主编', '《先总统蒋公思想言论总集》', '卷', '22', '，', '第', '98', '页', '。']",1945-1949：国共政争与中国命运.txt
Ns,Ns,"(4, 5)","(10, 11)",枣庄市,山东,"['《马励武致友人信》', '，', '《马励武日记》', '，', '枣庄市', '出版', '办公室', '编', '《鲁南战役资料选》', '，', '山东', '人民出版社', '，', '1982', '，', '第', '152', '~', '153', '页', '。']",1945-1949：国共政争与中国命运.txt
Ns,BOOK,"(4, 5)","(0, 1)",枣庄市,《马励武致友人信》,"['《马励武致友人信》', '，', '《马励武日记》', '，', '枣庄市', '出版', '办公室', '编', '《鲁南战役资料选》', '，', '山东', '人民出版社', '，', '1982', '，', '第', '152', '~', '153', '页', '。']",1945-1949：国共政争与中国命运.txt
Ns,BOOK,"(4, 5)","(2, 3)",枣庄市,《马励武日记》,"['《马励武致友人信》', '，', '《马励武日记》', '，', '枣庄市', '出版', '办公室', '编', '《鲁南战役资料选》', '，', '山东', '人民出版社', '，', '1982', '，', '第', '152', '~', '153', '页', '。']",1945-1949：国共政争与中国命运.txt
Ns,BOOK,"(4, 5)","(8, 9)",枣庄市,《鲁南战役资料选》,"['《马励武致友人信》', '，', '《马励武日记》', '，', '枣庄市', '出版', '办公室', '编', '《鲁南战役资料选》', '，', '山东', '人民出版社', '，', '1982', '，', '第', '152', '~', '153', '页', '。']",1945-1949：国共政争与中国命运.txt
Ns,BOOK,"(10, 11)","(8, 9)",山东,《鲁南战役资料选》,"['《马励武致友人信》', '，', '《马励武日记》', '，', '枣庄市', '出版', '办公室', '编', '《鲁南战役资料选》', '，', '山东', '人民出版社', '，', '1982', '，', '第', '152', '~', '153', '页', '。']",1945-1949：国共政争与中国命运.txt
BOOK,BOOK,"(0, 1)","(2, 3)",《马励武致友人信》,《马励武日记》,"['《马励武致友人信》', '，', '《马励武日记》', '，', '枣庄市', '出版', '办公室', '编', '《鲁南战役资料选》', '，', '山东', '人民出版社', '，', '1982', '，', '第', '152', '~', '153', '页', '。']",1945-1949：国共政争与中国命运.txt
BOOK,BOOK,"(2, 3)","(8, 9)",《马励武日记》,《鲁南战役资料选》,"['《马励武致友人信》', '，', '《马励武日记》', '，', '枣庄市', '出版', '办公室', '编', '《鲁南战役资料选》', '，', '山东', '人民出版社', '，', '1982', '，', '第', '152', '~', '153', '页', '。']",1945-1949：国共政争与中国命运.txt
Nh,BOOK,"(0, 1)","(2, 3)",蒋介石,《对匪军战斗手册之研究及对策》,"['蒋介石', '：', '《对匪军战斗手册之研究及对策》', '，', '引自', '《中国人民解放军全国解放战争史》', '第', '2', '卷', '，', '第', '262', '页', '。']",1945-1949：国共政争与中国命运.txt
Nh,BOOK,"(0, 1)","(5, 6)",蒋介石,《中国人民解放军全国解放战争史》,"['蒋介石', '：', '《对匪军战斗手册之研究及对策》', '，', '引自', '《中国人民解放军全国解放战争史》', '第', '2', '卷', '，', '第', '262', '页', '。']",1945-1949：国共政争与中国命运.txt
BOOK,BOOK,"(2, 3)","(5, 6)",《对匪军战斗手册之研究及对策》,《中国人民解放军全国解放战争史》,"['蒋介石', '：', '《对匪军战斗手册之研究及对策》', '，', '引自', '《中国人民解放军全国解放战争史》', '第', '2', '卷', '，', '第', '262', '页', '。']",1945-1949：国共政争与中国命运.txt
Nh,Ns,"(2, 3)","(4, 5)",张部,孟良崮,"['然而', '当', '张部', '在', '孟良崮', '苦战', '之', '时', '，', '援军', '却', '行动迟缓', '，', '多则', '前进', '十余公里', '，', '少', '不过', '三五', '公里', '，', '表现', '出', '缺乏', '协同', '精神', '，', '不能', '互救', '的', '顽疾', '。']",1945-1949：国共政争与中国命运.txt
Nh,Ns,"(20, 21)","(24, 25)",张灵甫,孟良崮,"['身为', '兵团', '司令', '的', '汤恩伯', '，', '在', '16', '日', '不能不', '以', '近于', '恳求', '的', '语气', '电令', '各部', '增援', '：', '“', '张灵甫', '师', '连日', '固守', '孟良崮', '孤军', '苦战', '，', '处境', '艰危', '，', '我', '奉令', '应援', '各', '部队', '，', '务须', '以', '果敢', '之', '行动', '，', '不顾一切', '，', '星夜', '进击', '，', '破', '匪军', '之', '包围', '，', '救', '袍泽', '于', '危困', '，', '以', '发扬', '我', '革命军', '亲爱精诚', '之无上', '武德', '与', '光荣', '，', '岂', '有', '徘徊不前', '、', '见', '危不救者', '，', '绝非', '我', '同胞', '所忍', '，', '亦', '恩伯所', '不忍', '言', '也', '。', '”']",1945-1949：国共政争与中国命运.txt
Ni,Ni,"(2, 8)","(9, 16)",中共山东省委党史资料征集研究委员会,中共临沂地委党史资料征集委员会,"['《国民党一兵团孟良崮战役战斗详报》', '，', '中共山东省委', '党史', '资料', '征集', '研究', '委员会', '、', '中共', '临沂', '地委', '党史', '资料', '征集', '委员会', '编', '《孟良崮战役》', '，', '山东', '人民出版社', '，', '1987', '，', '第', '427', '页', '。']",1945-1949：国共政争与中国命运.txt
Ni,BOOK,"(2, 8)","(0, 1)",中共山东省委党史资料征集研究委员会,《国民党一兵团孟良崮战役战斗详报》,"['《国民党一兵团孟良崮战役战斗详报》', '，', '中共山东省委', '党史', '资料', '征集', '研究', '委员会', '、', '中共', '临沂', '地委', '党史', '资料', '征集', '委员会', '编', '《孟良崮战役》', '，', '山东', '人民出版社', '，', '1987', '，', '第', '427', '页', '。']",1945-1949：国共政争与中国命运.txt
Ni,Ns,"(9, 16)","(19, 20)",中共临沂地委党史资料征集委员会,山东,"['《国民党一兵团孟良崮战役战斗详报》', '，', '中共山东省委', '党史', '资料', '征集', '研究', '委员会', '、', '中共', '临沂', '地委', '党史', '资料', '征集', '委员会', '编', '《孟良崮战役》', '，', '山东', '人民出版社', '，', '1987', '，', '第', '427', '页', '。']",1945-1949：国共政争与中国命运.txt
Ni,BOOK,"(9, 16)","(17, 18)",中共临沂地委党史资料征集委员会,《孟良崮战役》,"['《国民党一兵团孟良崮战役战斗详报》', '，', '中共山东省委', '党史', '资料', '征集', '研究', '委员会', '、', '中共', '临沂', '地委', '党史', '资料', '征集', '委员会', '编', '《孟良崮战役》', '，', '山东', '人民出版社', '，', '1987', '，', '第', '427', '页', '。']",1945-1949：国共政争与中国命运.txt
Ns,BOOK,"(19, 20)","(17, 18)",山东,《孟良崮战役》,"['《国民党一兵团孟良崮战役战斗详报》', '，', '中共山东省委', '党史', '资料', '征集', '研究', '委员会', '、', '中共', '临沂', '地委', '党史', '资料', '征集', '委员会', '编', '《孟良崮战役》', '，', '山东', '人民出版社', '，', '1987', '，', '第', '427', '页', '。']",1945-1949：国共政争与中国命运.txt
Nh,Ns,"(2, 3)","(6, 7)",张部,孟良崮,"['可是', '直至', '张部', '覆灭', '，', '离', '孟良崮', '最近', '的', '整', '二十五', '师', '仍', '在', '10', '里', '开外', '的', '界牌', '，', '炮声', '相闻', '，', '而终', '不见', '援兵', '之', '至', '，', '陈毅', '称', '此役', '为', '“', '百万', '军中', '取', '上将', '首级', '”', '，', '当', '不为过', '。']",1945-1949：国共政争与中国命运.txt
Nh,Nh,"(4, 5)","(8, 9)",张灵甫,蒋介石,"['战役', '开始', '前', '，', '张灵甫', '曾', '在', '给', '蒋介石', '的', '电文', '中称', '：', '“', '以', '国军', '表现', '于', '战场', '者', '，', '勇者', '任其', '自进', '，', '怯者', '听', '其', '裹足', '，', '牺牲者', '牺牲', '而已', '，', '机巧', '者', '自为', '得志', '，', '赏难', '尽明', '，', '罚', '每', '欠当', '，', '彼此', '多存', '观望', '，', '难得', '合作', '，', '各自', '为谋', '，', '同床异梦', '，', '匪能', '进退', '飘忽', '，', '来去自如', '，', '我', '则', '一进', '一退', '，', '俱多', '牵制', '，', '匪诚', '无可', '畏', '，', '可畏', '者', '我', '将领', '意志', '之', '不能', '统一', '耳', '。', '”']",1945-1949：国共政争与中国命运.txt
Nh,BOOK,"(0, 1)","(2, 3)",秦孝仪,《总统蒋公大事长编初稿》,"['秦孝仪', '主编', '《总统蒋公大事长编初稿》', '卷', '6', '（', '下', '）', '，', '第', '446', '页', '。']",1945-1949：国共政争与中国命运.txt
Nh,BOOK,"(0, 1)","(2, 3)",秦孝仪,《总统蒋公大事长编初稿》,"['秦孝仪', '主编', '《总统蒋公大事长编初稿》', '卷', '6', '（', '下', '）', '，', '第', '467', '、', '462', '~', '463', '、', '471', '页', '；']",1945-1949：国共政争与中国命运.txt
BOOK,BOOK,"(0, 1)","(5, 6)",《主席对孟良崮战役之讲评》,《一年来剿匪重要战役之检讨》,"['《主席对孟良崮战役之讲评》', '，', '军官', '训练团', '编印', '《一年来剿匪重要战役之检讨》', '，', '1947', '，', '第', '55', '~', '57', '页', '。']",1945-1949：国共政争与中国命运.txt
Ns,Nh,"(2, 3)","(4, 5)",绥区,胡临聪,"['据', '第五', '绥区', '副司令', '胡临聪', '回忆', '，', '在', '1946', '年', '9', '月', '的', '定陶', '战役', '中', '，', '整三', '师师长', '赵锡田为', '陆军', '总司令', '顾祝同', '的', '外甥', '，', '为', '人', '骄横', '跋扈', '，', '对绥区', '抱', '若有若无', '态度', '，', '私人', '之间', '亦', '少', '接触', '，', '彼此', '存有', '隔阂', '。']",1945-1949：国共政争与中国命运.txt
Ns,Nh,"(13, 14)","(19, 20)",定陶,赵锡田为,"['据', '第五', '绥区', '副司令', '胡临聪', '回忆', '，', '在', '1946', '年', '9', '月', '的', '定陶', '战役', '中', '，', '整三', '师师长', '赵锡田为', '陆军', '总司令', '顾祝同', '的', '外甥', '，', '为', '人', '骄横', '跋扈', '，', '对绥区', '抱', '若有若无', '态度', '，', '私人', '之间', '亦', '少', '接触', '，', '彼此', '存有', '隔阂', '。']",1945-1949：国共政争与中国命运.txt
Nh,Nh,"(19, 20)","(22, 23)",赵锡田为,顾祝同,"['据', '第五', '绥区', '副司令', '胡临聪', '回忆', '，', '在', '1946', '年', '9', '月', '的', '定陶', '战役', '中', '，', '整三', '师师长', '赵锡田为', '陆军', '总司令', '顾祝同', '的', '外甥', '，', '为', '人', '骄横', '跋扈', '，', '对绥区', '抱', '若有若无', '态度', '，', '私人', '之间', '亦', '少', '接触', '，', '彼此', '存有', '隔阂', '。']",1945-1949：国共政争与中国命运.txt
Ns,Nh,"(10, 11)","(12, 13)",绥区,孙震,"['他', '接到', '郑州', '绥署', '的', '进攻', '命令', '后', '，', '不向', '绥区', '司令', '孙震', '请示', '即径', '往', '前线', '，', '意欲', '一战', '成名', '而', '取代', '孙', '的', '位置', '，', '使孙', '甚为', '不满', '。']",1945-1949：国共政争与中国命运.txt
Nh,Nh,"(1, 2)","(8, 9)",赵部,孙,"['当', '赵部', '被', '围', '请求', '增援', '时', '，', '孙', '有意', '使', '赵', '栽跟斗', '，', '以报', '赵', '目中无人', '并', '企图', '取而代之', '之恨', '，', '没有', '令', '在', '附近', '的', '整', '四十一', '师', '积极', '增援', '，', '致整', '三师', '被歼', '，', '赵锡田', '被俘', '。']",1945-1949：国共政争与中国命运.txt
Nh,Nh,"(8, 9)","(11, 12)",孙,赵,"['当', '赵部', '被', '围', '请求', '增援', '时', '，', '孙', '有意', '使', '赵', '栽跟斗', '，', '以报', '赵', '目中无人', '并', '企图', '取而代之', '之恨', '，', '没有', '令', '在', '附近', '的', '整', '四十一', '师', '积极', '增援', '，', '致整', '三师', '被歼', '，', '赵锡田', '被俘', '。']",1945-1949：国共政争与中国命运.txt
Nh,Nh,"(8, 9)","(15, 16)",孙,赵,"['当', '赵部', '被', '围', '请求', '增援', '时', '，', '孙', '有意', '使', '赵', '栽跟斗', '，', '以报', '赵', '目中无人', '并', '企图', '取而代之', '之恨', '，', '没有', '令', '在', '附近', '的', '整', '四十一', '师', '积极', '增援', '，', '致整', '三师', '被歼', '，', '赵锡田', '被俘', '。']",1945-1949：国共政争与中国命运.txt
Nh,Nh,"(11, 12)","(15, 16)",赵,赵,"['当', '赵部', '被', '围', '请求', '增援', '时', '，', '孙', '有意', '使', '赵', '栽跟斗', '，', '以报', '赵', '目中无人', '并', '企图', '取而代之', '之恨', '，', '没有', '令', '在', '附近', '的', '整', '四十一', '师', '积极', '增援', '，', '致整', '三师', '被歼', '，', '赵锡田', '被俘', '。']",1945-1949：国共政争与中国命运.txt
Nh,Nh,"(0, 1)","(3, 4)",胡临聪,蒋军,"['胡临聪', '：', '《', '蒋军', '进犯', '晋冀鲁豫', '解放区', '和', '整三师', '赵锡田部', '的', '被歼', '》', '，', '《文史资料选辑》', '第', '28', '辑', '，', '第', '58', '页', '。']",1945-1949：国共政争与中国命运.txt
Nh,Nh,"(3, 4)","(9, 10)",蒋军,赵锡田部,"['胡临聪', '：', '《', '蒋军', '进犯', '晋冀鲁豫', '解放区', '和', '整三师', '赵锡田部', '的', '被歼', '》', '，', '《文史资料选辑》', '第', '28', '辑', '，', '第', '58', '页', '。']",1945-1949：国共政争与中国命运.txt
Nh,BOOK,"(9, 10)","(14, 15)",赵锡田部,《文史资料选辑》,"['胡临聪', '：', '《', '蒋军', '进犯', '晋冀鲁豫', '解放区', '和', '整三师', '赵锡田部', '的', '被歼', '》', '，', '《文史资料选辑》', '第', '28', '辑', '，', '第', '58', '页', '。']",1945-1949：国共政争与中国命运.txt
Nh,BOOK,"(0, 1)","(2, 3)",孙元良,《亿万光年中的一瞬》,"['孙元良', '：', '《亿万光年中的一瞬》', '，', '第', '286', '页', '。']",1945-1949：国共政争与中国命运.txt
Nh,Nh,"(20, 21)","(22, 23)",刘峙,李仙洲,"['国民党', '军', '不少', '战区', '主官', '仍为', '长期', '没有', '实战', '历练', '的', '老朽', '无能之辈', '占据', '，', '其中', '明显', '的', '例子', '是', '刘峙', '和', '李仙洲', '。']",1945-1949：国共政争与中国命运.txt
Ns,Nh,"(6, 7)","(11, 12)",莱芜,李仙洲,"['1947', '年', '2', '月', '，', '守', '莱芜', '的', '第二', '绥区', '副司令', '李仙洲', '突围', '心切', '，', '率部', '出', '莱芜', '城后', '，', '未派', '部队', '占据', '突围', '路线', '外侧', '山地', '要点', '掩护', '，', '也', '未', '派', '部队', '留守', '莱芜', '以为', '支持', '，', '结果', '被', '中共', '华东野战军', '于', '前', '设伏', '，', '于', '后断', '其', '回城', '之', '路', '，', '而', '李', '部位', '于', '狭长', '地段', '，', '机动', '空间', '有限', '，', '不能', '展开', '，', '只能', '被迫', '向', '内', '收缩', '，', '致', '互相', '拥挤', '，', '队形', '大乱', '，', '无法', '实施', '有效', '指挥', '。']",1945-1949：国共政争与中国命运.txt
Nh,Ni,"(11, 12)","(15, 16)",李仙洲,率部,"['1947', '年', '2', '月', '，', '守', '莱芜', '的', '第二', '绥区', '副司令', '李仙洲', '突围', '心切', '，', '率部', '出', '莱芜', '城后', '，', '未派', '部队', '占据', '突围', '路线', '外侧', '山地', '要点', '掩护', '，', '也', '未', '派', '部队', '留守', '莱芜', '以为', '支持', '，', '结果', '被', '中共', '华东野战军', '于', '前', '设伏', '，', '于', '后断', '其', '回城', '之', '路', '，', '而', '李', '部位', '于', '狭长', '地段', '，', '机动', '空间', '有限', '，', '不能', '展开', '，', '只能', '被迫', '向', '内', '收缩', '，', '致', '互相', '拥挤', '，', '队形', '大乱', '，', '无法', '实施', '有效', '指挥', '。']",1945-1949：国共政争与中国命运.txt
Nh,Ns,"(11, 12)","(17, 18)",李仙洲,莱芜,"['1947', '年', '2', '月', '，', '守', '莱芜', '的', '第二', '绥区', '副司令', '李仙洲', '突围', '心切', '，', '率部', '出', '莱芜', '城后', '，', '未派', '部队', '占据', '突围', '路线', '外侧', '山地', '要点', '掩护', '，', '也', '未', '派', '部队', '留守', '莱芜', '以为', '支持', '，', '结果', '被', '中共', '华东野战军', '于', '前', '设伏', '，', '于', '后断', '其', '回城', '之', '路', '，', '而', '李', '部位', '于', '狭长', '地段', '，', '机动', '空间', '有限', '，', '不能', '展开', '，', '只能', '被迫', '向', '内', '收缩', '，', '致', '互相', '拥挤', '，', '队形', '大乱', '，', '无法', '实施', '有效', '指挥', '。']",1945-1949：国共政争与中国命运.txt
Ni,Ns,"(15, 16)","(17, 18)",率部,莱芜,"['1947', '年', '2', '月', '，', '守', '莱芜', '的', '第二', '绥区', '副司令', '李仙洲', '突围', '心切', '，', '率部', '出', '莱芜', '城后', '，', '未派', '部队', '占据', '突围', '路线', '外侧', '山地', '要点', '掩护', '，', '也', '未', '派', '部队', '留守', '莱芜', '以为', '支持', '，', '结果', '被', '中共', '华东野战军', '于', '前', '设伏', '，', '于', '后断', '其', '回城', '之', '路', '，', '而', '李', '部位', '于', '狭长', '地段', '，', '机动', '空间', '有限', '，', '不能', '展开', '，', '只能', '被迫', '向', '内', '收缩', '，', '致', '互相', '拥挤', '，', '队形', '大乱', '，', '无法', '实施', '有效', '指挥', '。']",1945-1949：国共政争与中国命运.txt
Nh,Nh,"(3, 4)","(9, 10)",蒋介石,李仙洲,"['事后', '检讨', '，', '蒋介石', '认为', '失败', '“', '全', '在于', '李仙洲', '司令官', '指挥', '部署', '之', '错误', '及其', '怕', '敌', '心理', '所', '造成', '”', '，', '并', '训斥', '负责', '指挥', '的', '王耀武', '说', '：', '这次', '你', '选派', '的', '将领', '也', '不', '适当', '，', '李仙洲', '的', '指挥', '能力差', '，', '你', '不', '知道', '吗', '？']",1945-1949：国共政争与中国命运.txt
Nh,BOOK,"(0, 1)","(2, 3)",秦孝仪,《总统蒋公大事长编初稿》,"['秦孝仪', '主编', '《总统蒋公大事长编初稿》', '卷', '6', '（', '上', '）', '，', '第', '394', '~', '396', '页', '；']",1945-1949：国共政争与中国命运.txt
Nh,BOOK,"(0, 1)","(2, 3)",王耀武,《莱芜蒋军被歼记》,"['王耀武', '：', '《莱芜蒋军被歼记》', '，', '《文史资料选辑》', '第', '8', '辑', '，', '第', '129', '页', '。']",1945-1949：国共政争与中国命运.txt
Nh,BOOK,"(0, 1)","(4, 5)",王耀武,《文史资料选辑》,"['王耀武', '：', '《莱芜蒋军被歼记》', '，', '《文史资料选辑》', '第', '8', '辑', '，', '第', '129', '页', '。']",1945-1949：国共政争与中国命运.txt
BOOK,BOOK,"(2, 3)","(4, 5)",《莱芜蒋军被歼记》,《文史资料选辑》,"['王耀武', '：', '《莱芜蒋军被歼记》', '，', '《文史资料选辑》', '第', '8', '辑', '，', '第', '129', '页', '。']",1945-1949：国共政争与中国命运.txt
BOOK,BOOK,"(0, 1)","(2, 3)",《国民党一兵团孟良崮战役战斗详报》,《孟良崮战役》,"['《国民党一兵团孟良崮战役战斗详报》', '，', '《孟良崮战役》', '，', '第', '251', '~', '253', '、', '432', '~', '433', '页', '。']",1945-1949：国共政争与中国命运.txt
Ni,Ns,"(7, 8)","(14, 15)",统帅部,绥靖区,"['同时', '，', '军队', '指挥系统', '叠床架屋', '，', '自', '统帅部', '至', '行营', '（', '或', '绥署', '、', '绥靖区', '）', '至军', '至师', '，', '至少', '有', '四五级', '之多', '，', '命令', '来回', '反复', '，', '大大', '削弱', '了', '部队', '战斗力', '。']",1945-1949：国共政争与中国命运.txt
Ns,Nh,"(0, 1)","(6, 7)",莱芜,王耀武,"['莱芜', '之战', '，', '第二', '绥区', '司令', '王耀武', '判断', '华野', '将', '围攻', '李仙洲部', '，', '遂', '于', '2', '月', '16', '日令', '李部', '后撤', '，', '但', '徐州', '绥署', '和', '南京', '统帅部', '则', '判断', '为', '“', '共', '军', '败退', '”', '，', '严令', '李部', '重回', '原地', '。']",1945-1949：国共政争与中国命运.txt
Nh,Nh,"(6, 7)","(11, 12)",王耀武,李仙洲部,"['莱芜', '之战', '，', '第二', '绥区', '司令', '王耀武', '判断', '华野', '将', '围攻', '李仙洲部', '，', '遂', '于', '2', '月', '16', '日令', '李部', '后撤', '，', '但', '徐州', '绥署', '和', '南京', '统帅部', '则', '判断', '为', '“', '共', '军', '败退', '”', '，', '严令', '李部', '重回', '原地', '。']",1945-1949：国共政争与中国命运.txt
Nh,Ns,"(19, 20)","(23, 24)",李部,徐州,"['莱芜', '之战', '，', '第二', '绥区', '司令', '王耀武', '判断', '华野', '将', '围攻', '李仙洲部', '，', '遂', '于', '2', '月', '16', '日令', '李部', '后撤', '，', '但', '徐州', '绥署', '和', '南京', '统帅部', '则', '判断', '为', '“', '共', '军', '败退', '”', '，', '严令', '李部', '重回', '原地', '。']",1945-1949：国共政争与中国命运.txt
Nh,Ns,"(19, 20)","(26, 27)",李部,南京,"['莱芜', '之战', '，', '第二', '绥区', '司令', '王耀武', '判断', '华野', '将', '围攻', '李仙洲部', '，', '遂', '于', '2', '月', '16', '日令', '李部', '后撤', '，', '但', '徐州', '绥署', '和', '南京', '统帅部', '则', '判断', '为', '“', '共', '军', '败退', '”', '，', '严令', '李部', '重回', '原地', '。']",1945-1949：国共政争与中国命运.txt
Ns,Ns,"(23, 24)","(26, 27)",徐州,南京,"['莱芜', '之战', '，', '第二', '绥区', '司令', '王耀武', '判断', '华野', '将', '围攻', '李仙洲部', '，', '遂', '于', '2', '月', '16', '日令', '李部', '后撤', '，', '但', '徐州', '绥署', '和', '南京', '统帅部', '则', '判断', '为', '“', '共', '军', '败退', '”', '，', '严令', '李部', '重回', '原地', '。']",1945-1949：国共政争与中国命运.txt
Nh,Nh,"(10, 11)","(16, 17)",王耀武,李部,"['及至', '19', '日', '，', '华野', '出现', '在', '李部', '四周', '，', '王耀武', '不', '等', '上峰', '批准', '即命', '李部', '火速', '后撤', '。']",1945-1949：国共政争与中国命运.txt
Ni,Ni,"(0, 4)","(5, 9)",山东省政协文史资料委员会,莱芜市政协文史资料委员会,"['山东省', '政协', '文史资料', '委员会', '、', '莱芜市', '政协', '文史资料', '委员会', '合编', '《莱芜战役纪实》', '，', '中国', '文史', '出版社', '，', '1995', '，', '第', '287', '、', '162', '页', '。']",1945-1949：国共政争与中国命运.txt
Ni,BOOK,"(0, 4)","(10, 11)",山东省政协文史资料委员会,《莱芜战役纪实》,"['山东省', '政协', '文史资料', '委员会', '、', '莱芜市', '政协', '文史资料', '委员会', '合编', '《莱芜战役纪实》', '，', '中国', '文史', '出版社', '，', '1995', '，', '第', '287', '、', '162', '页', '。']",1945-1949：国共政争与中国命运.txt
Ni,Ni,"(5, 9)","(12, 15)",莱芜市政协文史资料委员会,中国文史出版社,"['山东省', '政协', '文史资料', '委员会', '、', '莱芜市', '政协', '文史资料', '委员会', '合编', '《莱芜战役纪实》', '，', '中国', '文史', '出版社', '，', '1995', '，', '第', '287', '、', '162', '页', '。']",1945-1949：国共政争与中国命运.txt
Ni,BOOK,"(5, 9)","(10, 11)",莱芜市政协文史资料委员会,《莱芜战役纪实》,"['山东省', '政协', '文史资料', '委员会', '、', '莱芜市', '政协', '文史资料', '委员会', '合编', '《莱芜战役纪实》', '，', '中国', '文史', '出版社', '，', '1995', '，', '第', '287', '、', '162', '页', '。']",1945-1949：国共政争与中国命运.txt
Ni,BOOK,"(12, 15)","(10, 11)",中国文史出版社,《莱芜战役纪实》,"['山东省', '政协', '文史资料', '委员会', '、', '莱芜市', '政协', '文史资料', '委员会', '合编', '《莱芜战役纪实》', '，', '中国', '文史', '出版社', '，', '1995', '，', '第', '287', '、', '162', '页', '。']",1945-1949：国共政争与中国命运.txt
Ns,Ns,"(10, 11)","(12, 13)",中原,苏北,"['在', '情报', '方面', '，', '内战', '初期', '，', '国民党', '军', '进攻', '中原', '、', '苏北', '、', '延安', '、', '山东', '的', '情报', '均', '为', '中共', '事先', '所获', '，', '令其', '在', '军事', '上', '处于', '非常', '被动', '的', '地位', '，', '而且', '使', '统帅部', '的', '决策', '几无', '秘密', '可言', '。']",1945-1949：国共政争与中国命运.txt
Ns,Ns,"(10, 11)","(14, 15)",中原,延安,"['在', '情报', '方面', '，', '内战', '初期', '，', '国民党', '军', '进攻', '中原', '、', '苏北', '、', '延安', '、', '山东', '的', '情报', '均', '为', '中共', '事先', '所获', '，', '令其', '在', '军事', '上', '处于', '非常', '被动', '的', '地位', '，', '而且', '使', '统帅部', '的', '决策', '几无', '秘密', '可言', '。']",1945-1949：国共政争与中国命运.txt
Ns,Ns,"(10, 11)","(16, 17)",中原,山东,"['在', '情报', '方面', '，', '内战', '初期', '，', '国民党', '军', '进攻', '中原', '、', '苏北', '、', '延安', '、', '山东', '的', '情报', '均', '为', '中共', '事先', '所获', '，', '令其', '在', '军事', '上', '处于', '非常', '被动', '的', '地位', '，', '而且', '使', '统帅部', '的', '决策', '几无', '秘密', '可言', '。']",1945-1949：国共政争与中国命运.txt
Ns,Ns,"(12, 13)","(14, 15)",苏北,延安,"['在', '情报', '方面', '，', '内战', '初期', '，', '国民党', '军', '进攻', '中原', '、', '苏北', '、', '延安', '、', '山东', '的', '情报', '均', '为', '中共', '事先', '所获', '，', '令其', '在', '军事', '上', '处于', '非常', '被动', '的', '地位', '，', '而且', '使', '统帅部', '的', '决策', '几无', '秘密', '可言', '。']",1945-1949：国共政争与中国命运.txt
Ns,Ns,"(12, 13)","(16, 17)",苏北,山东,"['在', '情报', '方面', '，', '内战', '初期', '，', '国民党', '军', '进攻', '中原', '、', '苏北', '、', '延安', '、', '山东', '的', '情报', '均', '为', '中共', '事先', '所获', '，', '令其', '在', '军事', '上', '处于', '非常', '被动', '的', '地位', '，', '而且', '使', '统帅部', '的', '决策', '几无', '秘密', '可言', '。']",1945-1949：国共政争与中国命运.txt
Ns,Ns,"(14, 15)","(16, 17)",延安,山东,"['在', '情报', '方面', '，', '内战', '初期', '，', '国民党', '军', '进攻', '中原', '、', '苏北', '、', '延安', '、', '山东', '的', '情报', '均', '为', '中共', '事先', '所获', '，', '令其', '在', '军事', '上', '处于', '非常', '被动', '的', '地位', '，', '而且', '使', '统帅部', '的', '决策', '几无', '秘密', '可言', '。']",1945-1949：国共政争与中国命运.txt
Nh,BOOK,"(23, 24)","(25, 26)",秦孝仪,《先总统蒋公思想言论总集》,"['《', '一年', '来', '剿匪', '军事', '之', '经过', '与', '高级将领', '应', '注意', '之', '事项', '》', '（', '1947', '年', '10', '月', '6', '日', '）', '，', '秦孝仪', '主编', '《先总统蒋公思想言论总集》', '卷', '22', '，', '第', '268', '页', '；']",1945-1949：国共政争与中国命运.txt
Ns,Ns,"(19, 20)","(26, 27)",五六百里,青岛,"['蒋介石', '不明', '底里', '，', '居然', '大夸其', '“', '从', '莱芜', '带', '了', '一百余', '人', '，', '在', '敌人', '的', '后方', '横行', '五六百里', '，', '历时', '十余日', '，', '最后', '安抵', '青岛', '…', '…']",1945-1949：国共政争与中国命运.txt
Nh,BOOK,"(10, 11)","(12, 13)",秦孝仪,《先总统蒋公思想言论总集》,"['《国军剿匪必胜的原因与剿匪战术的改进》', '(', '1947', '年', '4', '月', '15', '日', ')', '，', '秦孝仪', '主编', '《先总统蒋公思想言论总集》', '卷', '22', '，', '第', '64', '页', '。']",1945-1949：国共政争与中国命运.txt
Nh,BOOK,"(10, 11)","(12, 13)",张其昀,《先总统蒋公全集》,"['《整军的目的与高级将领的责任》', '（', '1946', '年', '4', '月', '3', '日', '）', '，', '张其昀', '主编', '《先总统蒋公全集》', '第', '2', '卷', '，', '第', '1807', '页', '。']",1945-1949：国共政争与中国命运.txt
