Ns,Ns,"(12, 13)","(17, 18)",台湾,中国,"['他们', '誓死保卫', '的', '是', '自己', '的', '家园', '，', '是', '包括', '大陆', '和', '台湾', '在内', '的', '所有', '的', '中国', '的', '父老乡亲', '啊', '！']",国军抗战史.txt
Ns,Ns,"(7, 8)","(12, 13)",日本,日本,"['在', '会战', '中', '，', '国民党', '空军', '炸毁', '日本', '海军陆战队', '司令部', '，', '炸沉', '日本', '海军', '第三', '舰队', '旗舰', '，']",国军抗战史.txt
Ns,Ns,"(6, 7)","(13, 14)",上海,中国,"['淞沪', '会战', '未能', '阻止', '日军', '占领', '上海', '，', '却', '改变', '了', '日军', '在', '中国', '战场', '的', '战略部署', '，']",国军抗战史.txt
Ns,Ns,"(2, 3)","(5, 6)",上海,重庆,"['还', '为', '上海', '资本', '向', '重庆', '转移', '，', '赢得', '三个', '月', '的', '宝贵时间', '。']",国军抗战史.txt
Ns,Nh,"(4, 5)","(6, 7)",缅甸,于邦,"['在', '新', '一军', '攻占', '缅甸', '重镇', '于邦', '的', '时候', '，', '下属', '向', '孙立人', '询问', '，', '如何', '处理', '日军', '战俘', '，']",国军抗战史.txt
Ns,Ns,"(12, 13)","(16, 17)",中国,中国,"['""', '你', '去', '问问', '那些', '狗', '杂种', '，', '都', '谁', '到', '过', '中国', '，', '到', '过', '中国', '的', '就', '地', '枪毙', '，', '以后', '都', '这样', '""', '。']",国军抗战史.txt
Ns,Ns,"(1, 2)","(7, 8)",武汉,不列颠,"['在', '武汉', '上空', '爆发', '过', '持续时间', '仅次于', '不列颠', '空战', '的', '武汉', '空战', '。']",国军抗战史.txt
Ns,Ns,"(7, 8)","(10, 11)",不列颠,武汉,"['在', '武汉', '上空', '爆发', '过', '持续时间', '仅次于', '不列颠', '空战', '的', '武汉', '空战', '。']",国军抗战史.txt
Ns,Nh,"(6, 7)","(12, 13)",日本,蒋,"['日军', '投降书', '文中', '多次', '出现', '：', '日本', '陆海空军', '及其', '辅助', '部队', '向', '蒋', '委员长', '投降', '，']",国军抗战史.txt
Nh,Nh,"(8, 9)","(14, 15)",蒋中正,何应钦,"['受降', '落款', '是', '：', '中国战区', '最高', '统帅', '特级上将', '蒋中正', '特派', '代表', '陆军', '一级', '上将', '何应钦', '。']",国军抗战史.txt
Nh,Nh,"(6, 7)","(8, 9)",冯玉祥,顾祝同,"['参战', '的', '国民党', '主要', '将领', '：', '冯玉祥', ' ', '顾祝同', '陈诚', '张治中']",国军抗战史.txt
Ns,Ns,"(11, 12)","(15, 16)",中国,上海,"['战前', '日本', '曾', '嚣张', '的', '说', '，', '三个', '月', '可以', '灭亡', '中国', '，', '结果', '光在', '上海', '战场', '就', '打', '了', '三个', '月', '，']",国军抗战史.txt
Ns,Ns,"(0, 1)","(6, 7)",中国,日本,"['中国', '军民', '浴血苦战', '，', '粉碎', '了', '日本', '""', '三个', '月', '灭亡', '中国', '""', '的', '狂妄', '计划', '，']",国军抗战史.txt
Ns,Ns,"(6, 7)","(11, 12)",日本,中国,"['中国', '军民', '浴血苦战', '，', '粉碎', '了', '日本', '""', '三个', '月', '灭亡', '中国', '""', '的', '狂妄', '计划', '，']",国军抗战史.txt
Nh,Nh,"(6, 7)","(8, 9)",阎锡山,卫立煌,"['参战', '的', '国民党', '主要', '将领', '：', '阎锡山', ' ', '卫立煌', ' ', '孙连仲', '傅作义', '郝梦龄', '（', '阵亡', '）', '王', '靖国']",国军抗战史.txt
Nh,Nh,"(6, 7)","(10, 13)",阎锡山,孙连仲傅作义郝梦龄,"['参战', '的', '国民党', '主要', '将领', '：', '阎锡山', ' ', '卫立煌', ' ', '孙连仲', '傅作义', '郝梦龄', '（', '阵亡', '）', '王', '靖国']",国军抗战史.txt
Nh,Nh,"(8, 9)","(10, 13)",卫立煌,孙连仲傅作义郝梦龄,"['参战', '的', '国民党', '主要', '将领', '：', '阎锡山', ' ', '卫立煌', ' ', '孙连仲', '傅作义', '郝梦龄', '（', '阵亡', '）', '王', '靖国']",国军抗战史.txt
Ns,Ns,"(9, 10)","(12, 13)",大同,太原,"['1937', '年', '9', '月', '13', '日', '，', '日军', '占领', '大同', '后', '向', '太原', '进攻', '，', '此时', '中国', '守军', '英勇', '抵抗', '，', '付出', '了', '重大', '牺牲', '，']",国军抗战史.txt
Ns,Ns,"(9, 10)","(16, 17)",大同,中国,"['1937', '年', '9', '月', '13', '日', '，', '日军', '占领', '大同', '后', '向', '太原', '进攻', '，', '此时', '中国', '守军', '英勇', '抵抗', '，', '付出', '了', '重大', '牺牲', '，']",国军抗战史.txt
Ns,Ns,"(12, 13)","(16, 17)",太原,中国,"['1937', '年', '9', '月', '13', '日', '，', '日军', '占领', '大同', '后', '向', '太原', '进攻', '，', '此时', '中国', '守军', '英勇', '抵抗', '，', '付出', '了', '重大', '牺牲', '，']",国军抗战史.txt
Ns,Ns,"(14, 15)","(16, 17)",北京,汉口,"['忻口', '会战', '大量', '消耗', '日军', '有生力量', '，', '牵制', '了', '日军', '沿', '平汉铁路', '（', '今', '北京', '－', '汉口', '）', '南下', '的', '作战', '行动', '，']",国军抗战史.txt
Nh,Nh,"(6, 7)","(8, 9)",李宗仁,孙连仲,"['参战', '的', '国民党', '主要', '将领', '：', '李宗仁', ' ', '孙连仲', ' ', '汤恩伯', ' ', '张自忠', '庞炳勋', '王铭章', '（', '阵亡', '）']",国军抗战史.txt
Nh,Nh,"(6, 7)","(12, 15)",李宗仁,张自忠庞炳勋王铭章,"['参战', '的', '国民党', '主要', '将领', '：', '李宗仁', ' ', '孙连仲', ' ', '汤恩伯', ' ', '张自忠', '庞炳勋', '王铭章', '（', '阵亡', '）']",国军抗战史.txt
Nh,Nh,"(8, 9)","(12, 15)",孙连仲,张自忠庞炳勋王铭章,"['参战', '的', '国民党', '主要', '将领', '：', '李宗仁', ' ', '孙连仲', ' ', '汤恩伯', ' ', '张自忠', '庞炳勋', '王铭章', '（', '阵亡', '）']",国军抗战史.txt
Nh,Nh,"(12, 15)","(16, 17)",张自忠庞炳勋王铭章,阵亡,"['参战', '的', '国民党', '主要', '将领', '：', '李宗仁', ' ', '孙连仲', ' ', '汤恩伯', ' ', '张自忠', '庞炳勋', '王铭章', '（', '阵亡', '）']",国军抗战史.txt
Ns,Ns,"(0, 1)","(3, 4)",徐州,滕县,"['徐州', '会战', '包括', '滕县', '血战', '、', '临沂', '之战', '、', '台儿庄', '大捷', '和', '徐州', '突围', '四', '部分', '。']",国军抗战史.txt
Ns,Ni,"(0, 1)","(6, 8)",徐州,临沂之战,"['徐州', '会战', '包括', '滕县', '血战', '、', '临沂', '之战', '、', '台儿庄', '大捷', '和', '徐州', '突围', '四', '部分', '。']",国军抗战史.txt
Ns,Ni,"(3, 4)","(6, 8)",滕县,临沂之战,"['徐州', '会战', '包括', '滕县', '血战', '、', '临沂', '之战', '、', '台儿庄', '大捷', '和', '徐州', '突围', '四', '部分', '。']",国军抗战史.txt
Ns,Ns,"(3, 4)","(9, 10)",滕县,台儿庄,"['徐州', '会战', '包括', '滕县', '血战', '、', '临沂', '之战', '、', '台儿庄', '大捷', '和', '徐州', '突围', '四', '部分', '。']",国军抗战史.txt
Ni,Ns,"(6, 8)","(9, 10)",临沂之战,台儿庄,"['徐州', '会战', '包括', '滕县', '血战', '、', '临沂', '之战', '、', '台儿庄', '大捷', '和', '徐州', '突围', '四', '部分', '。']",国军抗战史.txt
Ni,Ns,"(6, 8)","(12, 13)",临沂之战,徐州,"['徐州', '会战', '包括', '滕县', '血战', '、', '临沂', '之战', '、', '台儿庄', '大捷', '和', '徐州', '突围', '四', '部分', '。']",国军抗战史.txt
Ns,Ns,"(9, 10)","(12, 13)",台儿庄,徐州,"['徐州', '会战', '包括', '滕县', '血战', '、', '临沂', '之战', '、', '台儿庄', '大捷', '和', '徐州', '突围', '四', '部分', '。']",国军抗战史.txt
Ns,Ns,"(3, 4)","(7, 8)",滕县,台儿庄,"['川军', '打', '的', '滕县', '血战', '，', '为', '台儿庄', '布阵', '争取', '了', '两天', '时间', '。']",国军抗战史.txt
Nh,Ns,"(0, 1)","(3, 4)",张自忠,临沂,"['张自忠', '指挥', '的', '临沂', '大战', '，', '粉碎', '了', '日军', '两路', '夹击', '台儿庄', '的', '计划', '。']",国军抗战史.txt
Ns,Ns,"(3, 4)","(9, 10)",临沂,两路,"['张自忠', '指挥', '的', '临沂', '大战', '，', '粉碎', '了', '日军', '两路', '夹击', '台儿庄', '的', '计划', '。']",国军抗战史.txt
Ns,Ns,"(9, 10)","(11, 12)",两路,台儿庄,"['张自忠', '指挥', '的', '临沂', '大战', '，', '粉碎', '了', '日军', '两路', '夹击', '台儿庄', '的', '计划', '。']",国军抗战史.txt
Ns,Ns,"(4, 5)","(7, 8)",台儿庄,徐州,"['可以', '说', '，', '从', '台儿庄', '大捷', '到', '徐州', '大', '突围', '，', '是', '蒋介石', '整饬', '军纪', '、', '扎稳', '阵脚', '之后', '，', '砍', '出', '的', '漂亮', '的', '两', '板斧', '。']",国军抗战史.txt
Ns,Nh,"(7, 8)","(12, 13)",徐州,蒋介石,"['可以', '说', '，', '从', '台儿庄', '大捷', '到', '徐州', '大', '突围', '，', '是', '蒋介石', '整饬', '军纪', '、', '扎稳', '阵脚', '之后', '，', '砍', '出', '的', '漂亮', '的', '两', '板斧', '。']",国军抗战史.txt
Nh,Nh,"(6, 7)","(8, 9)",程潜,薛岳,"['参战', '的', '国民党', '主要', '将领', '：', '程潜', ' ', '薛岳', ' ', '邱清泉', ' ', '桂永清', ' ', '宋希濂', '杜聿明', '龙慕', '韩', '（', '枪毙', '）']",国军抗战史.txt
Nh,Nh,"(6, 7)","(10, 11)",程潜,邱清泉,"['参战', '的', '国民党', '主要', '将领', '：', '程潜', ' ', '薛岳', ' ', '邱清泉', ' ', '桂永清', ' ', '宋希濂', '杜聿明', '龙慕', '韩', '（', '枪毙', '）']",国军抗战史.txt
Nh,Ns,"(6, 7)","(12, 13)",程潜,桂永清,"['参战', '的', '国民党', '主要', '将领', '：', '程潜', ' ', '薛岳', ' ', '邱清泉', ' ', '桂永清', ' ', '宋希濂', '杜聿明', '龙慕', '韩', '（', '枪毙', '）']",国军抗战史.txt
Nh,Nh,"(8, 9)","(10, 11)",薛岳,邱清泉,"['参战', '的', '国民党', '主要', '将领', '：', '程潜', ' ', '薛岳', ' ', '邱清泉', ' ', '桂永清', ' ', '宋希濂', '杜聿明', '龙慕', '韩', '（', '枪毙', '）']",国军抗战史.txt
Nh,Ns,"(8, 9)","(12, 13)",薛岳,桂永清,"['参战', '的', '国民党', '主要', '将领', '：', '程潜', ' ', '薛岳', ' ', '邱清泉', ' ', '桂永清', ' ', '宋希濂', '杜聿明', '龙慕', '韩', '（', '枪毙', '）']",国军抗战史.txt
Nh,Nh,"(8, 9)","(14, 18)",薛岳,宋希濂杜聿明龙慕韩,"['参战', '的', '国民党', '主要', '将领', '：', '程潜', ' ', '薛岳', ' ', '邱清泉', ' ', '桂永清', ' ', '宋希濂', '杜聿明', '龙慕', '韩', '（', '枪毙', '）']",国军抗战史.txt
Nh,Ns,"(10, 11)","(12, 13)",邱清泉,桂永清,"['参战', '的', '国民党', '主要', '将领', '：', '程潜', ' ', '薛岳', ' ', '邱清泉', ' ', '桂永清', ' ', '宋希濂', '杜聿明', '龙慕', '韩', '（', '枪毙', '）']",国军抗战史.txt
Nh,Nh,"(10, 11)","(14, 18)",邱清泉,宋希濂杜聿明龙慕韩,"['参战', '的', '国民党', '主要', '将领', '：', '程潜', ' ', '薛岳', ' ', '邱清泉', ' ', '桂永清', ' ', '宋希濂', '杜聿明', '龙慕', '韩', '（', '枪毙', '）']",国军抗战史.txt
Ns,Nh,"(12, 13)","(14, 18)",桂永清,宋希濂杜聿明龙慕韩,"['参战', '的', '国民党', '主要', '将领', '：', '程潜', ' ', '薛岳', ' ', '邱清泉', ' ', '桂永清', ' ', '宋希濂', '杜聿明', '龙慕', '韩', '（', '枪毙', '）']",国军抗战史.txt
Ns,Nh,"(12, 13)","(19, 20)",桂永清,枪毙,"['参战', '的', '国民党', '主要', '将领', '：', '程潜', ' ', '薛岳', ' ', '邱清泉', ' ', '桂永清', ' ', '宋希濂', '杜聿明', '龙慕', '韩', '（', '枪毙', '）']",国军抗战史.txt
Nh,Nh,"(14, 18)","(19, 20)",宋希濂杜聿明龙慕韩,枪毙,"['参战', '的', '国民党', '主要', '将领', '：', '程潜', ' ', '薛岳', ' ', '邱清泉', ' ', '桂永清', ' ', '宋希濂', '杜聿明', '龙慕', '韩', '（', '枪毙', '）']",国军抗战史.txt
Ns,Ns,"(0, 1)","(6, 7)",兰封,徐州,"['兰封', '会战', '是', '日军', '为', '配合', '徐州', '会战', '，', '切断', '徐州', '中国', '军队', '之', '西面', '退路', '和', '阻止', '第一', '战区', '军队', '增援', '徐州', '，']",国军抗战史.txt
Ns,Ns,"(6, 7)","(10, 12)",徐州,徐州中国,"['兰封', '会战', '是', '日军', '为', '配合', '徐州', '会战', '，', '切断', '徐州', '中国', '军队', '之', '西面', '退路', '和', '阻止', '第一', '战区', '军队', '增援', '徐州', '，']",国军抗战史.txt
Ns,Ns,"(13, 14)","(17, 18)",徐州,中国,"['一个', '精锐', '的', '常设', '师团', '加上', '一个', '重炮', '旅团', '，', '将', '对', '从', '徐州', '战场', '后撤', '的', '中国', '军队', '造成', '很大', '威胁', '。']",国军抗战史.txt
Nh,Nh,"(0, 1)","(2, 3)",陈诚,白崇禧,"['陈诚', ' ', '白崇禧', ' ', '薛岳', ' ', '张发奎', ' ', '孙连仲', ' ', '王耀武', ' ', '张灵甫', ' ', '黄维', ' ', '商震', '池峰城', '李延年', ' ', '杜聿明', ' ', '关麟征', ' ', '郑洞国']",国军抗战史.txt
Nh,Nh,"(0, 1)","(4, 5)",陈诚,薛岳,"['陈诚', ' ', '白崇禧', ' ', '薛岳', ' ', '张发奎', ' ', '孙连仲', ' ', '王耀武', ' ', '张灵甫', ' ', '黄维', ' ', '商震', '池峰城', '李延年', ' ', '杜聿明', ' ', '关麟征', ' ', '郑洞国']",国军抗战史.txt
Nh,Nh,"(0, 1)","(6, 7)",陈诚,张发奎,"['陈诚', ' ', '白崇禧', ' ', '薛岳', ' ', '张发奎', ' ', '孙连仲', ' ', '王耀武', ' ', '张灵甫', ' ', '黄维', ' ', '商震', '池峰城', '李延年', ' ', '杜聿明', ' ', '关麟征', ' ', '郑洞国']",国军抗战史.txt
Nh,Nh,"(2, 3)","(4, 5)",白崇禧,薛岳,"['陈诚', ' ', '白崇禧', ' ', '薛岳', ' ', '张发奎', ' ', '孙连仲', ' ', '王耀武', ' ', '张灵甫', ' ', '黄维', ' ', '商震', '池峰城', '李延年', ' ', '杜聿明', ' ', '关麟征', ' ', '郑洞国']",国军抗战史.txt
Nh,Nh,"(2, 3)","(6, 7)",白崇禧,张发奎,"['陈诚', ' ', '白崇禧', ' ', '薛岳', ' ', '张发奎', ' ', '孙连仲', ' ', '王耀武', ' ', '张灵甫', ' ', '黄维', ' ', '商震', '池峰城', '李延年', ' ', '杜聿明', ' ', '关麟征', ' ', '郑洞国']",国军抗战史.txt
Nh,Nh,"(2, 3)","(8, 9)",白崇禧,孙连仲,"['陈诚', ' ', '白崇禧', ' ', '薛岳', ' ', '张发奎', ' ', '孙连仲', ' ', '王耀武', ' ', '张灵甫', ' ', '黄维', ' ', '商震', '池峰城', '李延年', ' ', '杜聿明', ' ', '关麟征', ' ', '郑洞国']",国军抗战史.txt
Nh,Nh,"(4, 5)","(6, 7)",薛岳,张发奎,"['陈诚', ' ', '白崇禧', ' ', '薛岳', ' ', '张发奎', ' ', '孙连仲', ' ', '王耀武', ' ', '张灵甫', ' ', '黄维', ' ', '商震', '池峰城', '李延年', ' ', '杜聿明', ' ', '关麟征', ' ', '郑洞国']",国军抗战史.txt
Nh,Nh,"(4, 5)","(8, 9)",薛岳,孙连仲,"['陈诚', ' ', '白崇禧', ' ', '薛岳', ' ', '张发奎', ' ', '孙连仲', ' ', '王耀武', ' ', '张灵甫', ' ', '黄维', ' ', '商震', '池峰城', '李延年', ' ', '杜聿明', ' ', '关麟征', ' ', '郑洞国']",国军抗战史.txt
Nh,Nh,"(4, 5)","(10, 11)",薛岳,王耀武,"['陈诚', ' ', '白崇禧', ' ', '薛岳', ' ', '张发奎', ' ', '孙连仲', ' ', '王耀武', ' ', '张灵甫', ' ', '黄维', ' ', '商震', '池峰城', '李延年', ' ', '杜聿明', ' ', '关麟征', ' ', '郑洞国']",国军抗战史.txt
Nh,Nh,"(6, 7)","(8, 9)",张发奎,孙连仲,"['陈诚', ' ', '白崇禧', ' ', '薛岳', ' ', '张发奎', ' ', '孙连仲', ' ', '王耀武', ' ', '张灵甫', ' ', '黄维', ' ', '商震', '池峰城', '李延年', ' ', '杜聿明', ' ', '关麟征', ' ', '郑洞国']",国军抗战史.txt
Nh,Nh,"(6, 7)","(10, 11)",张发奎,王耀武,"['陈诚', ' ', '白崇禧', ' ', '薛岳', ' ', '张发奎', ' ', '孙连仲', ' ', '王耀武', ' ', '张灵甫', ' ', '黄维', ' ', '商震', '池峰城', '李延年', ' ', '杜聿明', ' ', '关麟征', ' ', '郑洞国']",国军抗战史.txt
Nh,Nh,"(6, 7)","(12, 13)",张发奎,张灵甫,"['陈诚', ' ', '白崇禧', ' ', '薛岳', ' ', '张发奎', ' ', '孙连仲', ' ', '王耀武', ' ', '张灵甫', ' ', '黄维', ' ', '商震', '池峰城', '李延年', ' ', '杜聿明', ' ', '关麟征', ' ', '郑洞国']",国军抗战史.txt
Nh,Nh,"(8, 9)","(10, 11)",孙连仲,王耀武,"['陈诚', ' ', '白崇禧', ' ', '薛岳', ' ', '张发奎', ' ', '孙连仲', ' ', '王耀武', ' ', '张灵甫', ' ', '黄维', ' ', '商震', '池峰城', '李延年', ' ', '杜聿明', ' ', '关麟征', ' ', '郑洞国']",国军抗战史.txt
Nh,Nh,"(8, 9)","(12, 13)",孙连仲,张灵甫,"['陈诚', ' ', '白崇禧', ' ', '薛岳', ' ', '张发奎', ' ', '孙连仲', ' ', '王耀武', ' ', '张灵甫', ' ', '黄维', ' ', '商震', '池峰城', '李延年', ' ', '杜聿明', ' ', '关麟征', ' ', '郑洞国']",国军抗战史.txt
Nh,Nh,"(8, 9)","(14, 15)",孙连仲,黄维,"['陈诚', ' ', '白崇禧', ' ', '薛岳', ' ', '张发奎', ' ', '孙连仲', ' ', '王耀武', ' ', '张灵甫', ' ', '黄维', ' ', '商震', '池峰城', '李延年', ' ', '杜聿明', ' ', '关麟征', ' ', '郑洞国']",国军抗战史.txt
Nh,Nh,"(10, 11)","(12, 13)",王耀武,张灵甫,"['陈诚', ' ', '白崇禧', ' ', '薛岳', ' ', '张发奎', ' ', '孙连仲', ' ', '王耀武', ' ', '张灵甫', ' ', '黄维', ' ', '商震', '池峰城', '李延年', ' ', '杜聿明', ' ', '关麟征', ' ', '郑洞国']",国军抗战史.txt
Nh,Nh,"(10, 11)","(14, 15)",王耀武,黄维,"['陈诚', ' ', '白崇禧', ' ', '薛岳', ' ', '张发奎', ' ', '孙连仲', ' ', '王耀武', ' ', '张灵甫', ' ', '黄维', ' ', '商震', '池峰城', '李延年', ' ', '杜聿明', ' ', '关麟征', ' ', '郑洞国']",国军抗战史.txt
Nh,Ns,"(10, 11)","(17, 18)",王耀武,池峰城,"['陈诚', ' ', '白崇禧', ' ', '薛岳', ' ', '张发奎', ' ', '孙连仲', ' ', '王耀武', ' ', '张灵甫', ' ', '黄维', ' ', '商震', '池峰城', '李延年', ' ', '杜聿明', ' ', '关麟征', ' ', '郑洞国']",国军抗战史.txt
Nh,Nh,"(12, 13)","(14, 15)",张灵甫,黄维,"['陈诚', ' ', '白崇禧', ' ', '薛岳', ' ', '张发奎', ' ', '孙连仲', ' ', '王耀武', ' ', '张灵甫', ' ', '黄维', ' ', '商震', '池峰城', '李延年', ' ', '杜聿明', ' ', '关麟征', ' ', '郑洞国']",国军抗战史.txt
Nh,Ns,"(12, 13)","(17, 18)",张灵甫,池峰城,"['陈诚', ' ', '白崇禧', ' ', '薛岳', ' ', '张发奎', ' ', '孙连仲', ' ', '王耀武', ' ', '张灵甫', ' ', '黄维', ' ', '商震', '池峰城', '李延年', ' ', '杜聿明', ' ', '关麟征', ' ', '郑洞国']",国军抗战史.txt
Nh,Nh,"(12, 13)","(18, 19)",张灵甫,李延年,"['陈诚', ' ', '白崇禧', ' ', '薛岳', ' ', '张发奎', ' ', '孙连仲', ' ', '王耀武', ' ', '张灵甫', ' ', '黄维', ' ', '商震', '池峰城', '李延年', ' ', '杜聿明', ' ', '关麟征', ' ', '郑洞国']",国军抗战史.txt
Nh,Ns,"(14, 15)","(17, 18)",黄维,池峰城,"['陈诚', ' ', '白崇禧', ' ', '薛岳', ' ', '张发奎', ' ', '孙连仲', ' ', '王耀武', ' ', '张灵甫', ' ', '黄维', ' ', '商震', '池峰城', '李延年', ' ', '杜聿明', ' ', '关麟征', ' ', '郑洞国']",国军抗战史.txt
Nh,Nh,"(14, 15)","(18, 19)",黄维,李延年,"['陈诚', ' ', '白崇禧', ' ', '薛岳', ' ', '张发奎', ' ', '孙连仲', ' ', '王耀武', ' ', '张灵甫', ' ', '黄维', ' ', '商震', '池峰城', '李延年', ' ', '杜聿明', ' ', '关麟征', ' ', '郑洞国']",国军抗战史.txt
Nh,Nh,"(14, 15)","(20, 21)",黄维,杜聿明,"['陈诚', ' ', '白崇禧', ' ', '薛岳', ' ', '张发奎', ' ', '孙连仲', ' ', '王耀武', ' ', '张灵甫', ' ', '黄维', ' ', '商震', '池峰城', '李延年', ' ', '杜聿明', ' ', '关麟征', ' ', '郑洞国']",国军抗战史.txt
Ns,Nh,"(17, 18)","(18, 19)",池峰城,李延年,"['陈诚', ' ', '白崇禧', ' ', '薛岳', ' ', '张发奎', ' ', '孙连仲', ' ', '王耀武', ' ', '张灵甫', ' ', '黄维', ' ', '商震', '池峰城', '李延年', ' ', '杜聿明', ' ', '关麟征', ' ', '郑洞国']",国军抗战史.txt
Ns,Nh,"(17, 18)","(20, 21)",池峰城,杜聿明,"['陈诚', ' ', '白崇禧', ' ', '薛岳', ' ', '张发奎', ' ', '孙连仲', ' ', '王耀武', ' ', '张灵甫', ' ', '黄维', ' ', '商震', '池峰城', '李延年', ' ', '杜聿明', ' ', '关麟征', ' ', '郑洞国']",国军抗战史.txt
Ns,Nh,"(17, 18)","(24, 25)",池峰城,郑洞国,"['陈诚', ' ', '白崇禧', ' ', '薛岳', ' ', '张发奎', ' ', '孙连仲', ' ', '王耀武', ' ', '张灵甫', ' ', '黄维', ' ', '商震', '池峰城', '李延年', ' ', '杜聿明', ' ', '关麟征', ' ', '郑洞国']",国军抗战史.txt
Nh,Nh,"(18, 19)","(20, 21)",李延年,杜聿明,"['陈诚', ' ', '白崇禧', ' ', '薛岳', ' ', '张发奎', ' ', '孙连仲', ' ', '王耀武', ' ', '张灵甫', ' ', '黄维', ' ', '商震', '池峰城', '李延年', ' ', '杜聿明', ' ', '关麟征', ' ', '郑洞国']",国军抗战史.txt
Nh,Nh,"(18, 19)","(24, 25)",李延年,郑洞国,"['陈诚', ' ', '白崇禧', ' ', '薛岳', ' ', '张发奎', ' ', '孙连仲', ' ', '王耀武', ' ', '张灵甫', ' ', '黄维', ' ', '商震', '池峰城', '李延年', ' ', '杜聿明', ' ', '关麟征', ' ', '郑洞国']",国军抗战史.txt
Nh,Nh,"(20, 21)","(24, 25)",杜聿明,郑洞国,"['陈诚', ' ', '白崇禧', ' ', '薛岳', ' ', '张发奎', ' ', '孙连仲', ' ', '王耀武', ' ', '张灵甫', ' ', '黄维', ' ', '商震', '池峰城', '李延年', ' ', '杜聿明', ' ', '关麟征', ' ', '郑洞国']",国军抗战史.txt
Ns,Ns,"(0, 1)","(3, 4)",中国,长江,"['中国', '海军', '在', '长江', '上', '也', '进行', '了', '激烈', '的', '战斗', '，', '在', '沿江', '要塞', '布置', '水雷', '，', '设置', '海岸', '炮', '，']",国军抗战史.txt
Ns,Ns,"(1, 2)","(7, 8)",武汉,武汉,"['虽然', '武汉', '最终', '失守', '，', '但', '""', '武汉', '会战', '""', '却', '有着', '重大', '的', '意义', '。']",国军抗战史.txt
Ns,Ns,"(1, 2)","(8, 9)",中国,中国,"['在', '中国', '近代史', '上', '，', '这', '一时期', '是', '中国', '人民', '最', '团结', '的', '时期', '。']",国军抗战史.txt
Nh,Nh,"(6, 7)","(13, 14)",李宗仁,孙震,"['参战', '的', '国民党', '主要', '将领', '：', '李宗仁', ' ', '汤恩伯', ' ', '张自忠', '李品', '仙', '孙震']",国军抗战史.txt
Ns,Ns,"(0, 1)","(7, 8)",武汉,鄂北,"['武汉', '会战', '之后', '，', '日军', '为了', '消除', '鄂北', '，', '豫南', '方面', '中国', '军队', '对', '武汉', '的', '威胁', '，', '向', '湖北', '随枣', '县', '枣阳', '地区', '发动', '进攻', '。']",国军抗战史.txt
Ns,Ns,"(7, 8)","(9, 10)",鄂北,豫南,"['武汉', '会战', '之后', '，', '日军', '为了', '消除', '鄂北', '，', '豫南', '方面', '中国', '军队', '对', '武汉', '的', '威胁', '，', '向', '湖北', '随枣', '县', '枣阳', '地区', '发动', '进攻', '。']",国军抗战史.txt
Ns,Ns,"(7, 8)","(11, 12)",鄂北,中国,"['武汉', '会战', '之后', '，', '日军', '为了', '消除', '鄂北', '，', '豫南', '方面', '中国', '军队', '对', '武汉', '的', '威胁', '，', '向', '湖北', '随枣', '县', '枣阳', '地区', '发动', '进攻', '。']",国军抗战史.txt
Ns,Ns,"(7, 8)","(14, 15)",鄂北,武汉,"['武汉', '会战', '之后', '，', '日军', '为了', '消除', '鄂北', '，', '豫南', '方面', '中国', '军队', '对', '武汉', '的', '威胁', '，', '向', '湖北', '随枣', '县', '枣阳', '地区', '发动', '进攻', '。']",国军抗战史.txt
Ns,Ns,"(9, 10)","(11, 12)",豫南,中国,"['武汉', '会战', '之后', '，', '日军', '为了', '消除', '鄂北', '，', '豫南', '方面', '中国', '军队', '对', '武汉', '的', '威胁', '，', '向', '湖北', '随枣', '县', '枣阳', '地区', '发动', '进攻', '。']",国军抗战史.txt
Ns,Ns,"(9, 10)","(14, 15)",豫南,武汉,"['武汉', '会战', '之后', '，', '日军', '为了', '消除', '鄂北', '，', '豫南', '方面', '中国', '军队', '对', '武汉', '的', '威胁', '，', '向', '湖北', '随枣', '县', '枣阳', '地区', '发动', '进攻', '。']",国军抗战史.txt
Ns,Ns,"(11, 12)","(14, 15)",中国,武汉,"['武汉', '会战', '之后', '，', '日军', '为了', '消除', '鄂北', '，', '豫南', '方面', '中国', '军队', '对', '武汉', '的', '威胁', '，', '向', '湖北', '随枣', '县', '枣阳', '地区', '发动', '进攻', '。']",国军抗战史.txt
Ns,Ns,"(14, 15)","(19, 20)",武汉,湖北,"['武汉', '会战', '之后', '，', '日军', '为了', '消除', '鄂北', '，', '豫南', '方面', '中国', '军队', '对', '武汉', '的', '威胁', '，', '向', '湖北', '随枣', '县', '枣阳', '地区', '发动', '进攻', '。']",国军抗战史.txt
Ns,Ns,"(19, 20)","(22, 24)",湖北,枣阳地区,"['武汉', '会战', '之后', '，', '日军', '为了', '消除', '鄂北', '，', '豫南', '方面', '中国', '军队', '对', '武汉', '的', '威胁', '，', '向', '湖北', '随枣', '县', '枣阳', '地区', '发动', '进攻', '。']",国军抗战史.txt
Nh,Nh,"(6, 7)","(8, 9)",薛岳,罗卓英,"['参战', '的', '国民党', '主要', '将领', '：', '薛岳', ' ', '罗卓英', ' ', '王耀武', ' ', '关麟征', '杨森', '张灵甫']",国军抗战史.txt
Nh,Nh,"(6, 7)","(10, 11)",薛岳,王耀武,"['参战', '的', '国民党', '主要', '将领', '：', '薛岳', ' ', '罗卓英', ' ', '王耀武', ' ', '关麟征', '杨森', '张灵甫']",国军抗战史.txt
Nh,Nh,"(8, 9)","(10, 11)",罗卓英,王耀武,"['参战', '的', '国民党', '主要', '将领', '：', '薛岳', ' ', '罗卓英', ' ', '王耀武', ' ', '关麟征', '杨森', '张灵甫']",国军抗战史.txt
Ns,Ns,"(6, 7)","(8, 9)",南昌,襄东,"['日军', '承认', '""', '此次', '会战', '与', '南昌', '、', '襄东', '（', '即', '随枣', '会战', '）', '两次', '会战', '，', '颇', '有', '决战', '之势', '。']",国军抗战史.txt
Nh,Nh,"(6, 7)","(8, 9)",白崇禧,杜聿明,"['参战', '的', '国民党', '主要', '将领', '：', '白崇禧', ' ', '杜聿明', ' ', '邱清泉', ' ', '廖耀湘', ' ', '郑洞国', '陈明仁', '戴安澜']",国军抗战史.txt
Nh,Nh,"(6, 7)","(10, 11)",白崇禧,邱清泉,"['参战', '的', '国民党', '主要', '将领', '：', '白崇禧', ' ', '杜聿明', ' ', '邱清泉', ' ', '廖耀湘', ' ', '郑洞国', '陈明仁', '戴安澜']",国军抗战史.txt
Nh,Nh,"(6, 7)","(12, 13)",白崇禧,廖耀湘,"['参战', '的', '国民党', '主要', '将领', '：', '白崇禧', ' ', '杜聿明', ' ', '邱清泉', ' ', '廖耀湘', ' ', '郑洞国', '陈明仁', '戴安澜']",国军抗战史.txt
Nh,Nh,"(8, 9)","(10, 11)",杜聿明,邱清泉,"['参战', '的', '国民党', '主要', '将领', '：', '白崇禧', ' ', '杜聿明', ' ', '邱清泉', ' ', '廖耀湘', ' ', '郑洞国', '陈明仁', '戴安澜']",国军抗战史.txt
Nh,Nh,"(8, 9)","(12, 13)",杜聿明,廖耀湘,"['参战', '的', '国民党', '主要', '将领', '：', '白崇禧', ' ', '杜聿明', ' ', '邱清泉', ' ', '廖耀湘', ' ', '郑洞国', '陈明仁', '戴安澜']",国军抗战史.txt
Nh,Nh,"(10, 11)","(12, 13)",邱清泉,廖耀湘,"['参战', '的', '国民党', '主要', '将领', '：', '白崇禧', ' ', '杜聿明', ' ', '邱清泉', ' ', '廖耀湘', ' ', '郑洞国', '陈明仁', '戴安澜']",国军抗战史.txt
Ns,Ns,"(2, 3)","(4, 5)",南宁,昆仑,"['日军', '侵占', '南宁', '和', '昆仑', '关', '之后', '，', '国民党', '从', '数百公里', '外急调', '10', '个', '精锐', '师', '，', '对', '日军', '发动', '立体化', '进攻', '，']",国军抗战史.txt
Ns,Ns,"(4, 5)","(10, 11)",昆仑,数百公里,"['日军', '侵占', '南宁', '和', '昆仑', '关', '之后', '，', '国民党', '从', '数百公里', '外急调', '10', '个', '精锐', '师', '，', '对', '日军', '发动', '立体化', '进攻', '，']",国军抗战史.txt
Nh,Nh,"(6, 7)","(8, 9)",李宗仁,陈诚,"['参战', '的', '国民党', '主要', '将领', '：', '李宗仁', ' ', '陈诚', ' ', '张自忠', '（', '阵亡', '）', '汤恩伯', ' ', '黄琪翔', ' ', '孙连仲', ' ', '孙震']",国军抗战史.txt
Nh,Nh,"(6, 7)","(10, 11)",李宗仁,张自忠,"['参战', '的', '国民党', '主要', '将领', '：', '李宗仁', ' ', '陈诚', ' ', '张自忠', '（', '阵亡', '）', '汤恩伯', ' ', '黄琪翔', ' ', '孙连仲', ' ', '孙震']",国军抗战史.txt
Nh,Nh,"(8, 9)","(10, 11)",陈诚,张自忠,"['参战', '的', '国民党', '主要', '将领', '：', '李宗仁', ' ', '陈诚', ' ', '张自忠', '（', '阵亡', '）', '汤恩伯', ' ', '黄琪翔', ' ', '孙连仲', ' ', '孙震']",国军抗战史.txt
Nh,Nh,"(8, 9)","(14, 15)",陈诚,汤恩伯,"['参战', '的', '国民党', '主要', '将领', '：', '李宗仁', ' ', '陈诚', ' ', '张自忠', '（', '阵亡', '）', '汤恩伯', ' ', '黄琪翔', ' ', '孙连仲', ' ', '孙震']",国军抗战史.txt
Nh,Nh,"(10, 11)","(14, 15)",张自忠,汤恩伯,"['参战', '的', '国民党', '主要', '将领', '：', '李宗仁', ' ', '陈诚', ' ', '张自忠', '（', '阵亡', '）', '汤恩伯', ' ', '黄琪翔', ' ', '孙连仲', ' ', '孙震']",国军抗战史.txt
Nh,Nh,"(10, 11)","(16, 17)",张自忠,黄琪翔,"['参战', '的', '国民党', '主要', '将领', '：', '李宗仁', ' ', '陈诚', ' ', '张自忠', '（', '阵亡', '）', '汤恩伯', ' ', '黄琪翔', ' ', '孙连仲', ' ', '孙震']",国军抗战史.txt
Nh,Nh,"(14, 15)","(16, 17)",汤恩伯,黄琪翔,"['参战', '的', '国民党', '主要', '将领', '：', '李宗仁', ' ', '陈诚', ' ', '张自忠', '（', '阵亡', '）', '汤恩伯', ' ', '黄琪翔', ' ', '孙连仲', ' ', '孙震']",国军抗战史.txt
Nh,Nh,"(14, 15)","(18, 19)",汤恩伯,孙连仲,"['参战', '的', '国民党', '主要', '将领', '：', '李宗仁', ' ', '陈诚', ' ', '张自忠', '（', '阵亡', '）', '汤恩伯', ' ', '黄琪翔', ' ', '孙连仲', ' ', '孙震']",国军抗战史.txt
Nh,Nh,"(14, 15)","(20, 21)",汤恩伯,孙震,"['参战', '的', '国民党', '主要', '将领', '：', '李宗仁', ' ', '陈诚', ' ', '张自忠', '（', '阵亡', '）', '汤恩伯', ' ', '黄琪翔', ' ', '孙连仲', ' ', '孙震']",国军抗战史.txt
Nh,Nh,"(16, 17)","(18, 19)",黄琪翔,孙连仲,"['参战', '的', '国民党', '主要', '将领', '：', '李宗仁', ' ', '陈诚', ' ', '张自忠', '（', '阵亡', '）', '汤恩伯', ' ', '黄琪翔', ' ', '孙连仲', ' ', '孙震']",国军抗战史.txt
Nh,Nh,"(16, 17)","(20, 21)",黄琪翔,孙震,"['参战', '的', '国民党', '主要', '将领', '：', '李宗仁', ' ', '陈诚', ' ', '张自忠', '（', '阵亡', '）', '汤恩伯', ' ', '黄琪翔', ' ', '孙连仲', ' ', '孙震']",国军抗战史.txt
Nh,Nh,"(18, 19)","(20, 21)",孙连仲,孙震,"['参战', '的', '国民党', '主要', '将领', '：', '李宗仁', ' ', '陈诚', ' ', '张自忠', '（', '阵亡', '）', '汤恩伯', ' ', '黄琪翔', ' ', '孙连仲', ' ', '孙震']",国军抗战史.txt
Ns,Ns,"(0, 1)","(3, 4)",豫南,武汉,"['豫南', '会战', '是', '武汉', '周围', '地区', '防御', '作战', '中', '的', '一次', '战役', '。']",国军抗战史.txt
Nh,Nh,"(6, 7)","(8, 9)",罗卓英,王耀武,"['参战', '的', '国民党', '主要', '将领', '：', '罗卓英', ' ', '王耀武', '张灵甫', '韩璇']",国军抗战史.txt
Ns,Ns,"(2, 3)","(5, 6)",三路,两路,"['日军', '在', '三路', '进攻', '其中', '两路', '受阻', '的', '情况', '下', '，', '形成', '一路', '孤军深入', '，']",国军抗战史.txt
Ns,Ns,"(2, 3)","(5, 6)",晋南,中条山,"['十三', '、', '晋南', '会战', '（', '中条山', '之战', '）', '：', '1941', '年', '5', '月']",国军抗战史.txt
Nh,Nh,"(6, 7)","(8, 9)",薛岳,杨森,"['参战', '的', '国民党', '主要', '将领', '：', '薛岳', ' ', '杨森', ' ', '赖传', '湘', '（', '阵亡', '）', '欧震', ' ', '王耀武', ' ', '王甲本', ' ', '刘振三']",国军抗战史.txt
Nh,Nh,"(8, 9)","(15, 16)",杨森,欧震,"['参战', '的', '国民党', '主要', '将领', '：', '薛岳', ' ', '杨森', ' ', '赖传', '湘', '（', '阵亡', '）', '欧震', ' ', '王耀武', ' ', '王甲本', ' ', '刘振三']",国军抗战史.txt
Nh,Nh,"(15, 16)","(17, 18)",欧震,王耀武,"['参战', '的', '国民党', '主要', '将领', '：', '薛岳', ' ', '杨森', ' ', '赖传', '湘', '（', '阵亡', '）', '欧震', ' ', '王耀武', ' ', '王甲本', ' ', '刘振三']",国军抗战史.txt
Nh,Nh,"(15, 16)","(19, 20)",欧震,王甲本,"['参战', '的', '国民党', '主要', '将领', '：', '薛岳', ' ', '杨森', ' ', '赖传', '湘', '（', '阵亡', '）', '欧震', ' ', '王耀武', ' ', '王甲本', ' ', '刘振三']",国军抗战史.txt
Nh,Nh,"(15, 16)","(21, 22)",欧震,刘振三,"['参战', '的', '国民党', '主要', '将领', '：', '薛岳', ' ', '杨森', ' ', '赖传', '湘', '（', '阵亡', '）', '欧震', ' ', '王耀武', ' ', '王甲本', ' ', '刘振三']",国军抗战史.txt
Nh,Nh,"(17, 18)","(19, 20)",王耀武,王甲本,"['参战', '的', '国民党', '主要', '将领', '：', '薛岳', ' ', '杨森', ' ', '赖传', '湘', '（', '阵亡', '）', '欧震', ' ', '王耀武', ' ', '王甲本', ' ', '刘振三']",国军抗战史.txt
Nh,Nh,"(17, 18)","(21, 22)",王耀武,刘振三,"['参战', '的', '国民党', '主要', '将领', '：', '薛岳', ' ', '杨森', ' ', '赖传', '湘', '（', '阵亡', '）', '欧震', ' ', '王耀武', ' ', '王甲本', ' ', '刘振三']",国军抗战史.txt
Nh,Nh,"(19, 20)","(21, 22)",王甲本,刘振三,"['参战', '的', '国民党', '主要', '将领', '：', '薛岳', ' ', '杨森', ' ', '赖传', '湘', '（', '阵亡', '）', '欧震', ' ', '王耀武', ' ', '王甲本', ' ', '刘振三']",国军抗战史.txt
Ns,Ns,"(3, 4)","(10, 11)",中国,中国,"['日军', '为', '打击', '中国', '第', '9', '战区', '主力', '，', '摧毁', '中国', '军民', '的', '抗战', '意志', '，']",国军抗战史.txt
Nh,Nh,"(6, 7)","(8, 9)",薛岳,杨森,"['参战', '的', '国民党', '主要', '将领', '：', '薛岳', ' ', '杨森', ' ', '李玉堂', ' ', '方先觉', ' ', '夏首勋', ' ', '陈沛', '孙明瑾', '余程', '万']",国军抗战史.txt
Nh,Nh,"(6, 7)","(10, 11)",薛岳,李玉堂,"['参战', '的', '国民党', '主要', '将领', '：', '薛岳', ' ', '杨森', ' ', '李玉堂', ' ', '方先觉', ' ', '夏首勋', ' ', '陈沛', '孙明瑾', '余程', '万']",国军抗战史.txt
Nh,Nh,"(8, 9)","(10, 11)",杨森,李玉堂,"['参战', '的', '国民党', '主要', '将领', '：', '薛岳', ' ', '杨森', ' ', '李玉堂', ' ', '方先觉', ' ', '夏首勋', ' ', '陈沛', '孙明瑾', '余程', '万']",国军抗战史.txt
Nh,Nh,"(8, 9)","(14, 15)",杨森,夏首勋,"['参战', '的', '国民党', '主要', '将领', '：', '薛岳', ' ', '杨森', ' ', '李玉堂', ' ', '方先觉', ' ', '夏首勋', ' ', '陈沛', '孙明瑾', '余程', '万']",国军抗战史.txt
Nh,Nh,"(10, 11)","(14, 15)",李玉堂,夏首勋,"['参战', '的', '国民党', '主要', '将领', '：', '薛岳', ' ', '杨森', ' ', '李玉堂', ' ', '方先觉', ' ', '夏首勋', ' ', '陈沛', '孙明瑾', '余程', '万']",国军抗战史.txt
Nh,Nh,"(10, 11)","(16, 18)",李玉堂,陈沛孙明瑾,"['参战', '的', '国民党', '主要', '将领', '：', '薛岳', ' ', '杨森', ' ', '李玉堂', ' ', '方先觉', ' ', '夏首勋', ' ', '陈沛', '孙明瑾', '余程', '万']",国军抗战史.txt
Nh,Nh,"(14, 15)","(16, 18)",夏首勋,陈沛孙明瑾,"['参战', '的', '国民党', '主要', '将领', '：', '薛岳', ' ', '杨森', ' ', '李玉堂', ' ', '方先觉', ' ', '夏首勋', ' ', '陈沛', '孙明瑾', '余程', '万']",国军抗战史.txt
Ns,Ni,"(3, 4)","(9, 12)",长沙,中国长沙守军,"['待', '敌', '深入', '长沙', '预定', '的', '决战', '地区', '，', '中国', '长沙', '守军', '顽强', '坚守', '核心', '阵地', '，', '连续', '挫败', '日军', '进攻', '。']",国军抗战史.txt
Ns,Ns,"(2, 3)","(6, 7)",长沙,中国,"['日军', '屡攻', '长沙', '不下', '，', '周围', '中国', '军队', '又', '不断', '压缩', '包围圈', '。']",国军抗战史.txt
Nh,Nh,"(6, 7)","(8, 9)",陈诚,胡琏,"['参战', '的', '国民党', '主要', '将领', '：', '陈诚', ' ', '胡琏', ' ', '王瓒绪', ' ', '王敬久', '冯治安', '王甲本']",国军抗战史.txt
Nh,Nh,"(6, 7)","(10, 11)",陈诚,王瓒绪,"['参战', '的', '国民党', '主要', '将领', '：', '陈诚', ' ', '胡琏', ' ', '王瓒绪', ' ', '王敬久', '冯治安', '王甲本']",国军抗战史.txt
Nh,Nh,"(8, 9)","(10, 11)",胡琏,王瓒绪,"['参战', '的', '国民党', '主要', '将领', '：', '陈诚', ' ', '胡琏', ' ', '王瓒绪', ' ', '王敬久', '冯治安', '王甲本']",国军抗战史.txt
Ns,Ns,"(0, 1)","(3, 4)",鄂西,月余,"['鄂西', '会战', '历时', '月余', '，', '第六', '战区', '以', '10', '个军', '的', '兵力', '抗击', '了', '日军', '约', '5', '个', '师团', '兵力', '的', '进攻', '。']",国军抗战史.txt
Nh,Nh,"(6, 7)","(8, 9)",孙连仲,王耀武,"['参战', '的', '国民党', '主要', '将领', '：', '孙连仲', ' ', '王耀武', ' ', '余程', '万', ' ', '施中诚', ' ', '胡琏', '池峰城', '张灵甫']",国军抗战史.txt
Ns,Ns,"(7, 8)","(9, 10)",美国,中国,"['在', '此次', '会战', '中', '，', '中国空军', '以及', '美国', '驻', '中国', '基地', '空军', '也', '参战', '并', '取得', '重大', '战绩', '。']",国军抗战史.txt
Nh,Nh,"(6, 7)","(8, 9)",汤恩伯,蒋鼎文,"['参战', '的', '国民党', '主要', '将领', '：', '汤恩伯', ' ', '蒋鼎文', ' ', '胡宗南', ' ', '李家钰', '何', '国柱', '吕公良', '（', '阵亡', '）']",国军抗战史.txt
Nh,Nh,"(6, 7)","(10, 11)",汤恩伯,胡宗南,"['参战', '的', '国民党', '主要', '将领', '：', '汤恩伯', ' ', '蒋鼎文', ' ', '胡宗南', ' ', '李家钰', '何', '国柱', '吕公良', '（', '阵亡', '）']",国军抗战史.txt
Nh,Nh,"(6, 7)","(12, 13)",汤恩伯,李家钰,"['参战', '的', '国民党', '主要', '将领', '：', '汤恩伯', ' ', '蒋鼎文', ' ', '胡宗南', ' ', '李家钰', '何', '国柱', '吕公良', '（', '阵亡', '）']",国军抗战史.txt
Nh,Nh,"(8, 9)","(10, 11)",蒋鼎文,胡宗南,"['参战', '的', '国民党', '主要', '将领', '：', '汤恩伯', ' ', '蒋鼎文', ' ', '胡宗南', ' ', '李家钰', '何', '国柱', '吕公良', '（', '阵亡', '）']",国军抗战史.txt
Nh,Nh,"(8, 9)","(12, 13)",蒋鼎文,李家钰,"['参战', '的', '国民党', '主要', '将领', '：', '汤恩伯', ' ', '蒋鼎文', ' ', '胡宗南', ' ', '李家钰', '何', '国柱', '吕公良', '（', '阵亡', '）']",国军抗战史.txt
Nh,Nh,"(8, 9)","(15, 16)",蒋鼎文,吕公良,"['参战', '的', '国民党', '主要', '将领', '：', '汤恩伯', ' ', '蒋鼎文', ' ', '胡宗南', ' ', '李家钰', '何', '国柱', '吕公良', '（', '阵亡', '）']",国军抗战史.txt
Nh,Nh,"(10, 11)","(12, 13)",胡宗南,李家钰,"['参战', '的', '国民党', '主要', '将领', '：', '汤恩伯', ' ', '蒋鼎文', ' ', '胡宗南', ' ', '李家钰', '何', '国柱', '吕公良', '（', '阵亡', '）']",国军抗战史.txt
Nh,Nh,"(10, 11)","(15, 16)",胡宗南,吕公良,"['参战', '的', '国民党', '主要', '将领', '：', '汤恩伯', ' ', '蒋鼎文', ' ', '胡宗南', ' ', '李家钰', '何', '国柱', '吕公良', '（', '阵亡', '）']",国军抗战史.txt
Nh,Nh,"(10, 11)","(17, 18)",胡宗南,阵亡,"['参战', '的', '国民党', '主要', '将领', '：', '汤恩伯', ' ', '蒋鼎文', ' ', '胡宗南', ' ', '李家钰', '何', '国柱', '吕公良', '（', '阵亡', '）']",国军抗战史.txt
Nh,Nh,"(12, 13)","(15, 16)",李家钰,吕公良,"['参战', '的', '国民党', '主要', '将领', '：', '汤恩伯', ' ', '蒋鼎文', ' ', '胡宗南', ' ', '李家钰', '何', '国柱', '吕公良', '（', '阵亡', '）']",国军抗战史.txt
Nh,Nh,"(12, 13)","(17, 18)",李家钰,阵亡,"['参战', '的', '国民党', '主要', '将领', '：', '汤恩伯', ' ', '蒋鼎文', ' ', '胡宗南', ' ', '李家钰', '何', '国柱', '吕公良', '（', '阵亡', '）']",国军抗战史.txt
Nh,Nh,"(15, 16)","(17, 18)",吕公良,阵亡,"['参战', '的', '国民党', '主要', '将领', '：', '汤恩伯', ' ', '蒋鼎文', ' ', '胡宗南', ' ', '李家钰', '何', '国柱', '吕公良', '（', '阵亡', '）']",国军抗战史.txt
Ns,Nh,"(15, 16)","(17, 18)",中国,汤恩伯,"['根据', '""', '一号', '作战', '计划', '""', '，', '发动', '了', '以', '打通', '平汉铁路', '南段', '，', '消灭', '中国', '军队', '汤恩伯', '部', '主力', '为', '目的', '的', '""', '河南', '会战', '""', '，']",国军抗战史.txt
Nh,Ns,"(17, 18)","(24, 25)",汤恩伯,河南,"['根据', '""', '一号', '作战', '计划', '""', '，', '发动', '了', '以', '打通', '平汉铁路', '南段', '，', '消灭', '中国', '军队', '汤恩伯', '部', '主力', '为', '目的', '的', '""', '河南', '会战', '""', '，']",国军抗战史.txt
Nh,Nh,"(6, 7)","(10, 11)",薛岳,周庆祥,"['参战', '的', '国民党', '主要', '将领', '：', '薛岳', ' ', '方先觉', ' ', '周庆祥', '容有略', '葛先', '才']",国军抗战史.txt
Nh,Nh,"(6, 7)","(12, 13)",薛岳,葛先,"['参战', '的', '国民党', '主要', '将领', '：', '薛岳', ' ', '方先觉', ' ', '周庆祥', '容有略', '葛先', '才']",国军抗战史.txt
Nh,Nh,"(10, 11)","(12, 13)",周庆祥,葛先,"['参战', '的', '国民党', '主要', '将领', '：', '薛岳', ' ', '方先觉', ' ', '周庆祥', '容有略', '葛先', '才']",国军抗战史.txt
Nh,Nh,"(6, 7)","(8, 9)",白崇禧,张发奎,"['参战', '的', '国民党', '主要', '将领', '：', '白崇禧', ' ', '张发奎', ' ', '韦云淞', ' ', '阚维雍', '（', '阵亡', '）', ' ', '孙元良']",国军抗战史.txt
Nh,Nh,"(6, 7)","(10, 11)",白崇禧,韦云淞,"['参战', '的', '国民党', '主要', '将领', '：', '白崇禧', ' ', '张发奎', ' ', '韦云淞', ' ', '阚维雍', '（', '阵亡', '）', ' ', '孙元良']",国军抗战史.txt
Nh,Nh,"(8, 9)","(10, 11)",张发奎,韦云淞,"['参战', '的', '国民党', '主要', '将领', '：', '白崇禧', ' ', '张发奎', ' ', '韦云淞', ' ', '阚维雍', '（', '阵亡', '）', ' ', '孙元良']",国军抗战史.txt
Nh,Nh,"(10, 11)","(17, 18)",韦云淞,孙元良,"['参战', '的', '国民党', '主要', '将领', '：', '白崇禧', ' ', '张发奎', ' ', '韦云淞', ' ', '阚维雍', '（', '阵亡', '）', ' ', '孙元良']",国军抗战史.txt
Ns,Ns,"(11, 12)","(13, 14)",越南,东南亚,"['日军', '为', '摧毁', '大西南', '的', '美军', '空军基地', '和', '打通', '大陆', '与', '越南', '等', '东南亚', '国家', '交通线', '，', '发动', '桂柳', '会战', '。']",国军抗战史.txt
Ns,Ns,"(14, 15)","(16, 17)",桂林,柳州,"['由于', '蒋和', '桂系', '之间', '的', '矛盾', '，', '这次', '会战', '国民党', '兵力', '严重不足', '，', '导致', '桂林', '、', '柳州', '相继', '失守', '，']",国军抗战史.txt
Nh,Nh,"(6, 7)","(8, 9)",王耀武,施中诚,"['参战', '的', '国民党', '主要', '将领', '：', '王耀武', ' ', '施中诚', ' ', '胡琏', ' ', '李天霞', '廖耀湘', '韩璇']",国军抗战史.txt
Nh,Nh,"(6, 7)","(10, 11)",王耀武,胡琏,"['参战', '的', '国民党', '主要', '将领', '：', '王耀武', ' ', '施中诚', ' ', '胡琏', ' ', '李天霞', '廖耀湘', '韩璇']",国军抗战史.txt
Nh,Nh,"(8, 9)","(10, 11)",施中诚,胡琏,"['参战', '的', '国民党', '主要', '将领', '：', '王耀武', ' ', '施中诚', ' ', '胡琏', ' ', '李天霞', '廖耀湘', '韩璇']",国军抗战史.txt
Nh,Nh,"(6, 7)","(8, 9)",卫立煌,杜聿明,"['参战', '的', '国民党', '主要', '将领', '：', '卫立煌', ' ', '杜聿明', ' ', '郑洞国', ' ', '戴安澜', '孙立人', '廖耀湘']",国军抗战史.txt
Nh,Nh,"(6, 7)","(10, 11)",卫立煌,郑洞国,"['参战', '的', '国民党', '主要', '将领', '：', '卫立煌', ' ', '杜聿明', ' ', '郑洞国', ' ', '戴安澜', '孙立人', '廖耀湘']",国军抗战史.txt
Nh,Nh,"(8, 9)","(10, 11)",杜聿明,郑洞国,"['参战', '的', '国民党', '主要', '将领', '：', '卫立煌', ' ', '杜聿明', ' ', '郑洞国', ' ', '戴安澜', '孙立人', '廖耀湘']",国军抗战史.txt
Ns,Ns,"(8, 9)","(14, 15)",中,美国,"['滇缅', '会战', '的', '意义', '是', '中国政府', '为', '打开', '中', '缅', '边境', '交通线', '，', '让', '美国', '大量', '援华', '物资', '进入', '中国', '大陆', '而', '发动', '的', '战役', '。']",国军抗战史.txt
Ns,Ns,"(14, 15)","(19, 20)",美国,中国,"['滇缅', '会战', '的', '意义', '是', '中国政府', '为', '打开', '中', '缅', '边境', '交通线', '，', '让', '美国', '大量', '援华', '物资', '进入', '中国', '大陆', '而', '发动', '的', '战役', '。']",国军抗战史.txt
