Ns,Ns,"(16, 17)","(19, 20)",中国,中国,"['据统计', '，', '抗日战争', '中', '，', '中国', '国民革命军', '兵力', '最高', '时达', '500', '万人', '，', '还', '组织', '了', '中国', '远征军', '和', '中国', '驻', '印军', '入', '缅', '与', '英军', '配合', '作战', '，', '痛击', '日军', '（', '驻', '印军', '也', '在', '印度', '抗战', '）', '。']",国军.txt
Nh,Ns,"(2, 3)","(6, 7)",淞沪,太原,"['8', '月', '淞沪', '会战', '9', '月', '太原', '会战', '12', '月', '南京', '保卫战']",国军.txt
Ns,Ns,"(6, 7)","(10, 11)",太原,南京,"['8', '月', '淞沪', '会战', '9', '月', '太原', '会战', '12', '月', '南京', '保卫战']",国军.txt
Ns,Ns,"(2, 3)","(7, 8)",徐州,台儿庄,"['1', '月', '徐州', '会战', '3', '月', '血战', '台儿庄', '6', '月', '武汉', '会战']",国军.txt
Ns,Ns,"(7, 8)","(10, 11)",台儿庄,武汉,"['1', '月', '徐州', '会战', '3', '月', '血战', '台儿庄', '6', '月', '武汉', '会战']",国军.txt
Ns,Ns,"(8, 9)","(15, 16)",长沙,昆仑,"['5', '月', '随', '栆', '会战', '9', '月', '第一次', '长沙', '会战', '11', '月', '桂南', '会战', '浴血', '昆仑', '关']",国军.txt
Ns,Ns,"(11, 12)","(16, 17)",晋南,长沙,"['1', '月', '豫南', '会战', '3', '月', '上', '高', '会战', '5', '月', '晋南', '会战', '9', '月', '第二次', '长沙', '会战', '12', '月', '第三次', '长沙', '会战']",国军.txt
Ns,Ns,"(16, 17)","(21, 22)",长沙,长沙,"['1', '月', '豫南', '会战', '3', '月', '上', '高', '会战', '5', '月', '晋南', '会战', '9', '月', '第二次', '长沙', '会战', '12', '月', '第三次', '长沙', '会战']",国军.txt
Ns,Ns,"(2, 3)","(6, 7)",鄂西,常德,"['5', '月', '鄂西', '会战', '11', '月', '常德', '会战']",国军.txt
Ns,Ns,"(29, 30)","(32, 33)",日本,中国,"['但', '即使', '是', '这样', '，', '国军', '仍然', '英勇', '反击', '，', '使', '日军', '也', '付出', '了', '沉重', '的', '代价', '，', '给', '了', '日军', '一次', '由', '一次', '的', '重创', '，', '使', '日本', '侵略者', '占领', '中国', '的', '梦想破灭', '，', '无发', '在', '中国', '继续', '横行', '。']",国军.txt
Ns,Ns,"(32, 33)","(38, 39)",中国,中国,"['但', '即使', '是', '这样', '，', '国军', '仍然', '英勇', '反击', '，', '使', '日军', '也', '付出', '了', '沉重', '的', '代价', '，', '给', '了', '日军', '一次', '由', '一次', '的', '重创', '，', '使', '日本', '侵略者', '占领', '中国', '的', '梦想破灭', '，', '无发', '在', '中国', '继续', '横行', '。']",国军.txt
Ns,Ns,"(85, 86)","(89, 90)",中国,中国,"['这', '一句', '话', '提醒', '了', '大家', '，', '都', '忙', '着', '去', '摘', '自己', '的', '军衔', '，', '但', '被', '邵校', '给', '制止', '了', '，', '说', '：', '“', '和尚', '，', '这次', '的', '任务', '很', '特殊', '，', '我们', '是', '协助', '另', '一支', '队伍', '一起', '完成', '任务', '，', '所以', '表明', '身份', '的', '东西', '都', '戴', '在', '身上', '，', '据说', '他们', '曾', '被', '一只', '无', '发表', '明', '身份', '的', '小队', '找到', '，', '向', '他们', '要', '那件', '很', '重要', '的', '东西', '但', '被', '他们', '消灭', '了', '，', '这次', '他们', '说', '只认', '中国', '军队', '，', '只有', '中国', '军队', '来', '了', '才', '会', '把', '东西', '交出去', '，', '所以', '我们', '这次', '不去', '任何', '东西', '。', '”']",国军.txt
Nh,Nh,"(2, 3)","(6, 7)",薛豹,薛狼,"['哥哥', '叫', '薛豹', '，', '弟弟', '叫', '薛狼', '，', '因为', '他们', '在', '雪地', '长大', '，', '弟弟', '的', '耐力', '和', '那种', '不', '认输', '的', '劲头', '很', '像', '狼', '，', '并且', '还会会', '狼嚎', '，', '嚎', '起来', '就', '像', '真的', '一样', ';']",国军.txt
Nh,Nh,"(2, 3)","(4, 6)",小飞,王志远,"['我', '让', '小飞', '和', '王', '志远', '去', '看', '住', '你们', '的', '‘', '尾巴', '’', '，', '小', '刘', '他们', '去', '看看', '这', '还有', '没有', '其他', '的', '人', '。', '”']",国军.txt
Nh,Nh,"(1, 2)","(3, 4)",邵校,刘星,"['除了', '邵校', '和', '刘星', '他们', '几个', '侦察', '的', '人', '，', '大家', '都', '倒吸', '了', '一口', '冷气', '。']",国军.txt
Nh,Nh,"(29, 30)","(36, 37)",迈克,迈克,"['山本', '小冈炮', '那', '手指', '了', '指', '自己', '和', '自己', '身后', '的', '人', '，', '接着', '把手', '放在', '了', '脖子', '上动', '了', '一下', '，', '然后', '从', '怀里', '抽出', '一张', '纸', '对', '迈克', '扬', '了', '扬', '，', '“', '由于', '迈克', '中校', '你', '在', '五个', '月', '前', '不仅', '没有', '完成', '任务', '还', '损失', '了', '三百多名', '海豹', '精锐', '，', '马拉', '戈壁', '将军', '对', '此次', '行动', '不', '放心', '，', '便', '派', '我', '来', '协助', '你们', '，', '这是', '马拉', '戈壁', '将军', '签', '的', '，', '上面', '写', '的', '是', '什么', '你', '自己', '看吧', '，', '不过', '最后', '一条', '我', '还是', '要', '给', '你', '读', '一下', '的', '‘', '如果', '除', '你', '外', '的', '人', '看到', '了', '这', '张纸', '—', '—', '杀', '！']",国军.txt
Ns,Ns,"(29, 30)","(33, 34)",中国,中国,"['我', '的', '却', '不是', '你们', '内部', '的', '人', '，', '我', '是', '打入', '你们', '内部', '的', '间谍', '，', '不过', '你', '可以', '放心', '的', '是', '我', '不是', '日本鬼子', '，', '我', '是', '中国', '人', '，', '现在', '中国', 'A', '大队', '服役', '，', '军衔', '上尉', '，', '在', 'A', '大队', '他们', '都', '叫', '我', '猴子', '，', '不过', '你们', '也', '可以', '这样', '叫', '我', '。', '”']",国军.txt
Ns,Nh,"(18, 19)","(24, 25)",中国,邵,"['迈克', '想', '了', '想', '继续', '说道', '，', '“', '当时', '他', '对', '我', '说', '‘', '记住', '，', '鄙人', '是', '中国', 'A', '大队', '队长', '，', '姓', '邵', '名校', '，', '军衔', '少校', '。']",国军.txt
Nh,Nh,"(0, 1)","(2, 3)",迈克,邵校,"['迈克', '见', '邵校', '想要', '走', '，', '急忙', '请求', '道', '。']",国军.txt
Nh,Nh,"(3, 4)","(6, 7)",邵校,迈克,"['和尚', '听', '了', '邵校', '的话', '为', '迈克', '他们', '‘', '打抱不平', '’', '。']",国军.txt
Nh,BOOK,"(6, 7)","(0, 1)",王建军,《中南海保镖》,"['《中南海保镖》', '里', '倪星', '扮演', '的', '退伍军人', '王建军', '拿', '的', '应该', '就是', '53', '式', '四棱军', '刺', '：', '隔板', '杀人', '无坚不摧', '，', '捅', '谁', '一下', '谁', '的', '血', '就', '顺着', '四道', '血槽', '‘', '滋滋', '’', '往外', '飞奔', '，', '几分钟', '就', '没救', '。']",国军.txt
Nh,Ns,"(2, 3)","(8, 9)",莲根,死岛,"['こ', 'の', '莲根', '鸟', '毛', 'も', 'な', 'い', '死岛', 'に', '何', 'を', '探', 'し', 'て', 'レ', 'ー', 'ザ', 'ー', '?']",国军.txt
Nh,Ns,"(0, 1)","(7, 8)",米军,中国,"['米军', 'が', 'ま', 'だ', 'さ', 'え', '、', '中国', 'が', '开', '発', 'し', '、', '中国', '人', 'は', '本当', 'に', 'あ', 'る', 'の', 'が', 'そ', 'ん', 'な', 'に', '酷', 'い', 'ん', 'で', 'す', 'か', '?']",国军.txt
Ns,Ns,"(7, 8)","(13, 14)",中国,中国,"['米军', 'が', 'ま', 'だ', 'さ', 'え', '、', '中国', 'が', '开', '発', 'し', '、', '中国', '人', 'は', '本当', 'に', 'あ', 'る', 'の', 'が', 'そ', 'ん', 'な', 'に', '酷', 'い', 'ん', 'で', 'す', 'か', '?']",国军.txt
Ns,Ns,"(6, 7)","(12, 13)",中国,中国,"['连', '美军', '都', '还', '没有', '，', '中国', '竟然', '研制', '出来', '了', '，', '中国', '人', '真的', '有', '那么', '厉害', '吗', '？']",国军.txt
Ns,Nh,"(4, 5)","(11, 12)",中国,邵校,"['看来', '刚才', '的', '那名', '中国', '军人', '是', 'A', '队', '的', '队长', '邵校', '。']",国军.txt
Nh,Nh,"(0, 1)","(3, 4)",邵校,曹尚,"['邵校', '打断', '了', '曹尚', '飞', '的', '报告', '，', '在', '他', '看来', '敌人', '的', '武器', '再', '好', '也', '不会', '对', '他们', '造成', '威胁', '，', '他', '在意', '的', '是', '敌人', '的', '人数', '，', '如果', '敌人', '是', '黑压压', '的', '一片', '，', '那么', '即使', '武器', '再', '差', '也', '能', '用', '人海战术', '把', '他们', '这群', '牛', 'B', '的', '老', 'A', '给', '累死', '。']",国军.txt
Nh,Nh,"(0, 1)","(2, 3)",汤姆,乔治,"['汤姆', '和', '乔治', '都', '死', '了', '！', '”']",国军.txt
Nh,Nh,"(11, 12)","(13, 14)",迈克,乔治,"['“', '右翼', '的', '史密斯', '小组', '全部', '阵亡', '了', '，', '左翼', '的', '迈克', '和', '乔治', '也', '死', '了', '，', '查理', '和', '大卫', '在', '刚才', '撤退', '的', '时候', '被', '击中', '了', '，', '现在', '就', '剩下', '我们', '五个', '了', '！', '”']",国军.txt
Nh,Nh,"(11, 12)","(18, 19)",迈克,查理,"['“', '右翼', '的', '史密斯', '小组', '全部', '阵亡', '了', '，', '左翼', '的', '迈克', '和', '乔治', '也', '死', '了', '，', '查理', '和', '大卫', '在', '刚才', '撤退', '的', '时候', '被', '击中', '了', '，', '现在', '就', '剩下', '我们', '五个', '了', '！', '”']",国军.txt
Nh,Nh,"(13, 14)","(18, 19)",乔治,查理,"['“', '右翼', '的', '史密斯', '小组', '全部', '阵亡', '了', '，', '左翼', '的', '迈克', '和', '乔治', '也', '死', '了', '，', '查理', '和', '大卫', '在', '刚才', '撤退', '的', '时候', '被', '击中', '了', '，', '现在', '就', '剩下', '我们', '五个', '了', '！', '”']",国军.txt
Nh,Nh,"(13, 14)","(20, 21)",乔治,大卫,"['“', '右翼', '的', '史密斯', '小组', '全部', '阵亡', '了', '，', '左翼', '的', '迈克', '和', '乔治', '也', '死', '了', '，', '查理', '和', '大卫', '在', '刚才', '撤退', '的', '时候', '被', '击中', '了', '，', '现在', '就', '剩下', '我们', '五个', '了', '！', '”']",国军.txt
Nh,Nh,"(18, 19)","(20, 21)",查理,大卫,"['“', '右翼', '的', '史密斯', '小组', '全部', '阵亡', '了', '，', '左翼', '的', '迈克', '和', '乔治', '也', '死', '了', '，', '查理', '和', '大卫', '在', '刚才', '撤退', '的', '时候', '被', '击中', '了', '，', '现在', '就', '剩下', '我们', '五个', '了', '！', '”']",国军.txt
Ns,Nh,"(25, 26)","(28, 29)",中国,志远,"['邵校', '咬着牙', '一字一句', '的', '对', '众人', '说', '，', '他', '的', '声音', '很', '清晰', '，', '让', '每个', '人', '都', '听到', '了', '他', '的', '悲伤', '，', '“', '中国', 'A', '队王', '志远', '少尉', '在', '执行', '任务', '中', '被', '敌', '狙击手', '用', '95', '－', 'A', '式', '狙击步枪', '的', '专用', '穿甲弹', '击中', '牺牲', '…', '…']",国军.txt
Nh,Ni,"(0, 1)","(7, 10)",巴雷特,美国巴雷特公司,"['巴雷特', 'M82A1', '反', '器材', '狙击步枪', '是', '由', '美国', '巴雷特', '公司', '研发', '生产', '的', '重型', 'SASR', '（', 'SpecialApplicationScopedRifle', '—', '特殊', '用途', '狙击步枪', '）', '，', '被', '世界', '多个', '国家', '的', '军队', '和', '警察', '单位', '使用', '，', '包括', '美军', '特种部队', '。']",国军.txt
Nh,Ns,"(1, 2)","(3, 4)",迈克,瑞恩,"['”', '迈克', '趴在', '瑞恩', '的', '身旁', '呼唤', '着', '他', '。']",国军.txt
Nh,Nh,"(14, 15)","(21, 22)",瑞恩,瑞恩,"['迈克', '慢慢', '的', '拿', '开', '了', '瑞恩', '的', '手', '，', '他', '看见', '了', '被', '瑞恩', '重新', '塞回', '的', '肠子', '：', '“', '瑞恩', '！']",国军.txt
Nh,Nh,"(0, 1)","(3, 4)",瑞恩,迈克,"['瑞恩', '打断', '了', '迈克', '的话', '，', '用力', '推', '着', '迈克', '，', '艰难', '的', '从', '地上', '拾起', '一把', '枪', '，', '上膛', '。']",国军.txt
Nh,Nh,"(3, 4)","(9, 10)",迈克,迈克,"['瑞恩', '打断', '了', '迈克', '的话', '，', '用力', '推', '着', '迈克', '，', '艰难', '的', '从', '地上', '拾起', '一把', '枪', '，', '上膛', '。']",国军.txt
Nh,Nh,"(5, 6)","(8, 9)",瑞恩,迈克,"['“', '得', '得', '哒', '”', '瑞恩', '对', '着', '迈克', '脚下', '打', '了', '几枪', '：', '“', '走', '！']",国军.txt
Nh,Nh,"(3, 4)","(10, 11)",迈克,汤姆,"['接着', '费力', '地向', '迈克', '扔', '了', '两把', '枪', '，', '“', '汤姆', '！']",国军.txt
Nh,Nh,"(0, 1)","(4, 5)",瑞恩,迈克,"['瑞恩', '再次', '打断', '了', '迈克', '的话', '。']",国军.txt
Nh,Nh,"(0, 1)","(2, 3)",迈克,汤姆,"['迈克', '被', '汤姆', '背着', '消失', '在', '树林', '里', '。']",国军.txt
Nh,Nh,"(2, 3)","(4, 5)",迈克,汤姆,"['他们', '是', '迈克', '和', '汤姆', '！']",国军.txt
Nh,Nh,"(15, 16)","(18, 19)",刘星,刘星,"['邵校', '一脚', '把', '猴子', '踢飞', '，', '眼睛', '透过', '95B', '式', '冲锋枪', '的', '准星', '盯', '着', '刘星', '，', '而', '刘星', '手端', '着', '一把', '狙击步枪', '—', '—', '正是', '一把', 'A', '队', '特有', '的', '95A', '式', '狙击步枪', '，', '他', '只是', '将', '枪端', '在', '胸前', '指着', '邵校', '，', '脸上', '充满', '了', '恐惧', '，', '两眼', '死死的', '盯', '着', '邵校', '手中', '的', '冲锋枪', '，', '看来', '他', '并', '不敢', '杀', '邵校', '。']",国军.txt
Nh,Nh,"(0, 1)","(4, 5)",邵校,刘星,"['邵校', '小声', '的', '对', '刘星', '说道', '，', '他', '的', '头', '略微', '偏离', '了', '准星', '一些', '，', '但', '刘星', '仍', '在', '他', '的', '火力', '范围', '内', '。']",国军.txt
Nh,Nh,"(39, 41)","(42, 43)",老A,薛豹,"['他', '想', '赶紧', '带', '大家', '离开', '，', '但', 'M95', '没有', '等', '他们', '走出', '这片', '土地', '，', '令人', '恐惧', '的', '声音', '再次', '响', '了', '起来', '，', '‘', '砰', '－', '砰', '－', '砰', '’', '三颗', '子弹', '飞来', '却', '倒下', '了', '四名', '老', 'A', '，', '薛豹', '在', '最后', '关头', '为', '弟弟', '薛狼', '挡住', '了', '一颗', '子弹', '，', '但', '这', '又', '有', '什么', '用', '呢', '？']",国军.txt
Nh,Nh,"(42, 43)","(48, 49)",薛豹,薛狼,"['他', '想', '赶紧', '带', '大家', '离开', '，', '但', 'M95', '没有', '等', '他们', '走出', '这片', '土地', '，', '令人', '恐惧', '的', '声音', '再次', '响', '了', '起来', '，', '‘', '砰', '－', '砰', '－', '砰', '’', '三颗', '子弹', '飞来', '却', '倒下', '了', '四名', '老', 'A', '，', '薛豹', '在', '最后', '关头', '为', '弟弟', '薛狼', '挡住', '了', '一颗', '子弹', '，', '但', '这', '又', '有', '什么', '用', '呢', '？']",国军.txt
Nh,Nh,"(0, 1)","(2, 3)",姬不中,薛狼,"['姬不中', '见', '薛狼', '还是', '那么', '坚持', '，', '叹', '了', '一口气', '，', '背', '起', '另外', '两个', '人', '向前走', '去', '。']",国军.txt
Nh,Nh,"(37, 38)","(40, 41)",刘星,刘星,"['两个', '人', '争先恐后', '的', '向', '驻地', '跑', '去', '，', '等', '他们', '跑', '过去', '的', '时候', '发现', '能动', '的', '全', '在', '那', '了', '，', '不能', '动', '的', '也', '在', '那', '躺', '着', '了', '，', '刀锋', '手拿着', '枪', '指着', '刘星', '，', '而', '刘星', '则', '拿', '着', '枪', '躺', '在', '地上', '，', '只不过', '他', '的', '枪口', '是', '指向', '自己', '的', '头', '，', '说', '是', '头', '但', '现在', '也', '不能', '算是', '头', '，', '你', '见', '过', '那个', '人', '的', '头', '缺', '了', '一大半', '？']",国军.txt
Nh,Nh,"(0, 1)","(4, 5)",邵校,刘星,"['邵校', '指', '了', '指', '刘星', '身边', '的', '弹孔', '说道', '。']",国军.txt
Nh,Nh,"(0, 1)","(3, 4)",刀锋,邵校,"['刀锋', '望', '着', '邵校', '离开', '的', '背影', '发着', '呆', '，', '他', '觉得', '队长', '刚才', '的', '那', '两下子', '耍', '的', '太帅', '了', '，', '先是', '一个', '‘', '空中', '截击', '’', '，', '一挺', '机枪', '打出', '两个', '效果', '，', '然后', '落地', '再来一个', '‘', '螳螂捕蝉', '，', '黄雀在后', '’', '一阵', '扫射', '完事', '。']",国军.txt
Nh,Ns,"(1, 2)","(6, 7)",邵,日本,"['接着', '邵', '校对', '地上', '的', '两名', '日本', '兵', '说', '，', '“', 'ロ', 'ー', 'ラ', 'ー', '!']",国军.txt
Nh,Nh,"(9, 10)","(16, 17)",王,小飞,"['下', '一刻', '，', '他', '在', '树林', '里', '看见', '了', '王', '志远', '的', '身影', '，', '看见', '了', '小飞', '的', '身影', '，', '看见', '了', '所有', '在', '这里', '牺牲', '的', '老', 'A', '的', '身影', '…', '…']",国军.txt
Nh,Nh,"(0, 1)","(3, 4)",邵校,曹尚,"['邵校', '听', '完', '曹尚', '飞', '的', '报告', '后', '想', '了', '想', '，', '然后', '对', '他', '说', '：', '“', '我', '知道', '了', '，', '你', '自己', '看', '的', '办', '吧', '！', '”']",国军.txt
Ns,Ns,"(5, 6)","(10, 11)",中国,中国,"['这', '家伙', '可忙', '坏', '了', '中国', '军队', '，', '尤其', '是', '中国', '的', '特种部队', '，', '不管', '是', '海防', '陆防', '还是', '空防', '，', '边境', '的', '哨兵', '一律', '换成', '海陆空', '三军', '的', '特种部队', '。']",国军.txt
Ns,Nh,"(10, 11)","(17, 18)",中国,陆防,"['这', '家伙', '可忙', '坏', '了', '中国', '军队', '，', '尤其', '是', '中国', '的', '特种部队', '，', '不管', '是', '海防', '陆防', '还是', '空防', '，', '边境', '的', '哨兵', '一律', '换成', '海陆空', '三军', '的', '特种部队', '。']",国军.txt
Ns,Ns,"(4, 5)","(9, 10)",中国,美国,"['这些', '组织', '不敢', '来', '中国', '还', '不敢', '去', '什么', '美国', '，', '印度', '，', '阿富汗', '啊', '。']",国军.txt
Ns,Ns,"(4, 5)","(11, 12)",中国,印度,"['这些', '组织', '不敢', '来', '中国', '还', '不敢', '去', '什么', '美国', '，', '印度', '，', '阿富汗', '啊', '。']",国军.txt
Ns,Ns,"(9, 10)","(11, 12)",美国,印度,"['这些', '组织', '不敢', '来', '中国', '还', '不敢', '去', '什么', '美国', '，', '印度', '，', '阿富汗', '啊', '。']",国军.txt
Ns,Ns,"(9, 10)","(13, 14)",美国,阿富汗,"['这些', '组织', '不敢', '来', '中国', '还', '不敢', '去', '什么', '美国', '，', '印度', '，', '阿富汗', '啊', '。']",国军.txt
Ns,Ns,"(11, 12)","(13, 14)",印度,阿富汗,"['这些', '组织', '不敢', '来', '中国', '还', '不敢', '去', '什么', '美国', '，', '印度', '，', '阿富汗', '啊', '。']",国军.txt
Ns,Ns,"(10, 11)","(16, 17)",美国,美国,"['就', '拿', '美国', '来说', '吧', '，', '一年', '了', '，', '八十一名', '美国', '特级', '特工', '和', '一百七十多', '名', '美国', '高级', '间谍', '没', '击毙', '在', '中国', '境内', '，', '二百多名', '美国', '特级', '特工', '和', '一百多名', '美国', '高级', '间谍', '在', '中国', '边境', '被', '逮捕', '；']",国军.txt
Ns,Ns,"(16, 17)","(22, 23)",美国,中国,"['就', '拿', '美国', '来说', '吧', '，', '一年', '了', '，', '八十一名', '美国', '特级', '特工', '和', '一百七十多', '名', '美国', '高级', '间谍', '没', '击毙', '在', '中国', '境内', '，', '二百多名', '美国', '特级', '特工', '和', '一百多名', '美国', '高级', '间谍', '在', '中国', '边境', '被', '逮捕', '；']",国军.txt
Ns,Ns,"(22, 23)","(26, 27)",中国,美国,"['就', '拿', '美国', '来说', '吧', '，', '一年', '了', '，', '八十一名', '美国', '特级', '特工', '和', '一百七十多', '名', '美国', '高级', '间谍', '没', '击毙', '在', '中国', '境内', '，', '二百多名', '美国', '特级', '特工', '和', '一百多名', '美国', '高级', '间谍', '在', '中国', '边境', '被', '逮捕', '；']",国军.txt
Ns,Ns,"(26, 27)","(31, 32)",美国,美国,"['就', '拿', '美国', '来说', '吧', '，', '一年', '了', '，', '八十一名', '美国', '特级', '特工', '和', '一百七十多', '名', '美国', '高级', '间谍', '没', '击毙', '在', '中国', '境内', '，', '二百多名', '美国', '特级', '特工', '和', '一百多名', '美国', '高级', '间谍', '在', '中国', '边境', '被', '逮捕', '；']",国军.txt
Ns,Ns,"(31, 32)","(35, 36)",美国,中国,"['就', '拿', '美国', '来说', '吧', '，', '一年', '了', '，', '八十一名', '美国', '特级', '特工', '和', '一百七十多', '名', '美国', '高级', '间谍', '没', '击毙', '在', '中国', '境内', '，', '二百多名', '美国', '特级', '特工', '和', '一百多名', '美国', '高级', '间谍', '在', '中国', '边境', '被', '逮捕', '；']",国军.txt
Ns,Ns,"(14, 15)","(20, 21)",美国,中国,"['更', '可悲', '的', '是', '美国', '竟然', '死活', '都', '不', '承认', '这些', '特工', '是', '他们', '美国', '人', '，', '而且', '还', '将', '中国', '送回', '的', '几十名', '美军', '高级', '间谍', '秘密', '处决', '，', '结果', '剩下', '的', '特工', '和', '间谍', '死活', '都', '不肯', '再', '回', '美国', '而是', '留在', '了', '中国', '…', '…']",国军.txt
Ns,Ns,"(41, 42)","(45, 46)",美国,中国,"['更', '可悲', '的', '是', '美国', '竟然', '死活', '都', '不', '承认', '这些', '特工', '是', '他们', '美国', '人', '，', '而且', '还', '将', '中国', '送回', '的', '几十名', '美军', '高级', '间谍', '秘密', '处决', '，', '结果', '剩下', '的', '特工', '和', '间谍', '死活', '都', '不肯', '再', '回', '美国', '而是', '留在', '了', '中国', '…', '…']",国军.txt
Ns,Ns,"(0, 1)","(3, 4)",美国,中国,"['美国', '已经', '让', '中国', '军队', '很忙', '了', '，', '身为', '美国', '走狗', '的', '日本', '却', '后来居上', '，', '一年', '之内', '，', '便', '将', '全', '日本', '的', '间谍', '特工', '消耗', '殆尽', '。']",国军.txt
Ns,Ns,"(3, 4)","(9, 10)",中国,美国,"['美国', '已经', '让', '中国', '军队', '很忙', '了', '，', '身为', '美国', '走狗', '的', '日本', '却', '后来居上', '，', '一年', '之内', '，', '便', '将', '全', '日本', '的', '间谍', '特工', '消耗', '殆尽', '。']",国军.txt
Ns,Ns,"(9, 10)","(12, 13)",美国,日本,"['美国', '已经', '让', '中国', '军队', '很忙', '了', '，', '身为', '美国', '走狗', '的', '日本', '却', '后来居上', '，', '一年', '之内', '，', '便', '将', '全', '日本', '的', '间谍', '特工', '消耗', '殆尽', '。']",国军.txt
Ns,Ns,"(20, 21)","(25, 26)",中国,中国,"['但', '他们', '仍然', '不', '消停', '，', '一边', '培训', '新', '的', '特工', '和', '间谍', '，', '一边', '派', '日军', '的', '特种部队', '来', '中国', '，', '企图', '继续', '寻找', '中国', '如此', '神速', '的', '导弹', '制造', '的', '秘密', '。']",国军.txt
Ns,Ns,"(24, 25)","(30, 31)",日本,美国,"['其他', '一些', '仇视', '中国', '的', '国家', '我', '就', '不', '说', '了', '，', '他们', '虽然', '也', '很', '想', '知道', '这个', '秘密', '，', '但', '他们', '没有', '日本', '那么', '白痴', '，', '也', '没有', '美国', '的', '特级', '特工', '和', '高级', '间谍', '，', '他们', '特工', '和', '间谍', '有限', '，', '他们', '玩不起', '…', '…']",国军.txt
Ns,Ns,"(26, 27)","(29, 30)",美国,英国,"['看来', '这个', '日本天皇', '的', '直属', '航空', '大队', '并非', '只是', '逗逗', '小孩', '玩', '的', '，', '飞机', '不仅', '数量', '不少', '，', '样式', '也', '挺', '花哨', '的', '，', '什么', '美国', '的', '，', '英国', '的', '，', '德国', '的', '，', '俄罗斯', '的', '…', '…']",国军.txt
Ns,Ns,"(26, 27)","(32, 33)",美国,德国,"['看来', '这个', '日本天皇', '的', '直属', '航空', '大队', '并非', '只是', '逗逗', '小孩', '玩', '的', '，', '飞机', '不仅', '数量', '不少', '，', '样式', '也', '挺', '花哨', '的', '，', '什么', '美国', '的', '，', '英国', '的', '，', '德国', '的', '，', '俄罗斯', '的', '…', '…']",国军.txt
Ns,Ns,"(29, 30)","(32, 33)",英国,德国,"['看来', '这个', '日本天皇', '的', '直属', '航空', '大队', '并非', '只是', '逗逗', '小孩', '玩', '的', '，', '飞机', '不仅', '数量', '不少', '，', '样式', '也', '挺', '花哨', '的', '，', '什么', '美国', '的', '，', '英国', '的', '，', '德国', '的', '，', '俄罗斯', '的', '…', '…']",国军.txt
Ns,Ns,"(29, 30)","(35, 36)",英国,俄罗斯,"['看来', '这个', '日本天皇', '的', '直属', '航空', '大队', '并非', '只是', '逗逗', '小孩', '玩', '的', '，', '飞机', '不仅', '数量', '不少', '，', '样式', '也', '挺', '花哨', '的', '，', '什么', '美国', '的', '，', '英国', '的', '，', '德国', '的', '，', '俄罗斯', '的', '…', '…']",国军.txt
Ns,Ns,"(32, 33)","(35, 36)",德国,俄罗斯,"['看来', '这个', '日本天皇', '的', '直属', '航空', '大队', '并非', '只是', '逗逗', '小孩', '玩', '的', '，', '飞机', '不仅', '数量', '不少', '，', '样式', '也', '挺', '花哨', '的', '，', '什么', '美国', '的', '，', '英国', '的', '，', '德国', '的', '，', '俄罗斯', '的', '…', '…']",国军.txt
Nh,Nh,"(46, 47)","(50, 51)",邵校,邵,"['就', '在', '曹尚', '飞想', '开始', '第十次', '讯问', '时', '，', '邵校动', '了', '，', '他', '以为', '邵校', '同意', '他', '把', '这些', '日军', '军舰', '炸沉', '了', '，', '手向', '一个', '红色', '的', '按钮', '急速', '伸', '去', '，', '但', '在', '里', '按钮', '还有', '一', '厘米', '的', '时候', '他', '的', '手', '被', '邵校', '抓住', '了', '，', '邵', '校对', '他', '摇摇头', '，', '然后', '将', '操作', '台上', '的', '通话器', '拿', '了', '起来', '，', '打开', '，', '并', '输入', '了', '一窜', '数字', '，', '接着', '对', '着', '通话器', '开口', '道', '…', '…']",国军.txt
Nh,Nh,"(0, 1)","(3, 4)",邵校,曹尚飞,"['邵校', '听', '了', '曹尚飞', '的话', '后', '，', '将', '身子', '俯下', '，', '开口', '在', '曹尚', '飞', '的', '耳边', '轻轻地', '对', '他', '说', '：', '“', 'TDTB8', '，', '‘', 'T', '’', '系', '导弹', '特种部队', '，', '你', '说', '他们', '行', '吗', '？', '”']",国军.txt
Nh,Nh,"(0, 1)","(5, 6)",邵校,曹尚,"['邵校', '想', '了', '想', '对', '曹尚', '飞', '说', '：', '“', '你', '先', '在', '这', '找个', '地方', '降落', '，', '咱们', '先', '下去', '看看', '。', '”']",国军.txt
Nh,Ns,"(2, 3)","(7, 8)",邵校,中国,"['对', '，', '邵校', '既然', '说', '这里', '不是', '中国', '，', '那', '他', '一定', '该', '知道', '这里', '到底', '是', '什么', '地方', '吧', '？']",国军.txt
Nh,Nh,"(0, 1)","(6, 7)",老炮,邵校,"['老炮', '想', '了', '想', '同意', '了', '邵校', '的', '看法', '，', '他', '用', '手指', '向', '人群', '，', '“', '你', '，', '你', '，', '你', '，', '还有', '你', '，', '你们', '几个', '新兵', '蛋子', '就', '跟', '我', '在', '这', '把', '人', '照顾', '好', '就行了', '。', '”']",国军.txt
Ns,Ns,"(3, 4)","(8, 9)",南京城,中国,"['仅仅', '一个', '小小的', '南京城', '，', '就', '有', '三十余万', '中国', '人', '和', '中国', '军警', '葬身', '于', '此', '；']",国军.txt
Ns,Ns,"(8, 9)","(11, 12)",中国,中国,"['仅仅', '一个', '小小的', '南京城', '，', '就', '有', '三十余万', '中国', '人', '和', '中国', '军警', '葬身', '于', '此', '；']",国军.txt
Ns,Ns,"(15, 16)","(22, 23)",日本,日本,"['邵校', '咬着牙', '，', '脑海中', '又', '浮现', '出', '自己', '带', '着', '刚刚', '组建', '的', 'A', '队去', '日本', '执行', '第一个', '任务', '时', '与', '那名', '日本', '少将', '对话', '的', '场景', '…', '…']",国军.txt
Ns,Ns,"(29, 30)","(36, 37)",日本政府,中国,"['甚至', '当老', 'A', '们', '夺', '了', '一艘', '日本', '海军', '的', '甲级', '军舰', '回国', '时', '，', '日本', '军方', '连', '一架', '飞机', '也', '没敢', '派', '，', '他们', '被', '打怕', '了', '，', '日本政府', '通过', '卫星', '看着', '这艘', '载', '着', '中国', '兵', '的', '日本', '军舰', '大摇大摆', '的', '进入', '了', '中国', '领海', '。']",国军.txt
Ns,Ns,"(36, 37)","(39, 40)",中国,日本,"['甚至', '当老', 'A', '们', '夺', '了', '一艘', '日本', '海军', '的', '甲级', '军舰', '回国', '时', '，', '日本', '军方', '连', '一架', '飞机', '也', '没敢', '派', '，', '他们', '被', '打怕', '了', '，', '日本政府', '通过', '卫星', '看着', '这艘', '载', '着', '中国', '兵', '的', '日本', '军舰', '大摇大摆', '的', '进入', '了', '中国', '领海', '。']",国军.txt
Ns,Ns,"(39, 40)","(45, 46)",日本,中国,"['甚至', '当老', 'A', '们', '夺', '了', '一艘', '日本', '海军', '的', '甲级', '军舰', '回国', '时', '，', '日本', '军方', '连', '一架', '飞机', '也', '没敢', '派', '，', '他们', '被', '打怕', '了', '，', '日本政府', '通过', '卫星', '看着', '这艘', '载', '着', '中国', '兵', '的', '日本', '军舰', '大摇大摆', '的', '进入', '了', '中国', '领海', '。']",国军.txt
Ns,Ns,"(17, 18)","(19, 20)",日本,中国,"['最后', '中国', '不仅', '‘', '没收', '’', '了', '这', '艘', '日本', '军舰', '，', '还', '在', '国际', '上', '指着', '日本', '侵犯', '中国', '的', '领海', '，', '而', '日本', '方面', '是', '有', '苦', '说不出', '，', '你', '说', '那', '艘', '军舰', '是', '中国', '军队', '抢', '的', '，', '可是', '说', '出来', '谁', '信', '啊', '？']",国军.txt
Ns,Ns,"(17, 18)","(24, 25)",日本,日本,"['最后', '中国', '不仅', '‘', '没收', '’', '了', '这', '艘', '日本', '军舰', '，', '还', '在', '国际', '上', '指着', '日本', '侵犯', '中国', '的', '领海', '，', '而', '日本', '方面', '是', '有', '苦', '说不出', '，', '你', '说', '那', '艘', '军舰', '是', '中国', '军队', '抢', '的', '，', '可是', '说', '出来', '谁', '信', '啊', '？']",国军.txt
Ns,Ns,"(19, 20)","(24, 25)",中国,日本,"['最后', '中国', '不仅', '‘', '没收', '’', '了', '这', '艘', '日本', '军舰', '，', '还', '在', '国际', '上', '指着', '日本', '侵犯', '中国', '的', '领海', '，', '而', '日本', '方面', '是', '有', '苦', '说不出', '，', '你', '说', '那', '艘', '军舰', '是', '中国', '军队', '抢', '的', '，', '可是', '说', '出来', '谁', '信', '啊', '？']",国军.txt
Ns,Ns,"(1, 2)","(5, 6)",中国,日本,"['几十名', '中国', '军人', '不仅', '在', '日本', '来去自如', '，', '还', '打死', '数千名', '日军', '，', '打残', '一个', '甲种', '的', '装甲部队', '，', '最后', '还', '抢', '了', '一艘', '甲级', '军舰', '扬长而去', '…', '…']",国军.txt
Nh,Nh,"(28, 29)","(30, 31)",邵校,邵,"['邵校', '使劲', '搓', '了', '搓', '脸', '，', '然后', '耐心', '的', '向上', '官紫蕾', '解释', '起来', '：', '“', '美女', '，', '我', '叫', '邵校', '，', '邵校', '是', '我', '的', '名字', '，', '邵校', '的', '邵', '，', '少校', '的', '少', '，', '邵校', '！']",国军.txt
Nh,Nh,"(18, 19)","(22, 23)",邵校,邵校,"['这时', '，', '和尚', '走', '了', '过来', '，', '他', '拍了拍', '邵校', '的', '肩膀', '，', '然后', '低头', '小声', '的', '对', '邵校', '说', '：', '“', '邵校', '，', '你', '不', '失败', '就', '怪', '了', '，', '我们', '还', '不', '知道', '你', '啊', '，', '一', '碰见', '女人', '就', '连话都', '说', '不好', '了', '，', '那', '看', '我', '咋', '说', '的', '啊', '。', '”']",国军.txt
Nh,Nh,"(11, 12)","(18, 19)",以柔克刚,老庄,"['在', '太极拳', '中', '，', '借力', '打力', '，', '""', '四两拨千斤', '""', '，', '以柔克刚', '、', '以静', '制动', '，', '都', '来源于', '老庄', '哲学', '，', '故', '太极拳', '被', '称为', '“', '国粹', '”', '。']",国军.txt
Nh,Nh,"(71, 72)","(73, 74)",至简,至灵,"['但是', '上尉', '突击手', '真正', '惊讶', '的', '却是', '猴子', '化拳', '为', '掌', '的', '那一刻', '，', '他', '不敢相信', '猴子', '那一掌', '的', '原理', '竟然', '是', '咏春拳', '中', '的', '‘', '寸拳', '’', '的', '原理', '，', '寸拳', '，', '又', '称为', '寸劲拳', '，', '它', '讲究', '短距离', '迅速', '出拳', '打出', '自己', '的', '有力', '的', '一拳', '要', '爆发', '出', '自己', '的', '所有', '爆发力', '打倒', '敌人', '，', '寸拳', '以', '本能', '反应', '为', '主导', '与', '潜能', '最大', '发挥', '为', '主体', '，', '至简', '、', '至灵', '、', '至威', '、', '至', '猛', '。']",国军.txt
Nh,Ns,"(71, 72)","(75, 76)",至简,至威,"['但是', '上尉', '突击手', '真正', '惊讶', '的', '却是', '猴子', '化拳', '为', '掌', '的', '那一刻', '，', '他', '不敢相信', '猴子', '那一掌', '的', '原理', '竟然', '是', '咏春拳', '中', '的', '‘', '寸拳', '’', '的', '原理', '，', '寸拳', '，', '又', '称为', '寸劲拳', '，', '它', '讲究', '短距离', '迅速', '出拳', '打出', '自己', '的', '有力', '的', '一拳', '要', '爆发', '出', '自己', '的', '所有', '爆发力', '打倒', '敌人', '，', '寸拳', '以', '本能', '反应', '为', '主导', '与', '潜能', '最大', '发挥', '为', '主体', '，', '至简', '、', '至灵', '、', '至威', '、', '至', '猛', '。']",国军.txt
Nh,Ns,"(73, 74)","(75, 76)",至灵,至威,"['但是', '上尉', '突击手', '真正', '惊讶', '的', '却是', '猴子', '化拳', '为', '掌', '的', '那一刻', '，', '他', '不敢相信', '猴子', '那一掌', '的', '原理', '竟然', '是', '咏春拳', '中', '的', '‘', '寸拳', '’', '的', '原理', '，', '寸拳', '，', '又', '称为', '寸劲拳', '，', '它', '讲究', '短距离', '迅速', '出拳', '打出', '自己', '的', '有力', '的', '一拳', '要', '爆发', '出', '自己', '的', '所有', '爆发力', '打倒', '敌人', '，', '寸拳', '以', '本能', '反应', '为', '主导', '与', '潜能', '最大', '发挥', '为', '主体', '，', '至简', '、', '至灵', '、', '至威', '、', '至', '猛', '。']",国军.txt
Nh,Ni,"(2, 3)","(5, 8)",李,中国龙腾特种部队,"['我', '叫', '李', '天龙', '，', '中国', '龙腾', '特种部队', 'B', '组', '少尉', '狙击手', '！']",国军.txt
Nh,Nh,"(9, 10)","(12, 13)",吴法天,汤普森,"['当', '他', '冲出', '营门', '的', '时候', '，', '却', '看见', '吴法天', '抱', '着', '汤普森', '，', '一脸', '坏', '笑', '着', '看着', '他', '，', '好像', '在', '对', '他', '说', '：', '嘿嘿', '，', '营长', '，', '你', '输', '啦', '！']",国军.txt
Ns,Nh,"(7, 8)","(12, 13)",中国,黄埔军校,"['因此', '，', '上官', '家族', '受到', '了', '当时', '中国', '的', '最高', '统帅', '，', '黄埔军校', '校长', '，', '国民党', '总裁', '，', '以及', '国民党', '军事', '委员会', '委员长', '蒋中正', '的', '特殊', '待遇', '，', '蒋', '委员长', '曾', '亲手', '为', '上官', '家族', '写', '了', '一个', '‘', '护身符', '’', '，', '那', '上面', '的', '意思', '就是说', '无论是', '谁', '都', '不能', '找', '上官', '家族', '的', '麻烦', '，', '而且', '上官', '家族', '若', '是', '有所', '需求', '，', '都', '要', '尽量', '满足', '。']",国军.txt
Nh,Nh,"(23, 24)","(28, 29)",蒋中正,蒋,"['因此', '，', '上官', '家族', '受到', '了', '当时', '中国', '的', '最高', '统帅', '，', '黄埔军校', '校长', '，', '国民党', '总裁', '，', '以及', '国民党', '军事', '委员会', '委员长', '蒋中正', '的', '特殊', '待遇', '，', '蒋', '委员长', '曾', '亲手', '为', '上官', '家族', '写', '了', '一个', '‘', '护身符', '’', '，', '那', '上面', '的', '意思', '就是说', '无论是', '谁', '都', '不能', '找', '上官', '家族', '的', '麻烦', '，', '而且', '上官', '家族', '若', '是', '有所', '需求', '，', '都', '要', '尽量', '满足', '。']",国军.txt
Ns,Nh,"(6, 7)","(9, 10)",南京,孙中山,"['次年', '1', '月', '，', '国民政府', '在', '南京', '宣告成立', '，', '孙中山', '人', '临时', '大总统', '，', '国旗', '为', '青天白日', '旗', '，', '为了', '纪念', '这', '一切', '，', '上官', '裂', '决定', '将', '上官', '绝磷', '改名', '为', '上官', '青天', '，', '青天', '二字', '正是', '取于', '‘', '青天白日', '旗', '’', '之中', '。']",国军.txt
Ni,Ni,"(1, 3)","(4, 5)",重庆国防部,国防部,"['来到', '重庆', '国防部', '，', '国防部', '授予', '其', '少校', '军衔', '，', '而后', '派', '至经', '淞沪', '会战', '和', '南京', '保卫战', '后', '因', '伤亡', '过半', '而拉至', '后方', '休整', '和', '急需', '补充', '兵源', '国民革命军', '第五十一', '师', '就职', '。']",国军.txt
Nh,Ns,"(2, 3)","(6, 7)",王耀武,黄埔,"['五十一', '师师长', '王耀武', '少将', '念其同', '是', '黄埔', '校生', '，', '并', '刚', '从', '德国', '柏林', '军校', '学习', '了', '特种', '作战', '归来', '，', '给', '其一', '加强营', '编制', '，', '上官', '青天', '任', '营长', '，', '士兵', '和', '军官', '随其', '从', '各个', '部队', '抽调', '，', '然后', '命令', '上官', '青天', '将', '这支', '加强营', '拉至', '别处', '训练', '成', '一支', '所谓', '的', '‘', '特种部队', '’', '，', '加强营', '训练', '完后', '归队', '，', '这支', '部队', '由', '师部', '直接', '指挥', '，', '其', '对外', '番号', '为', '五十一', '师师', '直属', '侦察', '营', '。']",国军.txt
Ns,Ns,"(6, 7)","(12, 14)",黄埔,德国柏林,"['五十一', '师师长', '王耀武', '少将', '念其同', '是', '黄埔', '校生', '，', '并', '刚', '从', '德国', '柏林', '军校', '学习', '了', '特种', '作战', '归来', '，', '给', '其一', '加强营', '编制', '，', '上官', '青天', '任', '营长', '，', '士兵', '和', '军官', '随其', '从', '各个', '部队', '抽调', '，', '然后', '命令', '上官', '青天', '将', '这支', '加强营', '拉至', '别处', '训练', '成', '一支', '所谓', '的', '‘', '特种部队', '’', '，', '加强营', '训练', '完后', '归队', '，', '这支', '部队', '由', '师部', '直接', '指挥', '，', '其', '对外', '番号', '为', '五十一', '师师', '直属', '侦察', '营', '。']",国军.txt
Ns,Ns,"(3, 4)","(6, 7)",重庆,云南,"['你', '怎么', '从', '重庆', '跑', '到', '云南', '这边', '了', '？', '”']",国军.txt
Ns,Nh,"(5, 6)","(7, 8)",法国,西尔,"['而', '四大', '军校', '就是', '：', '法国', '圣', '西尔', '军校', '与', '美国西点军校', '、', '英国', '桑赫斯', '特', '皇家', '军事学院', '以及', '俄罗斯', '伏龙芝军事学院', '并称', '世界', '“', '四大', '军校', '”', '。']",国军.txt
Ns,Ni,"(5, 6)","(12, 17)",法国,英国桑赫斯特皇家军事学院,"['而', '四大', '军校', '就是', '：', '法国', '圣', '西尔', '军校', '与', '美国西点军校', '、', '英国', '桑赫斯', '特', '皇家', '军事学院', '以及', '俄罗斯', '伏龙芝军事学院', '并称', '世界', '“', '四大', '军校', '”', '。']",国军.txt
Nh,Ni,"(7, 8)","(12, 17)",西尔,英国桑赫斯特皇家军事学院,"['而', '四大', '军校', '就是', '：', '法国', '圣', '西尔', '军校', '与', '美国西点军校', '、', '英国', '桑赫斯', '特', '皇家', '军事学院', '以及', '俄罗斯', '伏龙芝军事学院', '并称', '世界', '“', '四大', '军校', '”', '。']",国军.txt
Ni,Ns,"(12, 17)","(18, 19)",英国桑赫斯特皇家军事学院,俄罗斯,"['而', '四大', '军校', '就是', '：', '法国', '圣', '西尔', '军校', '与', '美国西点军校', '、', '英国', '桑赫斯', '特', '皇家', '军事学院', '以及', '俄罗斯', '伏龙芝军事学院', '并称', '世界', '“', '四大', '军校', '”', '。']",国军.txt
Ns,Ns,"(6, 7)","(11, 13)",美国,中国黄埔,"['一说', '战前', '世界', '四大', '军校', '为', '美国', '西点', '、', '英国皇家', '、', '中国', '黄埔', '及', '日本', '陆军', '士官', '学校', '。']",国军.txt
Ns,Ni,"(11, 13)","(14, 18)",中国黄埔,日本陆军士官学校,"['一说', '战前', '世界', '四大', '军校', '为', '美国', '西点', '、', '英国皇家', '、', '中国', '黄埔', '及', '日本', '陆军', '士官', '学校', '。']",国军.txt
Ni,Ns,"(1, 3)","(7, 8)",黄埔四期,德国,"['党国', '黄埔', '四期', '步兵', '科', '高材生', '，', '德国', '栢', '林', '军校', '留学生', '，', '国军', '第五十一', '师', '未来', '的', '师', '直属', '侦察', '营', '少校', '营长', '上官', '青天', '的', '亲', '妹妹', '！']",国军.txt
Ni,Nh,"(0, 4)","(5, 6)",中国A队少校,邵校,"['中国', 'A', '队', '少校', '队长', '邵校', '！', '”']",国军.txt
Nh,Nh,"(0, 1)","(5, 6)",邵校,曹尚,"['邵校', '说完', '了', '，', '但是', '曹尚', '飞', '还', '在', '座位', '上', '发愣', '，', '他', '甚至', '不', '明白', '队长', '到底', '是', '什么', '意思', '。']",国军.txt
Nh,Nh,"(2, 3)","(6, 7)",邵校,龙腾,"['但', '后来', '邵校', '在', '一次', '和', '龙腾', '的', '对抗', '演习', '中', '，', '他', '发现', '了', '一个', '宝贝', '，', '这个', '宝贝', '就是', '曹尚飞', '，', '原', '中国人民解放军空军', '101', '师', '王牌', '飞行员', '，', '现', '中国人民解放军', '三栖龙腾', '特种部队', '集训队', '‘', '菜鸟', '’', '，', '另外', '就是', '他', '还是', '一个', '机械', '天才', '！']",国军.txt
Nh,Nh,"(5, 6)","(8, 9)",邵校,曹尚飞,"['后来', '演习', '结束', '后', '，', '邵校', '就', '将', '曹尚飞', '特招', '进', '了', 'A', '队', '，', '他', '可', '不想', '让', '这么', '好', '的', '一架', '飞机', '因为', '没人会', '驾驶', '而', '白白的', '荒废', '了', '。']",国军.txt
Nh,Nh,"(1, 2)","(6, 7)",曹尚,邵,"['那', '曹尚', '飞', '也', '没有', '辜负', '邵', '校对', '他', '的', '期望', '，', '武直', '20', 'Ⅱ', '在', '他', '手上', '就', '跟', '玩具', '似的', '，', '他们', '跟', '曹尚', '飞', '那', '差', '的', '就', '不是', '一个', '档次', '！']",国军.txt
Nh,Nh,"(0, 1)","(4, 5)",曹尚,邵校,"['曹尚', '飞', '听', '了', '邵校', '的话', '，', '满头', '直冒', '冷汗', '。']",国军.txt
Nh,Nh,"(3, 4)","(9, 10)",邵校,曹尚,"['机', '门前', '，', '邵校', '头顶', '的', '汗', '不', '比', '曹尚', '飞', '的', '小', '，', '他', '双手', '紧紧', '的', '握', '着', '机枪', '，', '全身', '的', '重心', '向下', '，', '脚上', '的', '作战', '靴', '死死的', '踩', '在', '地板', '上', '。']",国军.txt
Nh,Nh,"(0, 1)","(3, 4)",邵校,曹尚飞,"['邵校', '安慰', '着', '曹尚飞', '，', '同时', '也', '安慰', '着', '自己', '，', '他', '在', '心里', '告诉', '自己', '这', '只是', '一个', '训练', '，', '一个', '普通', '的', '训练', '…', '…']",国军.txt
Nh,Nh,"(1, 2)","(7, 8)",邵校,曹尚飞,"['听到', '邵校', '忽然', '冒出来', '的', '一句', '，', '曹尚飞', '思考', '了', '一会儿', '，', '然后', '也', '感慨', '了', '起来', '：', '“', '是', '啊', '！']",国军.txt
Ns,Ns,"(14, 15)","(19, 20)",云南,云南,"['另一边', '，', '日军', '高层', '怒火万丈', '，', '日军', '紧急', '调集', '了', '大量', '的', '兵力', '包围', '云南', '，', '想要', '消灭', '在', '云南', '周围', '驻守', '或', '休整', '的', '国军', '部队', '，', '同时', '为了', '报', '这', '一战', '之仇', '，', '他们', '又', '紧急', '将', '大批', '还', '未', '完成', '训练', '的', '新兵', '从', '日本', '本土', '调往', '中国', '，', '意图', '摧毁', '在', '中国', '的', '所有', '的', '空军基地', '，', '同时', '日军', '在', '中国', '的', '兵力', '也', '迅速', '的', '上升', '。']",国军.txt
Ns,Ns,"(47, 48)","(50, 51)",日本,中国,"['另一边', '，', '日军', '高层', '怒火万丈', '，', '日军', '紧急', '调集', '了', '大量', '的', '兵力', '包围', '云南', '，', '想要', '消灭', '在', '云南', '周围', '驻守', '或', '休整', '的', '国军', '部队', '，', '同时', '为了', '报', '这', '一战', '之仇', '，', '他们', '又', '紧急', '将', '大批', '还', '未', '完成', '训练', '的', '新兵', '从', '日本', '本土', '调往', '中国', '，', '意图', '摧毁', '在', '中国', '的', '所有', '的', '空军基地', '，', '同时', '日军', '在', '中国', '的', '兵力', '也', '迅速', '的', '上升', '。']",国军.txt
Ns,Ns,"(50, 51)","(55, 56)",中国,中国,"['另一边', '，', '日军', '高层', '怒火万丈', '，', '日军', '紧急', '调集', '了', '大量', '的', '兵力', '包围', '云南', '，', '想要', '消灭', '在', '云南', '周围', '驻守', '或', '休整', '的', '国军', '部队', '，', '同时', '为了', '报', '这', '一战', '之仇', '，', '他们', '又', '紧急', '将', '大批', '还', '未', '完成', '训练', '的', '新兵', '从', '日本', '本土', '调往', '中国', '，', '意图', '摧毁', '在', '中国', '的', '所有', '的', '空军基地', '，', '同时', '日军', '在', '中国', '的', '兵力', '也', '迅速', '的', '上升', '。']",国军.txt
Nh,Nh,"(29, 30)","(31, 32)",邵校,曹尚飞,"['看到', '武直', '20', 'Ⅱ', '凯旋归来', '，', '全营', '的', '人', '立即', '将', '武直', '20', 'Ⅱ', '给围', '了', '个', '水泄不通', '，', '大家', '热情', '的', '问东问西', '，', '看到', '大家', '个个', '热情高涨', '，', '邵校', '和', '曹尚飞', '只好', '应付', '着', '。']",国军.txt
Nh,Nh,"(1, 2)","(8, 9)",青天,邵校,"['上官', '青天', '从', '人群', '中挤', '了', '进来', '，', '邵校', '看到', '了', '他', '，', '露出', '了', '一个', '苦笑', '，', '然后', '像', '看见', '了', '救命稻草', '一样', '，', '拼命', '的', '朝', '上官', '青天', '挤', '来', '。']",国军.txt
Nh,Nh,"(16, 17)","(18, 19)",邵校,曹尚,"['上官', '青天', '放下', '了', '右手', '，', '侦察', '营', '的', '战士', '们', '也', '放下', '了', '右手', '，', '邵校', '和', '曹尚', '飞', '也', '放下', '了', '右手', '。']",国军.txt
Ns,Ni,"(0, 1)","(2, 3)",重庆,国防部,"['重庆', '，', '国防部', '，', '国防部', '二厅', '，', '高级', '会议室', '…', '…']",国军.txt
Ns,Ni,"(0, 1)","(4, 5)",重庆,国防部,"['重庆', '，', '国防部', '，', '国防部', '二厅', '，', '高级', '会议室', '…', '…']",国军.txt
Ni,Ni,"(2, 3)","(4, 5)",国防部,国防部,"['重庆', '，', '国防部', '，', '国防部', '二厅', '，', '高级', '会议室', '…', '…']",国军.txt
Nh,Nh,"(0, 1)","(2, 3)",戴笠,蒋,"['戴笠', '即使', '蒋', '委员长', '的', '黄埔', '学生', '，', '还是', '蒋', '委员长', '身边', '的', '红人', '，', '军统', '在', '他', '的', '影响', '下', '更是', '火', '的', '不得了', '。']",国军.txt
Nh,Ns,"(0, 1)","(5, 6)",戴笠,黄埔,"['戴笠', '即使', '蒋', '委员长', '的', '黄埔', '学生', '，', '还是', '蒋', '委员长', '身边', '的', '红人', '，', '军统', '在', '他', '的', '影响', '下', '更是', '火', '的', '不得了', '。']",国军.txt
Nh,Ns,"(2, 3)","(5, 6)",蒋,黄埔,"['戴笠', '即使', '蒋', '委员长', '的', '黄埔', '学生', '，', '还是', '蒋', '委员长', '身边', '的', '红人', '，', '军统', '在', '他', '的', '影响', '下', '更是', '火', '的', '不得了', '。']",国军.txt
Nh,Nh,"(2, 3)","(9, 10)",蒋,蒋,"['戴笠', '即使', '蒋', '委员长', '的', '黄埔', '学生', '，', '还是', '蒋', '委员长', '身边', '的', '红人', '，', '军统', '在', '他', '的', '影响', '下', '更是', '火', '的', '不得了', '。']",国军.txt
Ns,Nh,"(5, 6)","(9, 10)",黄埔,蒋,"['戴笠', '即使', '蒋', '委员长', '的', '黄埔', '学生', '，', '还是', '蒋', '委员长', '身边', '的', '红人', '，', '军统', '在', '他', '的', '影响', '下', '更是', '火', '的', '不得了', '。']",国军.txt
Nh,Nh,"(30, 31)","(32, 33)",蒋,蒋中正,"['最', '明显', '的', '是', '他', '那', '亮闪闪', '的', '光头', '，', '此人', '不是', '别人', '，', '他', '正是', '中国', '最高', '统帅', '，', '黄埔军校', '首任', '校长', '，', '国民党', '最高', '军事', '委员会', '委员长', '，', '蒋', '委员长', '蒋中正', '！']",国军.txt
Nh,Nh,"(3, 4)","(5, 6)",戴笠,徐恩,"['看到', '手势', '，', '戴笠', '和', '徐恩', '曾', '思考', '了', '一会儿', '，', '然后', '一起', '小声', '说道', '：', '“', '有', '可能', '！', '”']",国军.txt
Nh,Nh,"(0, 1)","(5, 6)",蒋,戴,"['蒋', '委员长', '笑眯眯', '的', '对', '戴', '笠', '说', '。']",国军.txt
Nh,Nh,"(3, 4)","(7, 8)",戴笠,蒋介石,"['不过', '说真的', '，', '戴笠', '根本', '不', '知道', '蒋介石', '说', '的', '是', '那件事', '，', '因为', '军统', '最近', '还', '暂时', '没有', '任何', '大', '的', '行动', '。']",国军.txt
Ns,Nh,"(21, 23)","(25, 26)",云南昭通,王耀武,"['听到', '这里', '，', '戴笠', '算是', '明白', '了', '一半', '：', '“', '我', '已', '按照', '校长', '的', '意思', '，', '把', '她', '调往', '正在', '云南', '昭通', '修整', '的', '王耀武', '的', '第五十一', '师', '。']",国军.txt
Nh,Nh,"(1, 2)","(6, 7)",戴笠,蒋介石,"['看到', '戴笠', '欲言又止', '的', '样子', '，', '蒋介石', '让', '他', '不要', '担心', '任何', '事情', '，', '直接', '说', '出来', '，', '于是', '戴笠', '又', '开口', '道', '：', '“', '他', '希望', '校长', '能批', '给', '上官', '青峰', '的', '侦察', '营', '一批', '军火', '，', '枪支', '最好', '是', '冲锋枪', '，', '她', '说', '什么', '步枪', '太', '大', '，', '灵活性', '低', '，', '不', '适合', '侦察兵', '使用', '，', '冲锋枪', '小', '，', '灵活性', '高', '，', '是', '侦察兵', '最好', '的', '武器', '。', '”']",国军.txt
Ns,Ns,"(0, 1)","(2, 3)",云南省,昭通市,"['云南省', '，', '昭通市', '，', '青岗', '岭', '的', '某个', '地方', '，', '上官', '青天', '部', '，', '一部', '电台', '前', '…', '…']",国军.txt
Ns,Ns,"(0, 1)","(4, 5)",云南省,青岗,"['云南省', '，', '昭通市', '，', '青岗', '岭', '的', '某个', '地方', '，', '上官', '青天', '部', '，', '一部', '电台', '前', '…', '…']",国军.txt
Ns,Ns,"(2, 3)","(4, 5)",昭通市,青岗,"['云南省', '，', '昭通市', '，', '青岗', '岭', '的', '某个', '地方', '，', '上官', '青天', '部', '，', '一部', '电台', '前', '…', '…']",国军.txt
Nh,Ns,"(1, 2)","(4, 5)",曹尚,姬不中,"['先是', '曹尚', '飞', '和', '姬不中', '，', '然后', '是', '刀锋', '和', '申仪', '…', '…']",国军.txt
Ns,Ns,"(16, 17)","(21, 22)",中国,中国,"['邵校', '曾', '对', '他', '说', '过', '他们', '不是', '什么', '党国', '的', '特种部队', '，', '他们', '是', '什么', '中国', '的', '特种部队', '，', '不过', '中国', '不', '就是', '党国', '的', '么', '？']",国军.txt
Nh,Nh,"(13, 14)","(15, 16)",余,曹尚飞,"['最后', '，', '现在', '最', '冷门', '的', '机械', '操纵', '和', '两栖作战', '则', '是', '水中', '余', '和', '曹尚飞', '负责', '。']",国军.txt
Nh,Nh,"(40, 41)","(46, 47)",曹尚,曹尚飞,"['首先', '抛开', '曹尚飞', '出自', '空军', '的', '身份', '不说', '，', '侦察', '营', '也', '没有', '那么', '多', '的', '机械设备', '供', '他们', '玩', '，', '也', '就是', '那', '几门', '炮', '和', '几辆', '军车', '，', '所以', '整个', '侦察', '营', '也', '根本', '没', '几个', '人', '和', '曹尚', '飞', '的', '胃口', '，', '最后', '曹尚飞', '决定', '用', '他', '的', '另', '一个', '长处', '—', '—', '‘', '机械', '天才', '’', '！']",国军.txt
Nh,Nh,"(0, 1)","(2, 3)",邵校,曹尚飞,"['邵校', '找到', '曹尚飞', '，', '发现', '他', '也', '换上', '了', '常服', '，', '只不过', '他', '的', '常服', '是', '天蓝色', '的', '空军', '常服', '。']",国军.txt
Nh,Nh,"(0, 1)","(6, 7)",邵校,曹尚,"['邵校', '连', '拖带', '拽', '的', '把', '曹尚', '飞拉到', '了', '武直', '20', 'Ⅱ', '旁', '，', '上官', '紫蕾', '已经', '等', '在', '那', '了', '。']",国军.txt
Nh,Nh,"(0, 1)","(5, 6)",曹尚飞,邵校,"['曹尚飞', '打开', '机', '门', '，', '邵校', '赶忙', '拉着', '上官', '紫蕾', '钻进', '了', '飞机', '，', '留下', '曹尚', '飞', '在', '那', '不知所措', '。']",国军.txt
Ns,Nh,"(0, 1)","(1, 2)",重庆,蒋介石,"['重庆', '蒋介石', '的', '住所', '，', '其子', '蒋经国', '递给', '他', '一份', '电报', '。']",国军.txt
Ns,Nh,"(0, 1)","(6, 7)",重庆,蒋经国,"['重庆', '蒋介石', '的', '住所', '，', '其子', '蒋经国', '递给', '他', '一份', '电报', '。']",国军.txt
Nh,Nh,"(1, 2)","(6, 7)",蒋介石,蒋经国,"['重庆', '蒋介石', '的', '住所', '，', '其子', '蒋经国', '递给', '他', '一份', '电报', '。']",国军.txt
Nh,Nh,"(0, 1)","(7, 8)",蒋介石,蒋经国,"['蒋介石', '看', '完', '电报', '后', '抬头', '对', '蒋经国', '笑', '着', '说', '：', '“', '你', '的', '想法', '。', '”']",国军.txt
Nh,Nh,"(3, 4)","(7, 8)",蒋经国,经国,"['然后', '扭头', '对', '蒋经国', '说', '，', '“', '经国', '啊', '，', '我', '想', '，', '为父', '的', '想法', '或许', '和', '你', '相同', '…', '…']",国军.txt
Nh,Nh,"(0, 1)","(6, 7)",蒋介石,戴笠,"['蒋介石', '父子', '二人', '走进', '书房', '，', '戴笠', '赶忙', '起身', '：', '“', '校长', '！']",国军.txt
Nh,Nh,"(6, 7)","(13, 14)",戴笠,戴笠,"['原来', '电报', '是', '上官', '紫蕾', '发给', '戴笠', '的', '，', '内容', '自然', '是', '告诉', '戴笠', '，', '人', '，', '她', '找到', '了', '，', '但', '绝不', '是', '像', '上', '个人', '那样', '，', '找', '了', '个', '假', '的', '，', '这回', '是', '正宗', '的', '！']",国军.txt
Nh,Nh,"(4, 5)","(7, 8)",蒋经国,经国,"['把', '信', '给', '了', '蒋经国', '：', '“', '经国', '啊', '，', '剩下', '的', '事', '就', '交给', '你', '了', '。', '”']",国军.txt
Nh,Nh,"(0, 1)","(3, 4)",蒋经国,戴笠,"['蒋经国', '走后', '，', '戴笠', '又', '从', '衣兜', '里', '掏出', '一封', '包得', '严严实实', '的', '电报', '递给', '蒋介石', '，', '并', '低声', '对', '蒋介石', '说', '：', '“', '校长', '，', '日本', '人有', '行动', '了', '。', '”']",国军.txt
Nh,Nh,"(15, 16)","(20, 21)",蒋介石,蒋介石,"['蒋经国', '走后', '，', '戴笠', '又', '从', '衣兜', '里', '掏出', '一封', '包得', '严严实实', '的', '电报', '递给', '蒋介石', '，', '并', '低声', '对', '蒋介石', '说', '：', '“', '校长', '，', '日本', '人有', '行动', '了', '。', '”']",国军.txt
Nh,Ns,"(20, 21)","(26, 27)",蒋介石,日本,"['蒋经国', '走后', '，', '戴笠', '又', '从', '衣兜', '里', '掏出', '一封', '包得', '严严实实', '的', '电报', '递给', '蒋介石', '，', '并', '低声', '对', '蒋介石', '说', '：', '“', '校长', '，', '日本', '人有', '行动', '了', '。', '”']",国军.txt
Ns,Ns,"(8, 9)","(13, 14)",中国,中国,"['好', '一个', '‘', '不', '把', '日寇', '赶', '出', '中国', '决不罢休', '’', '，', '倘若', '中国', '人', '都', '能', '有', '如此', '胸心', '，', '日寇', '何愁', '不败', '？', '”']",国军.txt
Nh,Ni,"(6, 7)","(8, 11)",曹尚飞,中国A队,"['身后', '的', '海军军官', '敬礼', '：', '“', '曹尚飞', '，', '中国', 'A', '队', '少尉', '飞行员', '。', '”']",国军.txt
Nh,Nh,"(0, 1)","(2, 3)",戴笠,蒋介石,"['戴笠', '对', '蒋介石', '一', '鞠躬', '，', '但', '后', '走', '了', '出去', '。']",国军.txt
Nh,Nh,"(0, 1)","(2, 3)",邵校,曹尚,"['邵校', '和', '曹尚', '飞', '走', '到', '沙发', '旁', '坐下', '，', '佣人', '给', '他们', '端', '来', '两杯', '茶', '。']",国军.txt
Nh,Ns,"(3, 4)","(6, 7)",蒋介石,中国,"['书房', '内', '，', '蒋介石', '虽', '身为', '中国', '一把手', '，', '但', '没有', '摆', '任何', '官架子', '，', '始终', '是', '一个', '和蔼', '的', '老人', '摸样', '，', '是', '人', '很', '容易', '亲近', '。']",国军.txt
Ns,Ns,"(14, 15)","(21, 22)",中国,中国,"['我', '相信', '他们', '是', '无辜', '的', '，', '他们', '是', '一个', '对', '祖国', '忠心', '的', '中国', '人', '，', '一个', '有', '血性', '的', '中国', '军人', '…', '…', '”']",国军.txt
Nh,Nh,"(9, 10)","(12, 13)",曹尚,蒋介石,"['书房', '的', '门', '被', '人', '打开', '，', '邵校', '，', '曹尚', '飞', '和', '蒋介石', '三人', '都', '是', '笑呵呵', '的', '走出', '书房', '，', '看来', '他们', '谈得', '很', '愉快', '。']",国军.txt
Nh,Nh,"(0, 1)","(2, 3)",邵校,曹尚,"['邵校', '，', '曹尚', '飞', '和', '上官', '紫蕾', '离开', '蒋介石', '的', '住所', '后', '，', '邵校', '跟着', '上官', '紫蕾', '去', '军需处', '领', '服装', '，', '而', '曹尚', '飞则', '跟着', '另一名', '军官', '去', '了', '机场', '，', '武直', '20', 'Ⅱ', '就', '停', '在', '那', '。']",国军.txt
Nh,Nh,"(2, 3)","(8, 9)",曹尚,蒋介石,"['邵校', '，', '曹尚', '飞', '和', '上官', '紫蕾', '离开', '蒋介石', '的', '住所', '后', '，', '邵校', '跟着', '上官', '紫蕾', '去', '军需处', '领', '服装', '，', '而', '曹尚', '飞则', '跟着', '另一名', '军官', '去', '了', '机场', '，', '武直', '20', 'Ⅱ', '就', '停', '在', '那', '。']",国军.txt
Nh,Nh,"(8, 9)","(13, 14)",蒋介石,邵校,"['邵校', '，', '曹尚', '飞', '和', '上官', '紫蕾', '离开', '蒋介石', '的', '住所', '后', '，', '邵校', '跟着', '上官', '紫蕾', '去', '军需处', '领', '服装', '，', '而', '曹尚', '飞则', '跟着', '另一名', '军官', '去', '了', '机场', '，', '武直', '20', 'Ⅱ', '就', '停', '在', '那', '。']",国军.txt
Nh,Nh,"(0, 1)","(7, 8)",蒋介石,蒋经国,"['蒋介石', '的', '书房', '隔壁', '的', '屋子', '，', '蒋经国', '从', '里面', '走', '了', '出来', '，', '站', '到', '蒋介石', '身边', '。']",国军.txt
Nh,Nh,"(0, 1)","(3, 4)",蒋介石,经国,"['蒋介石', '：', '“', '经国', '啊', '，', '你', '说', '，', '他们', '的话', '，', '有', '几分', '可信', '？', '”']",国军.txt
Nh,Nh,"(0, 1)","(4, 5)",蒋介石,蒋经国,"['蒋介石', '伸手', '打断', '了', '蒋经国', '的话', '：', '“', '你', '现在', '就', '去', '调查', '他们', '的', '身份', '，', '这个', '你', '亲自', '干', '，', '结果', '我要', '最', '详细', '的', '…', '…']",国军.txt
Nh,Nh,"(0, 1)","(5, 6)",邵校,曹尚飞,"['邵校', '凑', '了', '过来', '，', '曹尚飞', '穿着', '刚', '领到', '的', '少校', '常服', '，', '戴着', '一顶', '国民党', '的', '软', '皮帽', '也', '凑', '了', '过来', '，', '呵', '，', '看来', '他', '动作', '挺快', '啊', '，', '就', '这', '一会', '功夫', '，', '衣服', '都', '换', '好', '了', '。']",国军.txt
Ns,Ns,"(13, 14)","(18, 19)",中国,中国,"['国共', '已经', '合作', '，', '国民党', '和', '*', '*', '都', '一样', '，', '都', '是', '中国', '人', '，', '都', '是', '中国', '军人', '”', '曹尚', '飞火', '了', '，', '他', '不', '明白', '大家', '为什么', '都', '这么', '排斥', '国民党', '，', '“', '不说', '现在', '，', '就', '说', '咱们', '上次', '在', '日本', '执行', '完', '任务', '撤退', '的', '时候', '，', '台湾', '空军', '还', '出动', '了', '军机', '替', '咱们', '拦截', '了', '日本航空自卫队', '，', '甚至', '还有', '一架', '被', '击中', '了', '机翼', '…', '…']",国军.txt
Ns,Nh,"(18, 19)","(21, 22)",中国,曹尚,"['国共', '已经', '合作', '，', '国民党', '和', '*', '*', '都', '一样', '，', '都', '是', '中国', '人', '，', '都', '是', '中国', '军人', '”', '曹尚', '飞火', '了', '，', '他', '不', '明白', '大家', '为什么', '都', '这么', '排斥', '国民党', '，', '“', '不说', '现在', '，', '就', '说', '咱们', '上次', '在', '日本', '执行', '完', '任务', '撤退', '的', '时候', '，', '台湾', '空军', '还', '出动', '了', '军机', '替', '咱们', '拦截', '了', '日本航空自卫队', '，', '甚至', '还有', '一架', '被', '击中', '了', '机翼', '…', '…']",国军.txt
Nh,Nh,"(0, 1)","(5, 6)",邵校,曹尚飞,"['邵校', '满脸', '疑惑', '的', '看着', '曹尚飞', '，', '他', '不', '知道', '曹尚', '飞', '和', '他们', '在', '吵', '什么', '，', '而', '上官', '青天', '看向', '曹尚', '飞则', '是', '满脸', '敬意', '，', '只有', '上官', '紫蕾', '脸上', '阴晴', '变化', '不', '一', '，', '谁', '知道', '她', '又', '在', '想', '什么', '。']",国军.txt
Nh,Nh,"(5, 6)","(10, 11)",曹尚飞,曹尚,"['邵校', '满脸', '疑惑', '的', '看着', '曹尚飞', '，', '他', '不', '知道', '曹尚', '飞', '和', '他们', '在', '吵', '什么', '，', '而', '上官', '青天', '看向', '曹尚', '飞则', '是', '满脸', '敬意', '，', '只有', '上官', '紫蕾', '脸上', '阴晴', '变化', '不', '一', '，', '谁', '知道', '她', '又', '在', '想', '什么', '。']",国军.txt
Nh,Nh,"(1, 2)","(4, 5)",邵校,曹尚飞,"['听到', '邵校', '的话', '，', '曹尚飞', '紧绷着', '的', '几根', '筋', '立即', '松', '了', '下来', '。']",国军.txt
Nh,Nh,"(37, 38)","(44, 45)",曹尚飞,曹尚,"['一', '屋子', '人', '就', '这样', '看着', '呆呆', '的', '曹尚飞', '离开', '，', '但', '每个', '人', '也', '都', '在', '思考', '着', '什么', '，', '尤其', '是', '刚才', '的', '几名', '老', 'A', '，', '他们', '知道', '自己', '应该', '是', '触', '碰', '了', '曹尚飞', '心里', '的', '一块', '禁地', '，', '否则', '曹尚', '飞', '是', '不会', '这么', '激动', '的', '。']",国军.txt
Ns,Ns,"(13, 14)","(18, 19)",中国,中国,"['国共', '已经', '合作', '，', '国民党', '和', '*', '*', '都', '一样', '，', '都', '是', '中国', '人', '，', '都', '是', '中国', '军人', '”', '曹尚', '飞火', '了', '，', '他', '不', '明白', '大家', '为什么', '都', '这么', '排斥', '国民党', '，', '“', '不说', '现在', '，', '就', '说', '咱们', '上次', '在', '日本', '执行', '完', '任务', '撤退', '的', '时候', '，', '台湾', '空军', '还', '出动', '了', '军机', '替', '咱们', '拦截', '了', '日本航空自卫队', '，', '甚至', '还有', '一架', '被', '击中', '了', '机翼', '…', '…']",国军.txt
Ns,Nh,"(18, 19)","(21, 22)",中国,曹尚,"['国共', '已经', '合作', '，', '国民党', '和', '*', '*', '都', '一样', '，', '都', '是', '中国', '人', '，', '都', '是', '中国', '军人', '”', '曹尚', '飞火', '了', '，', '他', '不', '明白', '大家', '为什么', '都', '这么', '排斥', '国民党', '，', '“', '不说', '现在', '，', '就', '说', '咱们', '上次', '在', '日本', '执行', '完', '任务', '撤退', '的', '时候', '，', '台湾', '空军', '还', '出动', '了', '军机', '替', '咱们', '拦截', '了', '日本航空自卫队', '，', '甚至', '还有', '一架', '被', '击中', '了', '机翼', '…', '…']",国军.txt
Nh,Nh,"(0, 1)","(5, 6)",邵校,曹尚飞,"['邵校', '满脸', '疑惑', '的', '看着', '曹尚飞', '，', '他', '不', '知道', '曹尚', '飞', '和', '他们', '在', '吵', '什么', '，', '而', '上官', '青天', '看向', '曹尚', '飞则', '是', '满脸', '敬意', '，', '只有', '上官', '紫蕾', '脸上', '阴晴', '变化', '不', '一', '，', '谁', '知道', '她', '又', '在', '想', '什么', '。']",国军.txt
Nh,Nh,"(5, 6)","(10, 11)",曹尚飞,曹尚,"['邵校', '满脸', '疑惑', '的', '看着', '曹尚飞', '，', '他', '不', '知道', '曹尚', '飞', '和', '他们', '在', '吵', '什么', '，', '而', '上官', '青天', '看向', '曹尚', '飞则', '是', '满脸', '敬意', '，', '只有', '上官', '紫蕾', '脸上', '阴晴', '变化', '不', '一', '，', '谁', '知道', '她', '又', '在', '想', '什么', '。']",国军.txt
Nh,Nh,"(1, 2)","(4, 5)",邵校,曹尚飞,"['听到', '邵校', '的话', '，', '曹尚飞', '紧绷着', '的', '几根', '筋', '立即', '松', '了', '下来', '。']",国军.txt
Nh,Nh,"(37, 38)","(44, 45)",曹尚飞,曹尚,"['一', '屋子', '人', '就', '这样', '看着', '呆呆', '的', '曹尚飞', '离开', '，', '但', '每个', '人', '也', '都', '在', '思考', '着', '什么', '，', '尤其', '是', '刚才', '的', '几名', '老', 'A', '，', '他们', '知道', '自己', '应该', '是', '触', '碰', '了', '曹尚飞', '心里', '的', '一块', '禁地', '，', '否则', '曹尚', '飞', '是', '不会', '这么', '激动', '的', '。']",国军.txt
Nh,Nh,"(2, 3)","(4, 5)",邵校,唐僧,"['不知不觉', '，', '邵校', '已经', '唐僧', '了', '两个', '小时', '，', '别的', '几个', '小队', '早', '不知', '什么', '时候', '就', '没有', '影了', '。']",国军.txt
Nh,Nh,"(4, 5)","(9, 10)",邵校,邵校,"['当', '他', '再次', '向', '邵校', '提问', '的', '时候', '，', '邵校', '更', '干脆', '，', '指北针', '和', '地图', '往', '他', '手里', '一塞', '：', '“', '不', '知道', '，', '知道', '还', '带', '你们', '来', '么', '？', '”']",国军.txt
Nh,Ns,"(0, 1)","(3, 4)",申仪,姬不中,"['申仪', '继续', '逗着', '姬不中', '，', '嘴里', '也', '没', '闲着', '：', '“', '嘿嘿', '，', '美女', '啊', '，', '虽然', '我', '不', '知道', '你', '是', '怎么', '把', '队长', '手机', '骗', '到手', '的', '，', '但是', '我', '现在', '没空', '跟', '你', '聊天', '，', '我', '还', '得', '做', '英雄', '救', '鸵鸟', '呢', '。', '”']",国军.txt
Ns,Ns,"(25, 26)","(32, 33)",云南,昆明,"['面对', '日军', '如此', '疯狂', '的', '报复', '，', '国民政府', '根据', '间谍', '特工', '收集', '的', '情报', '下', '，', '还是', '作出', '了', '一定', '的', '防备', '，', '所有', '在', '云南', '休整', '的', '国军', '部队', '，', '撤至', '昆明', '，', '曲靖', '两市', '，', '然后', '再', '由', '曲靖', '，', '配合', '增援', '的', '部队', '向外', '突围', '，', '冲出', '日军', '的', '包围圈', '。']",国军.txt
Ns,Ns,"(32, 33)","(34, 36)",昆明,曲靖两市,"['面对', '日军', '如此', '疯狂', '的', '报复', '，', '国民政府', '根据', '间谍', '特工', '收集', '的', '情报', '下', '，', '还是', '作出', '了', '一定', '的', '防备', '，', '所有', '在', '云南', '休整', '的', '国军', '部队', '，', '撤至', '昆明', '，', '曲靖', '两市', '，', '然后', '再', '由', '曲靖', '，', '配合', '增援', '的', '部队', '向外', '突围', '，', '冲出', '日军', '的', '包围圈', '。']",国军.txt
Ns,Ns,"(34, 36)","(40, 41)",曲靖两市,曲靖,"['面对', '日军', '如此', '疯狂', '的', '报复', '，', '国民政府', '根据', '间谍', '特工', '收集', '的', '情报', '下', '，', '还是', '作出', '了', '一定', '的', '防备', '，', '所有', '在', '云南', '休整', '的', '国军', '部队', '，', '撤至', '昆明', '，', '曲靖', '两市', '，', '然后', '再', '由', '曲靖', '，', '配合', '增援', '的', '部队', '向外', '突围', '，', '冲出', '日军', '的', '包围圈', '。']",国军.txt
Ns,Ns,"(5, 6)","(7, 8)",南京,徐州,"['首先', '，', '经过', '淞沪', '，', '南京', '，', '徐州', '会', '战后', '，', '在', '这里', '的', '部队', '大多数', '都', '是', '经过', '恶战', '后', '伤亡', '过半', '或', '被', '打', '残', '的', '部队', '。']",国军.txt
Ns,Ns,"(14, 15)","(19, 20)",青岗,寿山,"['他', '真', '佩服', '他们', '这群人', '的', '武装', '奔袭', '，', '仅仅', '两天', '，', '愣', '是从', '青岗', '岭', '奔', '到', '了', '寿山', '，', '要不是', '拿到', '电报', '后', '查看', '了', '一下', '地图', '，', '他', '还', '不', '知道', '这', '是', '哪', '呢', '。']",国军.txt
Nh,Ns,"(5, 6)","(10, 12)",邵,青岗岭,"['通讯员', '：', '“', '营长', '，', '邵', '排长', '他', '还', '在', '青岗', '岭', '训练', '呢', '。', '”']",国军.txt
Nh,Ns,"(7, 8)","(11, 12)",邵,三排,"['差点', '忘', '了', '，', '前', '几天', '把', '邵', '老弟', '安排', '到', '三排', '了', '…', '…', '”']",国军.txt
Nh,Nh,"(0, 1)","(5, 6)",邓,王,"['邓', '排长', '感激', '的', '看着', '王', '排长', '说道', '。']",国军.txt
Nh,Nh,"(0, 1)","(4, 5)",邓,王,"['邓', '排长', '一把', '抱住', '王', '排长', '，', '一只', '手', '拼命', '的', '想', '替', '他', '捂住', '胸口', '的', '流血', '的', '伤口', '。']",国军.txt
Nh,Nh,"(0, 1)","(6, 7)",邓,王,"['邓', '排长', '吼', '着', '就要', '将', '王', '排长', '背', '起来', '。']",国军.txt
Nh,Nh,"(6, 7)","(10, 11)",王,邓,"['看着', '冲上', '阵地', '的', '日军', '，', '王', '排长', '一把', '推开', '邓', '排长', '，', '同时', '对', '着', '退', '到', '身边', '的', '士兵', '吼道', '，', '“', '虎子', '！']",国军.txt
Ns,Ns,"(25, 26)","(32, 33)",云南,昆明,"['面对', '日军', '如此', '疯狂', '的', '报复', '，', '国民政府', '根据', '间谍', '特工', '收集', '的', '情报', '下', '，', '还是', '作出', '了', '一定', '的', '防备', '，', '所有', '在', '云南', '休整', '的', '国军', '部队', '，', '撤至', '昆明', '，', '曲靖', '两市', '，', '然后', '再', '由', '曲靖', '，', '配合', '增援', '的', '部队', '向外', '突围', '，', '冲出', '日军', '的', '包围圈', '。']",国军.txt
Ns,Ns,"(32, 33)","(34, 36)",昆明,曲靖两市,"['面对', '日军', '如此', '疯狂', '的', '报复', '，', '国民政府', '根据', '间谍', '特工', '收集', '的', '情报', '下', '，', '还是', '作出', '了', '一定', '的', '防备', '，', '所有', '在', '云南', '休整', '的', '国军', '部队', '，', '撤至', '昆明', '，', '曲靖', '两市', '，', '然后', '再', '由', '曲靖', '，', '配合', '增援', '的', '部队', '向外', '突围', '，', '冲出', '日军', '的', '包围圈', '。']",国军.txt
Ns,Ns,"(34, 36)","(40, 41)",曲靖两市,曲靖,"['面对', '日军', '如此', '疯狂', '的', '报复', '，', '国民政府', '根据', '间谍', '特工', '收集', '的', '情报', '下', '，', '还是', '作出', '了', '一定', '的', '防备', '，', '所有', '在', '云南', '休整', '的', '国军', '部队', '，', '撤至', '昆明', '，', '曲靖', '两市', '，', '然后', '再', '由', '曲靖', '，', '配合', '增援', '的', '部队', '向外', '突围', '，', '冲出', '日军', '的', '包围圈', '。']",国军.txt
Ns,Ns,"(5, 6)","(7, 8)",南京,徐州,"['首先', '，', '经过', '淞沪', '，', '南京', '，', '徐州', '会', '战后', '，', '在', '这里', '的', '部队', '大多数', '都', '是', '经过', '恶战', '后', '伤亡', '过半', '或', '被', '打', '残', '的', '部队', '。']",国军.txt
Ns,Ns,"(14, 15)","(19, 20)",青岗,寿山,"['他', '真', '佩服', '他们', '这群人', '的', '武装', '奔袭', '，', '仅仅', '两天', '，', '愣', '是从', '青岗', '岭', '奔', '到', '了', '寿山', '，', '要不是', '拿到', '电报', '后', '查看', '了', '一下', '地图', '，', '他', '还', '不', '知道', '这', '是', '哪', '呢', '。']",国军.txt
Nh,Ns,"(5, 6)","(10, 12)",邵,青岗岭,"['通讯员', '：', '“', '营长', '，', '邵', '排长', '他', '还', '在', '青岗', '岭', '训练', '呢', '。', '”']",国军.txt
Nh,Ns,"(7, 8)","(11, 12)",邵,三排,"['差点', '忘', '了', '，', '前', '几天', '把', '邵', '老弟', '安排', '到', '三排', '了', '…', '…', '”']",国军.txt
Nh,Nh,"(0, 1)","(5, 6)",邓,王,"['邓', '排长', '感激', '的', '看着', '王', '排长', '说道', '。']",国军.txt
Nh,Nh,"(0, 1)","(4, 5)",邓,王,"['邓', '排长', '一把', '抱住', '王', '排长', '，', '一只', '手', '拼命', '的', '想', '替', '他', '捂住', '胸口', '的', '流血', '的', '伤口', '。']",国军.txt
Nh,Nh,"(0, 1)","(6, 7)",邓,王,"['邓', '排长', '吼', '着', '就要', '将', '王', '排长', '背', '起来', '。']",国军.txt
Nh,Nh,"(6, 7)","(10, 11)",王,邓,"['看着', '冲上', '阵地', '的', '日军', '，', '王', '排长', '一把', '推开', '邓', '排长', '，', '同时', '对', '着', '退', '到', '身边', '的', '士兵', '吼道', '，', '“', '虎子', '！']",国军.txt
Nh,Nh,"(1, 2)","(6, 7)",二虎,邓排,"['看到', '二虎', '的', '这种', '表情', '，', '邓排', '立马', '知道', '他', '要', '干什么', '了', '：', '“', '你们', '谁', '还有', '手榴弹', '？']",国军.txt
Nh,Ns,"(10, 11)","(12, 13)",李天,七名,"['转眼间', '，', '邓排', '他们', '身边', '便', '趴', '了', '连', '上', '李天', '在内', '七名', '党卫军', '装备', '的', '国军', '士兵', '，', '这时', '又', '从', '绳子', '上', '降下来', '一个', '人', '，', '看', '他', '的', '样子', '像是', '一名', '军官', '。']",国军.txt
Nh,Nh,"(12, 13)","(16, 17)",陈,吴法,"['这', '陈', '大叔', '可是', '他', '的', '救命恩人', '，', '哪', '天', '要是', '没有', '陈', '大叔', '，', '他', '吴法', '天早', '拿', '上', '烈士', '抚恤', '薪', '了', '。']",国军.txt
Nh,Nh,"(6, 7)","(8, 9)",吴法天,陈,"['听到', '有人', '叫', '自己', '，', '被', '吴法天', '称作', '陈', '大叔', '的', '老兵', '把', '目光', '从', '武直', '20II', '上', '拿到', '了', '吴法天', '身上', '。']",国军.txt
Nh,Nh,"(0, 1)","(4, 5)",陈,吴法,"['陈', '大叔', '眯着眼', '围着', '吴法', '天转', '了', '一个圈', '，', '然后', '哈哈大笑', '起来', '：', '“', '哈哈', '！']",国军.txt
Nh,Nh,"(0, 1)","(5, 6)",吴法天,陈,"['吴法天', '骚骚', '一笑', '：', '“', '陈', '大叔', '，', '你', '就', '别', '笑', '我', '了', '，', '你', '也', '不是', '没', '听见', '，', '我', '只是', '一个', '小小的', '副队长', '，', '正', '的', '在', '上面', '坐', '着', '呢', '。', '”']",国军.txt
Nh,Nh,"(0, 1)","(4, 5)",吴法天,陈,"['吴法天', '一把', '捞', '住', '陈', '大叔', '，', '“', '陈', '大叔', '，', '您老', '都', '一把', '年纪', '了', '，', '难道', '还', '想', '跟', '鬼子', '的', '卡车', '赛', '赛跑', '？']",国军.txt
Nh,Nh,"(4, 5)","(8, 9)",陈,陈,"['吴法天', '一把', '捞', '住', '陈', '大叔', '，', '“', '陈', '大叔', '，', '您老', '都', '一把', '年纪', '了', '，', '难道', '还', '想', '跟', '鬼子', '的', '卡车', '赛', '赛跑', '？']",国军.txt
Ns,Ns,"(51, 52)","(58, 59)",美国,中国,"['邵校', '看', '了', '看表', '，', '既然', '人', '都', '到', '齐', '了', '，', '是', '时候', '也', '该', '转移', '了', '，', '毕竟', '他们', '是', '外来', '客', '，', '兵', '又', '是', '上官', '青天', '的', '，', '而且', '早', '转移', '一会', '就', '多几分', '安全', '，', '他', '可', '没', '打算', '带', '着', '这', '一帮', '半吊子', '特种兵', '去向', '美国', '大片', '拍', '的', '那样', '，', '拯救', '中国', '。']",国军.txt
Ns,Nh,"(6, 7)","(8, 9)",中国,王牌军,"['我', '知道', '你们', '七十四', '军', '，', '中国', '的', '王牌军', '，', '御林军', '，', '而', '你们', '五十一', '师', '更是', '七十四', '军', '的', '主力', '和', '发源地', '。']",国军.txt
Nh,Nh,"(6, 7)","(10, 11)",邵校,邵校,"['一声', '抱怨', '传来', '，', '打断', '了', '邵校', '的', '思考', '，', '邵校', '一', '回头', '，', '看见', '上官', '紫蕾', '正伸', '着', '她', '那', '小', '脑袋', '，', '嘟着', '嘴', '抱怨', '着', '，', '“', '我', '说', '你', '没', '事发', '什么', '呆', '啊', '，', '不是', '看见', '美女', '了', '吧', '。', '”']",国军.txt
