Ns,Ns,"(4, 7)","(12, 13)",湖北省蕲水县巴河镇,昆明,"['1899年', '11月', '24日', '生于', '湖北省', '蕲水县', '巴河镇', '，', '1946年', '7月', '15日', '在', '昆明', '遇难', '。']",闻一多传.txt
Nh,Nh,"(11, 12)","(15, 16)",友山,友三,"['原名', '闻家骅', '，', '又', '名', '亦', '多', '，', '字益善', '，', '号', '友山', '，', '亦', '号', '友三', '，', '后', '改名', '闻', '多', '、', '闻', '一', '多', '。']",闻一多传.txt
Nh,Ns,"(3, 4)","(5, 6)",闻一多,美,"['1925年', '6月', '，', '闻一多', '留', '美', '回国', '，', '先后', '任教', '于', '新诗', '艺术', '美', '的', '探索', '，', '写', '下', '了', '学', '、', '青岛', '大学', '、', '清华大学', '等', '。']",闻一多传.txt
Ni,Ni,"(22, 24)","(25, 26)",青岛大学,清华大学,"['1925年', '6月', '，', '闻一多', '留', '美', '回国', '，', '先后', '任教', '于', '新诗', '艺术', '美', '的', '探索', '，', '写', '下', '了', '学', '、', '青岛', '大学', '、', '清华大学', '等', '。']",闻一多传.txt
Ns,Ns,"(19, 20)","(23, 24)",中国,美,"['1928年', '1月', '，', '《死水》', '出版', '，', '这部', '诗集', '是', '他', '新', '格律', '诗', '理论', '的', '完美', '体现', '，', '融', '中国', '古典', '诗歌', '格律', '美', '和', '西方', '诗歌', '音节', '体式', '为', '一', '炉', '，', '开', '了', '一', '代', '诗风', '，', '影响', '巨大', '。']",闻一多传.txt
Ns,BOOK,"(9, 10)","(3, 4)",中国,《奇迹》,"['1931年', '，', '表', '《奇迹》', '一', '诗', '后', '，', '转入', '中国', '古代', '文化学', '研究', '，', '在', '许多', '领域', '取得', '突出', '成就', '。']",闻一多传.txt
Nh,Nh,"(1, 2)","(4, 5)",李公朴,李公朴,"['在', '李公朴', '夫人', '报告', '李公朴', '死难会', '上', '作', '了', '《最后一次的演讲》', '后', '，', '被', '反动', '当局', '派遣', '特务', '枪杀', '于', '昆明', '，', '终年', '46', '岁', '。']",闻一多传.txt
Nh,BOOK,"(4, 5)","(9, 10)",李公朴,《最后一次的演讲》,"['在', '李公朴', '夫人', '报告', '李公朴', '死难会', '上', '作', '了', '《最后一次的演讲》', '后', '，', '被', '反动', '当局', '派遣', '特务', '枪杀', '于', '昆明', '，', '终年', '46', '岁', '。']",闻一多传.txt
Nh,Ni,"(1, 2)","(7, 10)",曾收入,上海泰东图书局,"['（', '曾收入', '《红烛》', '，', '1923年', '9月', '，', '上海', '泰东', '图书局', '）']",闻一多传.txt
Nh,BOOK,"(1, 2)","(2, 3)",曾收入,《红烛》,"['（', '曾收入', '《红烛》', '，', '1923年', '9月', '，', '上海', '泰东', '图书局', '）']",闻一多传.txt
Ni,BOOK,"(7, 10)","(2, 3)",上海泰东图书局,《红烛》,"['（', '曾收入', '《红烛》', '，', '1923年', '9月', '，', '上海', '泰东', '图书局', '）']",闻一多传.txt
Ns,Ns,"(1, 2)","(7, 8)",一道河,河西,"['“', '一道河', '中', '一', '座', '岛', '，', '河西', '一', '盏', '灯光', '被', '岛', '遮', '断', '了', '。', '”']",闻一多传.txt
BOOK,BOOK,"(6, 7)","(11, 12)",《清华周刊》,《红烛》,"['（', '原', '载', '1920年', '9月', '24日', '《清华周刊》', '第191期', '，', '后', '收入', '《红烛》', '）']",闻一多传.txt
BOOK,BOOK,"(6, 7)","(12, 13)",《清华周刊》,《红烛》,"['（', '原', '载', '1920年', '10月', '8日', '《清华周刊》', '第193', '期', '，', '后', '收入', '《红烛》', '）']",闻一多传.txt
BOOK,BOOK,"(6, 7)","(11, 12)",《清华周刊》,《红烛》,"['（', '原', '载', '1920年', '10月', '22日', '《清华周刊》', '第195期', '，', '后', '收入', '《红烛》', '）']",闻一多传.txt
BOOK,BOOK,"(6, 7)","(12, 13)",《清华周刊》,《红烛》,"['（', '原', '载', '1921年', '5月', '20日', '《清华周刊》', '第220', '期', '，', '后', '收入', '《红烛》', '）']",闻一多传.txt
BOOK,BOOK,"(6, 7)","(12, 13)",《清华周刊》,《红烛》,"['（', '原', '载', '1921年', '9月', '15日', '《清华周刊》', '第223', '期', '，', '后', '收入', '《红烛》', '）']",闻一多传.txt
BOOK,BOOK,"(6, 7)","(12, 13)",《清华周刊》,《红烛》,"['（', '原', '载', '1921年', '10月', '1日', '《清华周刊》', '第224', '期', '，', '后', '收入', '《红烛》', '）']",闻一多传.txt
BOOK,BOOK,"(6, 7)","(10, 11)",《清华周刊·双四节特刊》,《红烛》,"['（', '原', '载', '1922年', '4月', '4日', '《清华周刊·双四节特刊》', '，', '后', '收入', '《红烛》', '）']",闻一多传.txt
BOOK,BOOK,"(6, 7)","(10, 11)",《清华周刊·双四节特刊》,《红烛》,"['（', '原', '载', '1922年', '4月', '4日', '《清华周刊·双四节特刊》', '，', '后', '收入', '《红烛》', '）']",闻一多传.txt
Nh,Nh,"(0, 1)","(2, 3)",金鱼儿,许,"['金鱼儿', '今天', '许', '不大', '怕', '冷', '了', '？']",闻一多传.txt
BOOK,BOOK,"(6, 7)","(11, 12)",《清华周刊》,《红烛》,"['（', '原', '载', '1922年', '5月', '12日', '《清华周刊》', '第247斯', '，', '后', '收入', '《红烛》', '）']",闻一多传.txt
BOOK,BOOK,"(6, 7)","(11, 12)",《清华周刊》,《红烛》,"['（', '原', '载', '1922年', '5月', '12日', '《清华周刊》', '第247斯', '，', '后', '收入', '《红烛》', '）']",闻一多传.txt
BOOK,BOOK,"(6, 7)","(11, 12)",《清华周刊》,《红烛》,"['（', '原', '载', '1922年', '5月', '26日', '《清华周刊》', '第249斯', '，', '后', '收入', '《红烛》', '）']",闻一多传.txt
Nh,BOOK,"(19, 20)","(21, 22)",周茂叔,《爱莲说》,"['有序', '盆莲', '饮雨', '初', '放', '，', '折', '了', '几', '枝', '，', '供', '在', '案头', '，', '又', '听', '侄辈', '读', '周茂叔', '的', '《爱莲说》', '，', '便', '不得不', '联想', '及', '于', '三千', '里', '外', '《荷花池畔》', '的', '诗人', '。']",闻一多传.txt
Ns,Ns,"(1, 2)","(7, 8)",五老峰,洞庭湖畔,"['是', '五老峰', '前', '的', '诗人', '，', '还是', '洞庭湖畔', '的', '骚客', '呢', '？']",闻一多传.txt
BOOK,BOOK,"(6, 7)","(11, 12)",《清华周刊》,《红烛》,"['（', '原', '载', '1922年', '9月', '11日', '《清华周刊》', '第250斯', '，', '后', '收入', '《红烛》', '）']",闻一多传.txt
BOOK,BOOK,"(6, 7)","(9, 10)",《清华周刊》,《文艺增刊》,"['（', '原', '载', '1922年', '11月', '25日', '《清华周刊》', '第260', '期', '《文艺增刊》', '第1', '期', '）']",闻一多传.txt
BOOK,BOOK,"(6, 7)","(9, 10)",《清华周刊》,《文艺增刊》,"['（', '原', '载', '1922年', '11月', '25日', '《清华周刊》', '第260', '期', '《文艺增刊》', '第1', '期', '）']",闻一多传.txt
BOOK,BOOK,"(6, 7)","(9, 10)",《清华周刊》,《文艺增刊》,"['（', '原', '载', '1922年', '12月', '22日', '《清华周刊》', '第264', '期', '《文艺增刊》', '第2', '期', '，', '后', '收入', '《红烛》', '）']",闻一多传.txt
BOOK,BOOK,"(9, 10)","(15, 16)",《文艺增刊》,《红烛》,"['（', '原', '载', '1922年', '12月', '22日', '《清华周刊》', '第264', '期', '《文艺增刊》', '第2', '期', '，', '后', '收入', '《红烛》', '）']",闻一多传.txt
BOOK,BOOK,"(6, 7)","(9, 10)",《清华周刊》,《文艺增刊》,"['（', '原', '载', '1923年', '1月', '13日', '《清华周刊》', '第267', '期', '《文艺增刊》', '第3', '期', '，', '后', '收入', '《红烛》', '）']",闻一多传.txt
BOOK,BOOK,"(9, 10)","(15, 16)",《文艺增刊》,《红烛》,"['（', '原', '载', '1923年', '1月', '13日', '《清华周刊》', '第267', '期', '《文艺增刊》', '第3', '期', '，', '后', '收入', '《红烛》', '）']",闻一多传.txt
BOOK,BOOK,"(9, 10)","(12, 13)",《清华周刊》,《文艺增刊》,"['一九二二', '，', '一○', '（', '原', '载', '1923年', '1月', '13日', '《清华周刊》', '第267', '期', '《文艺增刊》', '第3', '期', '，', '后', '收入', '《红烛》', '）']",闻一多传.txt
BOOK,BOOK,"(12, 13)","(18, 19)",《文艺增刊》,《红烛》,"['一九二二', '，', '一○', '（', '原', '载', '1923年', '1月', '13日', '《清华周刊》', '第267', '期', '《文艺增刊》', '第3', '期', '，', '后', '收入', '《红烛》', '）']",闻一多传.txt
BOOK,BOOK,"(6, 7)","(9, 10)",《清华周刊》,《文艺增刊》,"['（', '原', '载', '1923年', '1月', '13日', '《清华周刊》', '第267', '期', '《文艺增刊》', '第3', '期', '，', '后', '收入', '《红烛》', '）']",闻一多传.txt
BOOK,BOOK,"(9, 10)","(15, 16)",《文艺增刊》,《红烛》,"['（', '原', '载', '1923年', '1月', '13日', '《清华周刊》', '第267', '期', '《文艺增刊》', '第3', '期', '，', '后', '收入', '《红烛》', '）']",闻一多传.txt
BOOK,BOOK,"(6, 7)","(9, 10)",《清华周刊》,《文艺增刊》,"['（', '原', '载', '1923年', '2月', '15日', '《清华周刊》', '第269', '期', '《文艺增刊》', '第4', '期', '，', '后', '收入', '《红烛》', '）']",闻一多传.txt
BOOK,BOOK,"(9, 10)","(15, 16)",《文艺增刊》,《红烛》,"['（', '原', '载', '1923年', '2月', '15日', '《清华周刊》', '第269', '期', '《文艺增刊》', '第4', '期', '，', '后', '收入', '《红烛》', '）']",闻一多传.txt
Ns,Ns,"(15, 16)","(19, 20)",长城,山海关,"['饿', '着', '脑经', '，', '烧', '着', '心血', '，', '紧张', '着', '肌肉', '的', '少年', '，', '从', '长城', '东头', '，', '穿过', '山海关', '，', '裹', '关', '件', '大氅', '，', '跑', '进', '园', '来', '了', '；']",闻一多传.txt
Ns,Ns,"(1, 2)","(5, 6)",长城,潼关,"['从', '长城', '西尾', '，', '穿过', '潼关', '，', '坐', '在', '驴车', '里', '拉', '进', '园', '来', '了', '。']",闻一多传.txt
Ns,Ns,"(3, 4)","(8, 9)",南海,东海,"['漂', '过', '了', '南海', '，', '漂', '过', '了', '东海', '，', '漂', '过', '了', '黄海', '，', '漂', '过', '了', '渤海', '的', '少年', '，', '摇', '着', '团罗扇', '，', '闯进', '园里', '来', '了', '；']",闻一多传.txt
Ns,Ns,"(8, 9)","(13, 14)",东海,黄海,"['漂', '过', '了', '南海', '，', '漂', '过', '了', '东海', '，', '漂', '过', '了', '黄海', '，', '漂', '过', '了', '渤海', '的', '少年', '，', '摇', '着', '团罗扇', '，', '闯进', '园里', '来', '了', '；']",闻一多传.txt
Ns,Ns,"(13, 14)","(18, 19)",黄海,渤海,"['漂', '过', '了', '南海', '，', '漂', '过', '了', '东海', '，', '漂', '过', '了', '黄海', '，', '漂', '过', '了', '渤海', '的', '少年', '，', '摇', '着', '团罗扇', '，', '闯进', '园里', '来', '了', '；']",闻一多传.txt
Ns,Nh,"(10, 11)","(12, 13)",蓬莱,晓钟,"['焕丽', '雄伟', '的', '楼阁', '像', '以', '皇宫', '帝阙', '一般', '——', '蓬莱', '的', '晓钟', '鸣', '了', '，', '文武', '的', '千', '官', '，', '戎狄', '的', '臣侄', '，', '群', '在', '崔嵬', '的', '紫宸殿', '下', '，', '膜拜', '着', '文献', '之', '王', '。']",闻一多传.txt
Ns,Ns,"(10, 11)","(13, 14)",函谷关,西迈往,"['你', '便是', '东', '来', '的', '紫气', '，', '你', '飘', '出', '函谷关', '，', '向', '西迈往', '，', '你', '将', '挟', '着', '我们', '圣人', '的', '灵魂', '，', '漫', '了', '西', '土', '，', '漫', '了', '全球', '！']",闻一多传.txt
Nh,Ns,"(4, 5)","(8, 9)",余霞,澄江,"['——', '那', '吟', '‘', '余霞', '散', '成绮', '，', '澄江', '净如练', '’', '的', '谢', '将军', '，', '诗', '既', '作', '的', '那么', '好', '——', '真', '好', '！']",闻一多传.txt
Ns,Nh,"(8, 9)","(12, 13)",澄江,谢,"['——', '那', '吟', '‘', '余霞', '散', '成绮', '，', '澄江', '净如练', '’', '的', '谢', '将军', '，', '诗', '既', '作', '的', '那么', '好', '——', '真', '好', '！']",闻一多传.txt
Nh,Ns,"(10, 11)","(17, 18)",池波,伊,"['夜', '的', '私语', '不知', '说', '破', '了', '什么', '消息', '，', '池波', '一', '皱', '，', '又', '惹动', '了', '伊', '娴静', '的', '微笑', '。']",闻一多传.txt
Ns,Ns,"(10, 11)","(14, 15)",伊,伊,"['他', '翻身', '跳', '下', '池', '去', '了', '，', '便', '向', '伊', '一', '抱', '，', '伊', '已', '不见', '了', '，', '他', '更', '惊慌', '地', '叫', '着', '，', '却', '不', '知道', '自己', '也', '叫', '不', '出', '声', '了', '！']",闻一多传.txt
Nh,Ni,"(1, 2)","(7, 10)",曾收入,上海泰东图书局,"['（', '曾收入', '《红烛》', '，', '1923年', '9月', '，', '上海', '泰东', '图书局', '初版', '）']",闻一多传.txt
Nh,BOOK,"(1, 2)","(2, 3)",曾收入,《红烛》,"['（', '曾收入', '《红烛》', '，', '1923年', '9月', '，', '上海', '泰东', '图书局', '初版', '）']",闻一多传.txt
Ni,BOOK,"(7, 10)","(2, 3)",上海泰东图书局,《红烛》,"['（', '曾收入', '《红烛》', '，', '1923年', '9月', '，', '上海', '泰东', '图书局', '初版', '）']",闻一多传.txt
Nh,BOOK,"(7, 8)","(13, 14)",王叔远,《赤壁赋》,"['（', '这', '可', '要', '镶', '得', '和', '王叔远', '的', '桃核', '雕', '成', '的', '《赤壁赋》', '一般', '精细', '。']",闻一多传.txt
Nh,Ni,"(1, 2)","(6, 9)",曾收入,上海泰东图书局,"['（', '曾收入', 'BOOK1923', '年', '9月', '，', '上海', '泰东', '图书局', '初版', '）']",闻一多传.txt
Nh,Ni,"(1, 2)","(6, 9)",曾收入,上海泰东图书局,"['（', '曾收入', '《红烛》', '，', '1923年', '，', '上海', '泰东', '图书局', '）']",闻一多传.txt
Nh,BOOK,"(1, 2)","(2, 3)",曾收入,《红烛》,"['（', '曾收入', '《红烛》', '，', '1923年', '，', '上海', '泰东', '图书局', '）']",闻一多传.txt
Ni,BOOK,"(6, 9)","(2, 3)",上海泰东图书局,《红烛》,"['（', '曾收入', '《红烛》', '，', '1923年', '，', '上海', '泰东', '图书局', '）']",闻一多传.txt
Nh,Ni,"(1, 2)","(6, 9)",曾收入,上海泰东图书局,"['（', '曾收入', '《红烛》', '，', '1923年', '，', '上海', '泰东', '图书局', '）']",闻一多传.txt
Nh,BOOK,"(1, 2)","(2, 3)",曾收入,《红烛》,"['（', '曾收入', '《红烛》', '，', '1923年', '，', '上海', '泰东', '图书局', '）']",闻一多传.txt
Ni,BOOK,"(6, 9)","(2, 3)",上海泰东图书局,《红烛》,"['（', '曾收入', '《红烛》', '，', '1923年', '，', '上海', '泰东', '图书局', '）']",闻一多传.txt
Nh,Ni,"(1, 2)","(6, 9)",曾收入,上海泰东图书局,"['（', '曾收入', '《红烛》', '，', '1923年', '，', '上海', '泰东', '图书局', '）']",闻一多传.txt
Nh,BOOK,"(1, 2)","(2, 3)",曾收入,《红烛》,"['（', '曾收入', '《红烛》', '，', '1923年', '，', '上海', '泰东', '图书局', '）']",闻一多传.txt
Ni,BOOK,"(6, 9)","(2, 3)",上海泰东图书局,《红烛》,"['（', '曾收入', '《红烛》', '，', '1923年', '，', '上海', '泰东', '图书局', '）']",闻一多传.txt
Nh,Ni,"(1, 2)","(6, 9)",曾收入,上海泰东图书局,"['（', '曾收入', '《红烛》', '，', '1923年', '，', '上海', '泰东', '图书局', '）']",闻一多传.txt
Nh,BOOK,"(1, 2)","(2, 3)",曾收入,《红烛》,"['（', '曾收入', '《红烛》', '，', '1923年', '，', '上海', '泰东', '图书局', '）']",闻一多传.txt
Ni,BOOK,"(6, 9)","(2, 3)",上海泰东图书局,《红烛》,"['（', '曾收入', '《红烛》', '，', '1923年', '，', '上海', '泰东', '图书局', '）']",闻一多传.txt
Nh,Ni,"(1, 2)","(6, 9)",曾收入,上海泰东图书局,"['（', '曾收入', '《红烛》', '，', '1923年', '，', '上海', '泰东', '图书局', '）']",闻一多传.txt
Nh,BOOK,"(1, 2)","(2, 3)",曾收入,《红烛》,"['（', '曾收入', '《红烛》', '，', '1923年', '，', '上海', '泰东', '图书局', '）']",闻一多传.txt
Ni,BOOK,"(6, 9)","(2, 3)",上海泰东图书局,《红烛》,"['（', '曾收入', '《红烛》', '，', '1923年', '，', '上海', '泰东', '图书局', '）']",闻一多传.txt
Nh,Ni,"(1, 2)","(6, 9)",曾收入,上海泰东图书局,"['（', '曾收入', '《红烛》', '，', '1923年', '，', '上海', '泰东', '图书局', '）']",闻一多传.txt
Nh,BOOK,"(1, 2)","(2, 3)",曾收入,《红烛》,"['（', '曾收入', '《红烛》', '，', '1923年', '，', '上海', '泰东', '图书局', '）']",闻一多传.txt
Ni,BOOK,"(6, 9)","(2, 3)",上海泰东图书局,《红烛》,"['（', '曾收入', '《红烛》', '，', '1923年', '，', '上海', '泰东', '图书局', '）']",闻一多传.txt
Nh,Ni,"(1, 2)","(6, 9)",曾收入,上海泰东图书局,"['（', '曾收入', '《红烛》', '，', '1923年', '，', '上海', '泰东', '图书局', '）']",闻一多传.txt
Nh,BOOK,"(1, 2)","(2, 3)",曾收入,《红烛》,"['（', '曾收入', '《红烛》', '，', '1923年', '，', '上海', '泰东', '图书局', '）']",闻一多传.txt
Ni,BOOK,"(6, 9)","(2, 3)",上海泰东图书局,《红烛》,"['（', '曾收入', '《红烛》', '，', '1923年', '，', '上海', '泰东', '图书局', '）']",闻一多传.txt
Nh,Ni,"(1, 2)","(6, 9)",曾收入,上海泰东图书局,"['（', '曾收入', '《红烛》', '，', '1923年', '，', '上海', '泰东', '图书局', '）']",闻一多传.txt
Nh,BOOK,"(1, 2)","(2, 3)",曾收入,《红烛》,"['（', '曾收入', '《红烛》', '，', '1923年', '，', '上海', '泰东', '图书局', '）']",闻一多传.txt
Ni,BOOK,"(6, 9)","(2, 3)",上海泰东图书局,《红烛》,"['（', '曾收入', '《红烛》', '，', '1923年', '，', '上海', '泰东', '图书局', '）']",闻一多传.txt
Nh,Ni,"(1, 2)","(6, 9)",曾收入,上海泰东图书局,"['（', '曾收入', '《红烛》', '，', '1923年', '，', '上海', '泰东', '图书局', '）']",闻一多传.txt
Nh,BOOK,"(1, 2)","(2, 3)",曾收入,《红烛》,"['（', '曾收入', '《红烛》', '，', '1923年', '，', '上海', '泰东', '图书局', '）']",闻一多传.txt
Ni,BOOK,"(6, 9)","(2, 3)",上海泰东图书局,《红烛》,"['（', '曾收入', '《红烛》', '，', '1923年', '，', '上海', '泰东', '图书局', '）']",闻一多传.txt
Nh,Ni,"(1, 2)","(6, 9)",曾收入,上海泰东图书局,"['（', '曾收入', '《红烛》', '，', '1923年', '，', '上海', '泰东', '图书局', '）']",闻一多传.txt
Nh,BOOK,"(1, 2)","(2, 3)",曾收入,《红烛》,"['（', '曾收入', '《红烛》', '，', '1923年', '，', '上海', '泰东', '图书局', '）']",闻一多传.txt
Ni,BOOK,"(6, 9)","(2, 3)",上海泰东图书局,《红烛》,"['（', '曾收入', '《红烛》', '，', '1923年', '，', '上海', '泰东', '图书局', '）']",闻一多传.txt
Nh,Ni,"(1, 2)","(6, 9)",曾收入,上海泰东图书局,"['（', '曾收入', '《红烛》', '，', '1923年', '，', '上海', '泰东', '图书局', '）']",闻一多传.txt
Nh,BOOK,"(1, 2)","(2, 3)",曾收入,《红烛》,"['（', '曾收入', '《红烛》', '，', '1923年', '，', '上海', '泰东', '图书局', '）']",闻一多传.txt
Ni,BOOK,"(6, 9)","(2, 3)",上海泰东图书局,《红烛》,"['（', '曾收入', '《红烛》', '，', '1923年', '，', '上海', '泰东', '图书局', '）']",闻一多传.txt
Nh,Ni,"(1, 2)","(6, 9)",曾收入,上海泰东图书局,"['（', '曾收入', '《红烛》', '，', '1923年', '，', '上海', '泰东', '图书局', '）']",闻一多传.txt
Nh,BOOK,"(1, 2)","(2, 3)",曾收入,《红烛》,"['（', '曾收入', '《红烛》', '，', '1923年', '，', '上海', '泰东', '图书局', '）']",闻一多传.txt
Ni,BOOK,"(6, 9)","(2, 3)",上海泰东图书局,《红烛》,"['（', '曾收入', '《红烛》', '，', '1923年', '，', '上海', '泰东', '图书局', '）']",闻一多传.txt
Nh,Ni,"(1, 2)","(6, 9)",曾收入,上海泰东图书局,"['（', '曾收入', '《红烛》', '，', '1923年', '，', '上海', '泰东', '图书局', '）']",闻一多传.txt
Nh,BOOK,"(1, 2)","(2, 3)",曾收入,《红烛》,"['（', '曾收入', '《红烛》', '，', '1923年', '，', '上海', '泰东', '图书局', '）']",闻一多传.txt
Ni,BOOK,"(6, 9)","(2, 3)",上海泰东图书局,《红烛》,"['（', '曾收入', '《红烛》', '，', '1923年', '，', '上海', '泰东', '图书局', '）']",闻一多传.txt
Nh,Ni,"(1, 2)","(6, 9)",曾收入,上海泰东图书局,"['（', '曾收入', '《红烛》', '，', '1923年', '，', '上海', '泰东', '图书局', '）']",闻一多传.txt
Nh,BOOK,"(1, 2)","(2, 3)",曾收入,《红烛》,"['（', '曾收入', '《红烛》', '，', '1923年', '，', '上海', '泰东', '图书局', '）']",闻一多传.txt
Ni,BOOK,"(6, 9)","(2, 3)",上海泰东图书局,《红烛》,"['（', '曾收入', '《红烛》', '，', '1923年', '，', '上海', '泰东', '图书局', '）']",闻一多传.txt
Nh,Ni,"(1, 2)","(6, 9)",曾收入,上海泰东图书局,"['（', '曾收入', '《红烛》', '，', '1923年', '，', '上海', '泰东', '图书局', '）']",闻一多传.txt
Nh,BOOK,"(1, 2)","(2, 3)",曾收入,《红烛》,"['（', '曾收入', '《红烛》', '，', '1923年', '，', '上海', '泰东', '图书局', '）']",闻一多传.txt
Ni,BOOK,"(6, 9)","(2, 3)",上海泰东图书局,《红烛》,"['（', '曾收入', '《红烛》', '，', '1923年', '，', '上海', '泰东', '图书局', '）']",闻一多传.txt
Nh,Ni,"(1, 2)","(6, 9)",曾收入,上海泰东图书局,"['（', '曾收入', '《红烛》', '，', '1923年', '，', '上海', '泰东', '图书局', '）']",闻一多传.txt
Nh,BOOK,"(1, 2)","(2, 3)",曾收入,《红烛》,"['（', '曾收入', '《红烛》', '，', '1923年', '，', '上海', '泰东', '图书局', '）']",闻一多传.txt
Ni,BOOK,"(6, 9)","(2, 3)",上海泰东图书局,《红烛》,"['（', '曾收入', '《红烛》', '，', '1923年', '，', '上海', '泰东', '图书局', '）']",闻一多传.txt
Nh,Ni,"(1, 2)","(6, 9)",曾收入,上海泰东图书局,"['（', '曾收入', '《红烛》', '，', '1923年', '，', '上海', '泰东', '图书局', '）']",闻一多传.txt
Nh,BOOK,"(1, 2)","(2, 3)",曾收入,《红烛》,"['（', '曾收入', '《红烛》', '，', '1923年', '，', '上海', '泰东', '图书局', '）']",闻一多传.txt
Ni,BOOK,"(6, 9)","(2, 3)",上海泰东图书局,《红烛》,"['（', '曾收入', '《红烛》', '，', '1923年', '，', '上海', '泰东', '图书局', '）']",闻一多传.txt
Nh,Ni,"(1, 2)","(6, 9)",曾收入,上海泰东图书局,"['（', '曾收入', '《红烛》', '，', '1923年', '，', '上海', '泰东', '图书局', '）']",闻一多传.txt
Nh,BOOK,"(1, 2)","(2, 3)",曾收入,《红烛》,"['（', '曾收入', '《红烛》', '，', '1923年', '，', '上海', '泰东', '图书局', '）']",闻一多传.txt
Ni,BOOK,"(6, 9)","(2, 3)",上海泰东图书局,《红烛》,"['（', '曾收入', '《红烛》', '，', '1923年', '，', '上海', '泰东', '图书局', '）']",闻一多传.txt
Nh,Ni,"(1, 2)","(6, 9)",曾收入,上海泰东图书局,"['（', '曾收入', '《红烛》', '，', '1923年', '，', '上海', '泰东', '图书局', '）']",闻一多传.txt
Nh,BOOK,"(1, 2)","(2, 3)",曾收入,《红烛》,"['（', '曾收入', '《红烛》', '，', '1923年', '，', '上海', '泰东', '图书局', '）']",闻一多传.txt
Ni,BOOK,"(6, 9)","(2, 3)",上海泰东图书局,《红烛》,"['（', '曾收入', '《红烛》', '，', '1923年', '，', '上海', '泰东', '图书局', '）']",闻一多传.txt
Nh,Ni,"(1, 2)","(6, 9)",曾收入,上海泰东图书局,"['（', '曾收入', '《红烛》', '，', '1923年', '，', '上海', '泰东', '图书局', '）']",闻一多传.txt
Nh,BOOK,"(1, 2)","(2, 3)",曾收入,《红烛》,"['（', '曾收入', '《红烛》', '，', '1923年', '，', '上海', '泰东', '图书局', '）']",闻一多传.txt
Ni,BOOK,"(6, 9)","(2, 3)",上海泰东图书局,《红烛》,"['（', '曾收入', '《红烛》', '，', '1923年', '，', '上海', '泰东', '图书局', '）']",闻一多传.txt
Nh,Ni,"(1, 2)","(6, 9)",曾收入,上海泰东图书局,"['（', '曾收入', '《红烛》', '，', '1923年', '，', '上海', '泰东', '图书局', '）']",闻一多传.txt
Nh,BOOK,"(1, 2)","(2, 3)",曾收入,《红烛》,"['（', '曾收入', '《红烛》', '，', '1923年', '，', '上海', '泰东', '图书局', '）']",闻一多传.txt
Ni,BOOK,"(6, 9)","(2, 3)",上海泰东图书局,《红烛》,"['（', '曾收入', '《红烛》', '，', '1923年', '，', '上海', '泰东', '图书局', '）']",闻一多传.txt
Nh,Ni,"(1, 2)","(6, 9)",曾收入,上海泰东图书局,"['（', '曾收入', '《红烛》', '，', '1923年', '，', '上海', '泰东', '图书局', '）']",闻一多传.txt
Nh,BOOK,"(1, 2)","(2, 3)",曾收入,《红烛》,"['（', '曾收入', '《红烛》', '，', '1923年', '，', '上海', '泰东', '图书局', '）']",闻一多传.txt
Ni,BOOK,"(6, 9)","(2, 3)",上海泰东图书局,《红烛》,"['（', '曾收入', '《红烛》', '，', '1923年', '，', '上海', '泰东', '图书局', '）']",闻一多传.txt
Nh,Ni,"(1, 2)","(6, 9)",曾收入,上海泰东图书局,"['（', '曾收入', '《红烛》', '，', '1923年', '，', '上海', '泰东', '图书局', '）']",闻一多传.txt
Nh,BOOK,"(1, 2)","(2, 3)",曾收入,《红烛》,"['（', '曾收入', '《红烛》', '，', '1923年', '，', '上海', '泰东', '图书局', '）']",闻一多传.txt
Ni,BOOK,"(6, 9)","(2, 3)",上海泰东图书局,《红烛》,"['（', '曾收入', '《红烛》', '，', '1923年', '，', '上海', '泰东', '图书局', '）']",闻一多传.txt
Nh,Ni,"(1, 2)","(6, 9)",曾收入,上海泰东图书局,"['（', '曾收入', '《红烛》', '，', '1923年', '，', '上海', '泰东', '图书局', '）']",闻一多传.txt
Nh,BOOK,"(1, 2)","(2, 3)",曾收入,《红烛》,"['（', '曾收入', '《红烛》', '，', '1923年', '，', '上海', '泰东', '图书局', '）']",闻一多传.txt
Ni,BOOK,"(6, 9)","(2, 3)",上海泰东图书局,《红烛》,"['（', '曾收入', '《红烛》', '，', '1923年', '，', '上海', '泰东', '图书局', '）']",闻一多传.txt
Nh,Ni,"(1, 2)","(6, 9)",曾收入,上海泰东图书局,"['（', '曾收入', '《红烛》', '，', '1923年', '，', '上海', '泰东', '图书局', '）']",闻一多传.txt
Nh,BOOK,"(1, 2)","(2, 3)",曾收入,《红烛》,"['（', '曾收入', '《红烛》', '，', '1923年', '，', '上海', '泰东', '图书局', '）']",闻一多传.txt
Ni,BOOK,"(6, 9)","(2, 3)",上海泰东图书局,《红烛》,"['（', '曾收入', '《红烛》', '，', '1923年', '，', '上海', '泰东', '图书局', '）']",闻一多传.txt
BOOK,BOOK,"(6, 7)","(9, 10)",《清华周刊》,《文艺增刊》,"['（', '原', '载', '1923年', '3月', '16日', '《清华周刊》', '第273', '期', '《文艺增刊》', '第5', '期', '，', '后', '收入', '《红烛》', '）']",闻一多传.txt
BOOK,BOOK,"(9, 10)","(15, 16)",《文艺增刊》,《红烛》,"['（', '原', '载', '1923年', '3月', '16日', '《清华周刊》', '第273', '期', '《文艺增刊》', '第5', '期', '，', '后', '收入', '《红烛》', '）']",闻一多传.txt
Nh,Ni,"(1, 2)","(6, 9)",曾收入,上海泰东图书局,"['（', '曾收入', '《红烛》', '，', '1923年', '，', '上海', '泰东', '图书局', '）']",闻一多传.txt
Nh,BOOK,"(1, 2)","(2, 3)",曾收入,《红烛》,"['（', '曾收入', '《红烛》', '，', '1923年', '，', '上海', '泰东', '图书局', '）']",闻一多传.txt
Ni,BOOK,"(6, 9)","(2, 3)",上海泰东图书局,《红烛》,"['（', '曾收入', '《红烛》', '，', '1923年', '，', '上海', '泰东', '图书局', '）']",闻一多传.txt
Ns,Ns,"(0, 1)","(3, 4)",陵阳,瑞锦,"['陵阳', '公样', '的', '瑞锦', '，', '土耳其', '的', '地毡', '，']",闻一多传.txt
Ns,Ns,"(0, 1)","(5, 6)",陵阳,土耳其,"['陵阳', '公样', '的', '瑞锦', '，', '土耳其', '的', '地毡', '，']",闻一多传.txt
Ns,Ns,"(3, 4)","(5, 6)",瑞锦,土耳其,"['陵阳', '公样', '的', '瑞锦', '，', '土耳其', '的', '地毡', '，']",闻一多传.txt
Nh,Ni,"(1, 2)","(6, 9)",曾收入,上海泰东图书局,"['（', '曾收入', '《红烛》', '，', '1923年', '，', '上海', '泰东', '图书局', '）']",闻一多传.txt
Nh,BOOK,"(1, 2)","(2, 3)",曾收入,《红烛》,"['（', '曾收入', '《红烛》', '，', '1923年', '，', '上海', '泰东', '图书局', '）']",闻一多传.txt
Ni,BOOK,"(6, 9)","(2, 3)",上海泰东图书局,《红烛》,"['（', '曾收入', '《红烛》', '，', '1923年', '，', '上海', '泰东', '图书局', '）']",闻一多传.txt
Nh,Ni,"(1, 2)","(6, 9)",曾收入,上海泰东图书局,"['（', '曾收入', '《红烛》', '，', '1923年', '，', '上海', '泰东', '图书局', '）']",闻一多传.txt
Nh,BOOK,"(1, 2)","(2, 3)",曾收入,《红烛》,"['（', '曾收入', '《红烛》', '，', '1923年', '，', '上海', '泰东', '图书局', '）']",闻一多传.txt
Ni,BOOK,"(6, 9)","(2, 3)",上海泰东图书局,《红烛》,"['（', '曾收入', '《红烛》', '，', '1923年', '，', '上海', '泰东', '图书局', '）']",闻一多传.txt
Nh,Ni,"(1, 2)","(6, 9)",曾收入,上海泰东图书局,"['（', '曾收入', '《红烛》', '，', '1923年', '，', '上海', '泰东', '图书局', '）']",闻一多传.txt
Nh,BOOK,"(1, 2)","(2, 3)",曾收入,《红烛》,"['（', '曾收入', '《红烛》', '，', '1923年', '，', '上海', '泰东', '图书局', '）']",闻一多传.txt
Ni,BOOK,"(6, 9)","(2, 3)",上海泰东图书局,《红烛》,"['（', '曾收入', '《红烛》', '，', '1923年', '，', '上海', '泰东', '图书局', '）']",闻一多传.txt
Nh,Ni,"(1, 2)","(6, 9)",曾收入,上海泰东图书局,"['（', '曾收入', '《红烛》', '，', '1923年', '，', '上海', '泰东', '图书局', '）']",闻一多传.txt
Nh,BOOK,"(1, 2)","(2, 3)",曾收入,《红烛》,"['（', '曾收入', '《红烛》', '，', '1923年', '，', '上海', '泰东', '图书局', '）']",闻一多传.txt
Ni,BOOK,"(6, 9)","(2, 3)",上海泰东图书局,《红烛》,"['（', '曾收入', '《红烛》', '，', '1923年', '，', '上海', '泰东', '图书局', '）']",闻一多传.txt
Nh,Ni,"(1, 2)","(6, 9)",曾收入,上海泰东图书局,"['（', '曾收入', '《红烛》', '，', '1923年', '，', '上海', '泰东', '图书局', '）']",闻一多传.txt
Nh,BOOK,"(1, 2)","(2, 3)",曾收入,《红烛》,"['（', '曾收入', '《红烛》', '，', '1923年', '，', '上海', '泰东', '图书局', '）']",闻一多传.txt
Ni,BOOK,"(6, 9)","(2, 3)",上海泰东图书局,《红烛》,"['（', '曾收入', '《红烛》', '，', '1923年', '，', '上海', '泰东', '图书局', '）']",闻一多传.txt
Nh,Ni,"(1, 2)","(6, 9)",曾收入,上海泰东图书局,"['（', '曾收入', '《红烛》', '，', '1923年', '，', '上海', '泰东', '图书局', '）']",闻一多传.txt
Nh,BOOK,"(1, 2)","(2, 3)",曾收入,《红烛》,"['（', '曾收入', '《红烛》', '，', '1923年', '，', '上海', '泰东', '图书局', '）']",闻一多传.txt
Ni,BOOK,"(6, 9)","(2, 3)",上海泰东图书局,《红烛》,"['（', '曾收入', '《红烛》', '，', '1923年', '，', '上海', '泰东', '图书局', '）']",闻一多传.txt
Nh,Ni,"(1, 2)","(6, 9)",曾收入,上海泰东图书局,"['（', '曾收入', '《红烛》', '，', '1923年', '，', '上海', '泰东', '图书局', '）']",闻一多传.txt
Nh,BOOK,"(1, 2)","(2, 3)",曾收入,《红烛》,"['（', '曾收入', '《红烛》', '，', '1923年', '，', '上海', '泰东', '图书局', '）']",闻一多传.txt
Ni,BOOK,"(6, 9)","(2, 3)",上海泰东图书局,《红烛》,"['（', '曾收入', '《红烛》', '，', '1923年', '，', '上海', '泰东', '图书局', '）']",闻一多传.txt
Nh,Ni,"(1, 2)","(6, 9)",曾收入,上海泰东图书局,"['（', '曾收入', '《红烛》', '，', '1923年', '，', '上海', '泰东', '图书局', '）']",闻一多传.txt
Nh,BOOK,"(1, 2)","(2, 3)",曾收入,《红烛》,"['（', '曾收入', '《红烛》', '，', '1923年', '，', '上海', '泰东', '图书局', '）']",闻一多传.txt
Ni,BOOK,"(6, 9)","(2, 3)",上海泰东图书局,《红烛》,"['（', '曾收入', '《红烛》', '，', '1923年', '，', '上海', '泰东', '图书局', '）']",闻一多传.txt
Ns,Ns,"(9, 10)","(16, 17)",伊,伊,"['我', '曾', '著', '着', '银烛', '，', '一', '壁撷', '着', '伊', '的', '凤钗', '，', '一', '壁', '在', '伊', '耳边', '问道', '：', '“', '认', '得', '我', '吗', '？', '”']",闻一多传.txt
Nh,Ns,"(1, 2)","(7, 8)",曾收入,海泰东,"['（', '曾收入', '《红烛》', '，', '1923年', '，', '由', '海泰东', '图书局', '）']",闻一多传.txt
Nh,BOOK,"(1, 2)","(2, 3)",曾收入,《红烛》,"['（', '曾收入', '《红烛》', '，', '1923年', '，', '由', '海泰东', '图书局', '）']",闻一多传.txt
Ns,BOOK,"(7, 8)","(2, 3)",海泰东,《红烛》,"['（', '曾收入', '《红烛》', '，', '1923年', '，', '由', '海泰东', '图书局', '）']",闻一多传.txt
BOOK,BOOK,"(6, 7)","(11, 12)",《晨报副刊、文学旬刊》,《死水》,"['（', '原', '载', '1925年', '3月', '25日', '《晨报副刊、文学旬刊》', '第65', '号', '，', '收入', '《死水》', '）']",闻一多传.txt
Nh,Nh,"(0, 1)","(2, 3)",丁东,丁东,"['丁东', '，', '丁东', '，', '沉默', '弥漫', '了', '堂', '中', '，', '又', '一个', '鼓手', '，', '在', '堂前', '奏弄', '，', '这', '鼓声', '众', '不同', '。']",闻一多传.txt
Nh,Nh,"(0, 1)","(2, 3)",丁东,丁东,"['丁东', '，', '丁东', '，', '听', '！']",闻一多传.txt
Nh,Nh,"(0, 1)","(2, 3)",丁东,丁东,"['丁东', '，', '丁东', '，', '这', '鼓声', '与众不同', '——']",闻一多传.txt
Nh,Nh,"(0, 1)","(2, 3)",丁东,丁东,"['丁东', '，', '丁东', '，', '听', '！']",闻一多传.txt
Nh,Nh,"(0, 1)","(2, 3)",丁东,丁东,"['丁东', '，', '丁东', '，', '听', '！']",闻一多传.txt
Nh,Nh,"(0, 1)","(2, 3)",丁东,丁东,"['丁东', '，', '丁东', '，']",闻一多传.txt
Nh,Nh,"(0, 1)","(2, 3)",丁东,丁东,"['丁东', '，', '丁东', '，', '不同', '，', '与众不同', '！']",闻一多传.txt
Nh,Nh,"(0, 1)","(2, 3)",丁东,丁东,"['丁东', '，', '丁东', '，', '这', '鼓声', '与众不同', '；']",闻一多传.txt
Nh,Nh,"(0, 1)","(2, 3)",丁东,丁东,"['丁东', '，', '丁东', '，', '这', '鼓', '与众不同', '；']",闻一多传.txt
Nh,Nh,"(0, 1)","(2, 3)",丁东,丁东,"['丁东', '，', '丁东', '，', '不同', '，', '与众不同', '！']",闻一多传.txt
Nh,Nh,"(0, 1)","(2, 3)",丁东,丁东,"['丁东', '，', '丁东', '，', '这', '鼓', '与众不同', '——', '分明', '是', '咒诅', '，', '显然', '是', '嘲弄', '；']",闻一多传.txt
Nh,Nh,"(0, 1)","(2, 3)",丁东,丁东,"['丁东', '，', '丁东', '，', '听', '！']",闻一多传.txt
Nh,Nh,"(1, 2)","(3, 4)",丁东,丁东,"['（', '丁东', '，', '丁东', '）', '这', '鼓手', '与众不同', '——', '他', '赤身露体', '，', '他', '声色', '不', '动', '；']",闻一多传.txt
Nh,Nh,"(1, 2)","(3, 4)",丁东,丁东,"['（', '丁东', '，', '丁东', '）', '真', '个', '与众不同', '！']",闻一多传.txt
Nh,Nh,"(1, 2)","(3, 4)",丁东,丁东,"['（', '丁东', '，', '丁东', '）', '这', '鼓手', '与众不同', '——', '莫不', '是', '湎醉', '？']",闻一多传.txt
Nh,Nh,"(1, 2)","(3, 4)",丁东,丁东,"['（', '丁东', '，', '丁东', '）', '定', '当', '与众不同', '！']",闻一多传.txt
Nh,Nh,"(0, 1)","(2, 3)",丁东,丁东,"['丁东', '，', '丁东', '，', '这', '鼓声', '与', '从', '不同', '—', '像', '狂涛', '打岸', '，', '像', '霹雳', '腾空', '；']",闻一多传.txt
Nh,Nh,"(0, 1)","(2, 3)",丁东,丁东,"['丁东', '，', '丁东', '，', '不同', '，', '与众不同', '！']",闻一多传.txt
Nh,Nh,"(0, 1)","(2, 3)",丁东,丁东,"['丁东', '，', '丁东', '，', '这', '鼓声', '与众不同', '——', '擂', '得', '你', '胆寒', '，', '挝', '得', '你', '发耸', '；']",闻一多传.txt
Nh,Nh,"(0, 1)","(2, 3)",丁东,丁东,"['丁东', '，', '丁东', '，', '不同', '，', '与众不同', '！']",闻一多传.txt
Nh,Nh,"(0, 1)","(2, 3)",丁东,丁东,"['丁东', '，', '丁东', '，', '这', '鼓声', '与众不同', '——', '像', '鱼', '龙走峡', '，', '像', '兵甲', '交锋', '；']",闻一多传.txt
Nh,Nh,"(0, 1)","(2, 3)",丁东,丁东,"['丁东', '，', '丁东', '，', '不同', '，', '与众不同', '！']",闻一多传.txt
Nh,Nh,"(1, 2)","(3, 4)",丁东,丁东,"['（', '丁东', '，', '丁东', '）', '这', '鼓手', '与众不同', '——席', '上', '的', '主人', '一', '动', '也', '不', '动', '；']",闻一多传.txt
Nh,Nh,"(1, 2)","(3, 4)",丁东,丁东,"['（', '丁东', '，', '丁东', '）', '定当', '与', '从', '不同', '！']",闻一多传.txt
Nh,Nh,"(1, 2)","(3, 4)",丁东,丁东,"['（', '丁东', '，', '丁东', '）', '这', '鼓手', '与', '从', '不同', '—']",闻一多传.txt
Nh,Nh,"(1, 2)","(3, 4)",丁东,丁东,"['（', '丁东', '，', '丁东', '）', '真', '个', '与众不同', '！']",闻一多传.txt
Nh,Ns,"(0, 1)","(1, 2)",不见夫,法兰西,"['不见夫', '法兰西', '之', 'Alsace—Lorraine', '①', '耶', '？']",闻一多传.txt
Ns,Ns,"(1, 2)","(5, 6)",台湾,东海,"['（', '台湾', '）', '我们', '是', '东海', '捧', '出', '的', '珍珠', '一', '串', '，', '琉球昌', '我', '的', '群弟', '我', '就是', '台湾', '。']",闻一多传.txt
Ns,Ns,"(13, 14)","(19, 20)",琉球昌,台湾,"['（', '台湾', '）', '我们', '是', '东海', '捧', '出', '的', '珍珠', '一', '串', '，', '琉球昌', '我', '的', '群弟', '我', '就是', '台湾', '。']",闻一多传.txt
Ns,Ns,"(1, 2)","(3, 4)",广州湾,东海,"['（', '广州湾', '）', '东海', '和', '硇洲', '是', '一', '双', '管钥', '，', '我', '是', '神州', '后门', '上', '的', '一', '把', '铁锁', '。']",闻一多传.txt
Ns,Ns,"(1, 2)","(5, 6)",广州湾,硇洲,"['（', '广州湾', '）', '东海', '和', '硇洲', '是', '一', '双', '管钥', '，', '我', '是', '神州', '后门', '上', '的', '一', '把', '铁锁', '。']",闻一多传.txt
Ns,Ns,"(3, 4)","(5, 6)",东海,硇洲,"['（', '广州湾', '）', '东海', '和', '硇洲', '是', '一', '双', '管钥', '，', '我', '是', '神州', '后门', '上', '的', '一', '把', '铁锁', '。']",闻一多传.txt
Ns,Ns,"(1, 2)","(6, 7)",九龙,香港,"['（', '九龙', '）', '我', '的', '胞史', '香港', '在', '诉', '他', '的', '苦痛', '，', '母亲', '，', '可', '记得', '你', '的', '幼女', '九龙', '？']",闻一多传.txt
Ns,Ns,"(1, 2)","(3, 4)",旅顺,大连,"['（', '旅顺', '，', '大连', '）', '我们', '是', '旅顺', '，', '大连', '，', '孪生', '的', '兄弟', '。']",闻一多传.txt
Ns,Ns,"(1, 2)","(7, 8)",旅顺,旅顺,"['（', '旅顺', '，', '大连', '）', '我们', '是', '旅顺', '，', '大连', '，', '孪生', '的', '兄弟', '。']",闻一多传.txt
Ns,Ns,"(3, 4)","(7, 8)",大连,旅顺,"['（', '旅顺', '，', '大连', '）', '我们', '是', '旅顺', '，', '大连', '，', '孪生', '的', '兄弟', '。']",闻一多传.txt
Ns,Ns,"(3, 4)","(9, 10)",大连,大连,"['（', '旅顺', '，', '大连', '）', '我们', '是', '旅顺', '，', '大连', '，', '孪生', '的', '兄弟', '。']",闻一多传.txt
Ns,Ns,"(7, 8)","(9, 10)",旅顺,大连,"['（', '旅顺', '，', '大连', '）', '我们', '是', '旅顺', '，', '大连', '，', '孪生', '的', '兄弟', '。']",闻一多传.txt
Nh,Ns,"(3, 4)","(5, 6)",乔治,美,"['镌', '着', '英皇', '乔治', '，', '美', '总统', '林肯', '，', '各国', '元首', '的', '肖像', '，', '各国', '的', '国名', '；']",闻一多传.txt
Nh,Nh,"(3, 4)","(7, 8)",乔治,林肯,"['镌', '着', '英皇', '乔治', '，', '美', '总统', '林肯', '，', '各国', '元首', '的', '肖像', '，', '各国', '的', '国名', '；']",闻一多传.txt
Ns,Nh,"(5, 6)","(7, 8)",美,林肯,"['镌', '着', '英皇', '乔治', '，', '美', '总统', '林肯', '，', '各国', '元首', '的', '肖像', '，', '各国', '的', '国名', '；']",闻一多传.txt
Ns,Ns,"(1, 2)","(5, 6)",西欧,北美,"['夸道', '西欧', '的', '海狮', '，', '北美', '的', '苍隼', '，', '俯道', '锻翮', '，', '都', '在', '上国', '之前', '请命', '。']",闻一多传.txt
Nh,Ns,"(7, 8)","(12, 13)",庄周,东方朔,"['我们', '的', '历史', '是', '一阵', '狂笑', '，', '庄周', '，', '淳', '于', '，', '东方朔', '的', '笑', '。']",闻一多传.txt
Ns,Ns,"(9, 10)","(14, 15)",黄河,泰山,"['我', '心头', '充满', '戈壁', '的', '沉默', '，', '脸上', '有', '黄河', '波涛', '的', '颜色', '，', '泰山', '的', '石滴', '成', '我', '的', '忍耐', '，', '峥嵘', '的', '剑阁撑', '出', '我', '的', '胸怀', '。']",闻一多传.txt
BOOK,BOOK,"(6, 7)","(12, 13)",《晨报副刊》,《死水》,"['（', '原', '载', '1925年', '8月', '14日', '《晨报副刊》', '第1250', '号', '，', '后', '收入', '《死水》', '）']",闻一多传.txt
BOOK,BOOK,"(6, 7)","(12, 13)",《晨报副刊》,《死水》,"['（', '原', '载', '1925年', '9月', '22日', '《晨报副刊》', '第1277', '号', '，', '后', '收入', '《死水》', '）']",闻一多传.txt
Ns,Ns,"(2, 3)","(8, 9)",赤县,北邻,"['——', '于是', '赤县', '神州', '有', '一个', '圣人', '同', '北邻', '建树', '赤帜', '的', '圣人', '比', '肩', '，', '同', '西邻', '的', 'Mahatma', '①', '争衡', '，', '同', '太平洋', '彼岸', '上', '为', '一个', '奴隶', '民族', '解脱', '了', '枷锁', '的', '圣人', '并驾齐驱', '！']",闻一多传.txt
Nh,Ns,"(1, 2)","(6, 7)",曾收入,上海,"['（', '曾收入', '《死立》', '，', '1928年', '，', '上海', '新月', '书店', '）']",闻一多传.txt
Nh,BOOK,"(1, 2)","(2, 3)",曾收入,《死立》,"['（', '曾收入', '《死立》', '，', '1928年', '，', '上海', '新月', '书店', '）']",闻一多传.txt
Ns,BOOK,"(6, 7)","(2, 3)",上海,《死立》,"['（', '曾收入', '《死立》', '，', '1928年', '，', '上海', '新月', '书店', '）']",闻一多传.txt
Ns,BOOK,"(6, 7)","(7, 8)",上海,《时事新报·学灯》,"['（', '原', '载', '1927年', '6月', '23日', '上海', '《时事新报·学灯》', '，', '后', '收入', '《死水》', '）']",闻一多传.txt
Ns,BOOK,"(6, 7)","(11, 12)",上海,《死水》,"['（', '原', '载', '1927年', '6月', '23日', '上海', '《时事新报·学灯》', '，', '后', '收入', '《死水》', '）']",闻一多传.txt
BOOK,BOOK,"(7, 8)","(11, 12)",《时事新报·学灯》,《死水》,"['（', '原', '载', '1927年', '6月', '23日', '上海', '《时事新报·学灯》', '，', '后', '收入', '《死水》', '）']",闻一多传.txt
Nh,Ns,"(1, 2)","(6, 7)",曾收入,上海,"['（', '曾收入', '《死水》', '，', '1928年', '，', '上海', '新月', '书店', '）']",闻一多传.txt
Nh,BOOK,"(1, 2)","(2, 3)",曾收入,《死水》,"['（', '曾收入', '《死水》', '，', '1928年', '，', '上海', '新月', '书店', '）']",闻一多传.txt
Ns,BOOK,"(6, 7)","(2, 3)",上海,《死水》,"['（', '曾收入', '《死水》', '，', '1928年', '，', '上海', '新月', '书店', '）']",闻一多传.txt
Nh,Ns,"(10, 11)","(16, 17)",庄周,东方朔,"['那', '狂笑', '也', '得', '告诉', '我', '才', '好', '，', '——', '庄周', '，', '淳', '于', '髡', '，', '东方朔', '的', '笑', '。']",闻一多传.txt
Nh,Ns,"(1, 2)","(6, 7)",曾收入,上海,"['（', '曾收入', '《死水》', '，', '1928年', '，', '上海', '新月', '书店', '）']",闻一多传.txt
Nh,BOOK,"(1, 2)","(2, 3)",曾收入,《死水》,"['（', '曾收入', '《死水》', '，', '1928年', '，', '上海', '新月', '书店', '）']",闻一多传.txt
Ns,BOOK,"(6, 7)","(2, 3)",上海,《死水》,"['（', '曾收入', '《死水》', '，', '1928年', '，', '上海', '新月', '书店', '）']",闻一多传.txt
Nh,Ns,"(1, 2)","(6, 7)",曾收入,上海,"['（', '曾收入', '《死水》', '，', '1928年', '，', '上海', '新月', '书店', '）']",闻一多传.txt
Nh,BOOK,"(1, 2)","(2, 3)",曾收入,《死水》,"['（', '曾收入', '《死水》', '，', '1928年', '，', '上海', '新月', '书店', '）']",闻一多传.txt
Ns,BOOK,"(6, 7)","(2, 3)",上海,《死水》,"['（', '曾收入', '《死水》', '，', '1928年', '，', '上海', '新月', '书店', '）']",闻一多传.txt
Nh,Nh,"(21, 22)","(27, 28)",老李,徐半仙,"['告诉', '周大', '和', '他们', '兄弟', '八', '个', '，', '告诉', '临淮关', '一带', '的', '庄家汉', '，', '还', '告诉', '那', '红', '脸', '的', '铁匠', '老李', '，', '告诉', '独眼龙', '，', '告诉', '徐半仙', '，', '告诉', '黄', '大娘', '和', '满', '村庄', '的', '妇女', '——', '告诉', '他们', '这', '许多', '的', '事', '，', '一', '件', '一', '件', '。']",闻一多传.txt
Nh,Nh,"(27, 28)","(30, 31)",徐半仙,黄,"['告诉', '周大', '和', '他们', '兄弟', '八', '个', '，', '告诉', '临淮关', '一带', '的', '庄家汉', '，', '还', '告诉', '那', '红', '脸', '的', '铁匠', '老李', '，', '告诉', '独眼龙', '，', '告诉', '徐半仙', '，', '告诉', '黄', '大娘', '和', '满', '村庄', '的', '妇女', '——', '告诉', '他们', '这', '许多', '的', '事', '，', '一', '件', '一', '件', '。']",闻一多传.txt
Nh,Ns,"(1, 2)","(6, 7)",曾收入,上海,"['（', '曾收入', '《死水》', '，', '1928年', '，', '上海', '新月', '书店', '）']",闻一多传.txt
Nh,BOOK,"(1, 2)","(2, 3)",曾收入,《死水》,"['（', '曾收入', '《死水》', '，', '1928年', '，', '上海', '新月', '书店', '）']",闻一多传.txt
Ns,BOOK,"(6, 7)","(2, 3)",上海,《死水》,"['（', '曾收入', '《死水》', '，', '1928年', '，', '上海', '新月', '书店', '）']",闻一多传.txt
Nh,Ns,"(1, 2)","(6, 7)",曾收入,上海,"['（', '曾收入', '《死水》', '，', '1928年', '，', '上海', '新月', '书店', '）']",闻一多传.txt
Nh,BOOK,"(1, 2)","(2, 3)",曾收入,《死水》,"['（', '曾收入', '《死水》', '，', '1928年', '，', '上海', '新月', '书店', '）']",闻一多传.txt
Ns,BOOK,"(6, 7)","(2, 3)",上海,《死水》,"['（', '曾收入', '《死水》', '，', '1928年', '，', '上海', '新月', '书店', '）']",闻一多传.txt
Nh,Nh,"(4, 5)","(10, 11)",唐太宗,魏征,"['你', '惋惜', '当今', '没有', '唐太宗', '，', '你', '自己', '不屑', '做', '魏征', '。']",闻一多传.txt
BOOK,BOOK,"(14, 15)","(19, 20)",《诗联丛刊》,《北京盟讯》,"['三', '三', '（', '一九四四', '）', '年', '七月', '一日', '（', '原', '载', '1948年', '6月', '11日', '《诗联丛刊》', '第1', '期', '和', '1986年', '《北京盟讯》', '第7', '期', '）']",闻一多传.txt
Nh,BOOK,"(21, 22)","(14, 15)",郭君,《新生》,"['恐怕', '没有', '别的', '东西', '比', '火车', '的', '飞跑', '同', '轮船', '的', '鼓进', '（', '阅', '《新生》', '与', '《笔立山头展望》', '再', '能', '叫', '出', '郭君', '心里', '那种', '压', '不', '平', '的', '活动', '之', '欲罢', '？']",闻一多传.txt
Nh,BOOK,"(21, 22)","(16, 17)",郭君,《笔立山头展望》,"['恐怕', '没有', '别的', '东西', '比', '火车', '的', '飞跑', '同', '轮船', '的', '鼓进', '（', '阅', '《新生》', '与', '《笔立山头展望》', '再', '能', '叫', '出', '郭君', '心里', '那种', '压', '不', '平', '的', '活动', '之', '欲罢', '？']",闻一多传.txt
BOOK,BOOK,"(14, 15)","(16, 17)",《新生》,《笔立山头展望》,"['恐怕', '没有', '别的', '东西', '比', '火车', '的', '飞跑', '同', '轮船', '的', '鼓进', '（', '阅', '《新生》', '与', '《笔立山头展望》', '再', '能', '叫', '出', '郭君', '心里', '那种', '压', '不', '平', '的', '活动', '之', '欲罢', '？']",闻一多传.txt
BOOK,BOOK,"(1, 2)","(3, 4)",《与宗白华书》,《三叶集》,"['——', '《与宗白华书》', '（', '《三叶集》', '一三八', '）', '这种', '动', '的', '本能', '是', '近代', '文明', '一切', '的', '事业', '之', '母', '，', '他', '是', '近代', '文明', '之', '细胞核', '。']",闻一多传.txt
Nh,BOOK,"(0, 1)","(2, 3)",郭沫若,《晨安》,"['郭沫若', '的', '《晨安》', '便是', '这种', 'cosmopolitanism', '①', '的', '证据', '了', '。']",闻一多传.txt
Ns,Ns,"(8, 9)","(9, 10)",美,欧,"['他', '所', '运用', '的', '地名', '散满', '于', '亚', '美', '欧', '非', '四', '大', '洲', '。']",闻一多传.txt
Ns,BOOK,"(2, 3)","(5, 6)",中国,《女神》,"['难怪', '个个', '中国', '青年', '读', '《女神》', '没有', '不', '椎膺顿足', '同', '《湘累》', '里', '的', '屈原同声', '叫道', '——', '哦', '，', '好', '悲切', '的', '歌词', '！']",闻一多传.txt
BOOK,BOOK,"(5, 6)","(10, 11)",《女神》,《湘累》,"['难怪', '个个', '中国', '青年', '读', '《女神》', '没有', '不', '椎膺顿足', '同', '《湘累》', '里', '的', '屈原同声', '叫道', '——', '哦', '，', '好', '悲切', '的', '歌词', '！']",闻一多传.txt
Nh,BOOK,"(0, 1)","(3, 4)",田汉君,《女神》,"['田汉君', '在', '给', '《女神》', '之', '作者', '的', '信', '讲', '得', '对', '：', '“', '对', '其', '说', '你', '有', '诗', '才', '，', '无', '宁', '说', '你', '有', '诗', '魂', '，', '因为', '你', '的', '诗首', '首都', '是', '你', '的', '血', '，', '你', '的', '泪', '，', '你', '的', '自叙传', '，', '你', '的', '忏悔录', '啊', '！', '”']",闻一多传.txt
Ni,BOOK,"(4, 5)","(7, 8)",北社,《新诗年选》,"['奇怪', '的', '很', '，', '北社', '编', '的', '《新诗年选》', '偏取', '了', '《死的引诱》', '作', '《女神》', '的', '代表', '之一', '。']",闻一多传.txt
Ni,BOOK,"(4, 5)","(10, 11)",北社,《死的引诱》,"['奇怪', '的', '很', '，', '北社', '编', '的', '《新诗年选》', '偏取', '了', '《死的引诱》', '作', '《女神》', '的', '代表', '之一', '。']",闻一多传.txt
BOOK,BOOK,"(7, 8)","(10, 11)",《新诗年选》,《死的引诱》,"['奇怪', '的', '很', '，', '北社', '编', '的', '《新诗年选》', '偏取', '了', '《死的引诱》', '作', '《女神》', '的', '代表', '之一', '。']",闻一多传.txt
BOOK,BOOK,"(7, 8)","(12, 13)",《新诗年选》,《女神》,"['奇怪', '的', '很', '，', '北社', '编', '的', '《新诗年选》', '偏取', '了', '《死的引诱》', '作', '《女神》', '的', '代表', '之一', '。']",闻一多传.txt
BOOK,BOOK,"(10, 11)","(12, 13)",《死的引诱》,《女神》,"['奇怪', '的', '很', '，', '北社', '编', '的', '《新诗年选》', '偏取', '了', '《死的引诱》', '作', '《女神》', '的', '代表', '之一', '。']",闻一多传.txt
BOOK,BOOK,"(1, 2)","(3, 4)",《序诗》,《女神》,"['——', '《序诗》', '假若', '《女神》', '里', '尽', '是', '《死的引诱》', '一', '类', '的', '东西', '，', '恐怕', '兄弟', '姊姊', '的', '心弦', '都', '被', '他', '割断', '，', '智光', '都', '被', '他', '扑灭', '了', '呢', '！']",闻一多传.txt
BOOK,BOOK,"(1, 2)","(7, 8)",《序诗》,《死的引诱》,"['——', '《序诗》', '假若', '《女神》', '里', '尽', '是', '《死的引诱》', '一', '类', '的', '东西', '，', '恐怕', '兄弟', '姊姊', '的', '心弦', '都', '被', '他', '割断', '，', '智光', '都', '被', '他', '扑灭', '了', '呢', '！']",闻一多传.txt
BOOK,BOOK,"(3, 4)","(7, 8)",《女神》,《死的引诱》,"['——', '《序诗》', '假若', '《女神》', '里', '尽', '是', '《死的引诱》', '一', '类', '的', '东西', '，', '恐怕', '兄弟', '姊姊', '的', '心弦', '都', '被', '他', '割断', '，', '智光', '都', '被', '他', '扑灭', '了', '呢', '！']",闻一多传.txt
Ns,Ns,"(6, 7)","(8, 9)",黄河,昆仑,"['那里', '是', '我们', '的', '大江', '，', '黄河', '，', '昆仑', '，', '泰山', '，', '洞庭', '，', '西子', '？']",闻一多传.txt
Ns,Ns,"(6, 7)","(10, 11)",黄河,泰山,"['那里', '是', '我们', '的', '大江', '，', '黄河', '，', '昆仑', '，', '泰山', '，', '洞庭', '，', '西子', '？']",闻一多传.txt
Ns,Ns,"(6, 7)","(12, 13)",黄河,洞庭,"['那里', '是', '我们', '的', '大江', '，', '黄河', '，', '昆仑', '，', '泰山', '，', '洞庭', '，', '西子', '？']",闻一多传.txt
Ns,Ns,"(8, 9)","(10, 11)",昆仑,泰山,"['那里', '是', '我们', '的', '大江', '，', '黄河', '，', '昆仑', '，', '泰山', '，', '洞庭', '，', '西子', '？']",闻一多传.txt
Ns,Ns,"(8, 9)","(12, 13)",昆仑,洞庭,"['那里', '是', '我们', '的', '大江', '，', '黄河', '，', '昆仑', '，', '泰山', '，', '洞庭', '，', '西子', '？']",闻一多传.txt
Ns,Ns,"(8, 9)","(14, 15)",昆仑,西子,"['那里', '是', '我们', '的', '大江', '，', '黄河', '，', '昆仑', '，', '泰山', '，', '洞庭', '，', '西子', '？']",闻一多传.txt
Ns,Ns,"(10, 11)","(12, 13)",泰山,洞庭,"['那里', '是', '我们', '的', '大江', '，', '黄河', '，', '昆仑', '，', '泰山', '，', '洞庭', '，', '西子', '？']",闻一多传.txt
Ns,Ns,"(10, 11)","(14, 15)",泰山,西子,"['那里', '是', '我们', '的', '大江', '，', '黄河', '，', '昆仑', '，', '泰山', '，', '洞庭', '，', '西子', '？']",闻一多传.txt
Ns,Ns,"(12, 13)","(14, 15)",洞庭,西子,"['那里', '是', '我们', '的', '大江', '，', '黄河', '，', '昆仑', '，', '泰山', '，', '洞庭', '，', '西子', '？']",闻一多传.txt
Nh,Nh,"(9, 10)","(11, 12)",李,杜,"['又', '那里', '是', '我们', '的', '《三百篇》', '，', '《楚骚》', '，', '李', '，', '杜', '，', '苏', '，', '陆', '？']",闻一多传.txt
Nh,BOOK,"(9, 10)","(5, 6)",李,《三百篇》,"['又', '那里', '是', '我们', '的', '《三百篇》', '，', '《楚骚》', '，', '李', '，', '杜', '，', '苏', '，', '陆', '？']",闻一多传.txt
Nh,BOOK,"(9, 10)","(7, 8)",李,《楚骚》,"['又', '那里', '是', '我们', '的', '《三百篇》', '，', '《楚骚》', '，', '李', '，', '杜', '，', '苏', '，', '陆', '？']",闻一多传.txt
Nh,BOOK,"(11, 12)","(5, 6)",杜,《三百篇》,"['又', '那里', '是', '我们', '的', '《三百篇》', '，', '《楚骚》', '，', '李', '，', '杜', '，', '苏', '，', '陆', '？']",闻一多传.txt
Nh,BOOK,"(11, 12)","(7, 8)",杜,《楚骚》,"['又', '那里', '是', '我们', '的', '《三百篇》', '，', '《楚骚》', '，', '李', '，', '杜', '，', '苏', '，', '陆', '？']",闻一多传.txt
BOOK,BOOK,"(5, 6)","(7, 8)",《三百篇》,《楚骚》,"['又', '那里', '是', '我们', '的', '《三百篇》', '，', '《楚骚》', '，', '李', '，', '杜', '，', '苏', '，', '陆', '？']",闻一多传.txt
Ns,Ns,"(6, 7)","(7, 8)",中,英,"['BOOKBOOK', '两', '首', '诗', '径直', '是', '中', '英', '合璧', '了', '。']",闻一多传.txt
Ns,BOOK,"(3, 4)","(9, 10)",日本,《女神》,"['所以', '我', '想', '日本', '的', '环境', '固', '应', '对', '《女神》', '之内', '空负', '一', '份', '责任', '，', '但', '此外', '定', '还有', '别的', '关系', '。']",闻一多传.txt
Ns,BOOK,"(10, 11)","(6, 7)",中国,《女神》,"['这个', '关系', '我', '疑心', '或', '就是', '《女神》', '之', '作者', '对于', '中国', '文化', '之', '隔膜', '。']",闻一多传.txt
Ns,Ns,"(17, 18)","(19, 20)",东京,横滨,"['受', '了', '西方', '的', '毒', '的', '上海', '其实', '又', '何异', '于', '受', '了', '西方', '的', '毒', '的', '东京', '，', '横滨', '，', '长崎', '，', '神户', '呢', '？']",闻一多传.txt
Ns,Ns,"(17, 18)","(21, 22)",东京,长崎,"['受', '了', '西方', '的', '毒', '的', '上海', '其实', '又', '何异', '于', '受', '了', '西方', '的', '毒', '的', '东京', '，', '横滨', '，', '长崎', '，', '神户', '呢', '？']",闻一多传.txt
Ns,Ns,"(19, 20)","(21, 22)",横滨,长崎,"['受', '了', '西方', '的', '毒', '的', '上海', '其实', '又', '何异', '于', '受', '了', '西方', '的', '毒', '的', '东京', '，', '横滨', '，', '长崎', '，', '神户', '呢', '？']",闻一多传.txt
Ns,BOOK,"(19, 20)","(15, 16)",中国,《女神》,"['但是', '这', '一', '段', '闲话', '是', '节外生枝', '，', '我', '的', '意', '是', '要', '把', '出', '《女神》', '的', '作者', '对于', '中国', '，', '只', '看见', '他', '的', '坏处', '，', '看', '不', '见', '他', '的', '好处', '。']",闻一多传.txt
Ns,BOOK,"(4, 5)","(0, 1)",中国,《女神》,"['《女神》', '之', '作者', '爱', '中国', '，', '只', '因', '他', '是', '他', '的', '祖国', '，', '因为', '是', '他', '的', '祖国', '，', '便', '有', '那', '种', '不', '能', '引', '他', '的', '敬爱', '的', '文化', '，', '他', '还是', '爱', '他', '。']",闻一多传.txt
BOOK,BOOK,"(0, 1)","(2, 3)",《棠棣之花》,《炉中煤》,"['《棠棣之花》', '，', '《炉中煤》', '，', '《晨安》', '，', '《浴海》', '，', '《黄浦江口》', '，', '都', '可以', '作证', '。']",闻一多传.txt
BOOK,BOOK,"(0, 1)","(4, 5)",《棠棣之花》,《晨安》,"['《棠棣之花》', '，', '《炉中煤》', '，', '《晨安》', '，', '《浴海》', '，', '《黄浦江口》', '，', '都', '可以', '作证', '。']",闻一多传.txt
BOOK,BOOK,"(0, 1)","(6, 7)",《棠棣之花》,《浴海》,"['《棠棣之花》', '，', '《炉中煤》', '，', '《晨安》', '，', '《浴海》', '，', '《黄浦江口》', '，', '都', '可以', '作证', '。']",闻一多传.txt
BOOK,BOOK,"(2, 3)","(4, 5)",《炉中煤》,《晨安》,"['《棠棣之花》', '，', '《炉中煤》', '，', '《晨安》', '，', '《浴海》', '，', '《黄浦江口》', '，', '都', '可以', '作证', '。']",闻一多传.txt
BOOK,BOOK,"(2, 3)","(6, 7)",《炉中煤》,《浴海》,"['《棠棣之花》', '，', '《炉中煤》', '，', '《晨安》', '，', '《浴海》', '，', '《黄浦江口》', '，', '都', '可以', '作证', '。']",闻一多传.txt
BOOK,BOOK,"(2, 3)","(8, 9)",《炉中煤》,《黄浦江口》,"['《棠棣之花》', '，', '《炉中煤》', '，', '《晨安》', '，', '《浴海》', '，', '《黄浦江口》', '，', '都', '可以', '作证', '。']",闻一多传.txt
BOOK,BOOK,"(4, 5)","(6, 7)",《晨安》,《浴海》,"['《棠棣之花》', '，', '《炉中煤》', '，', '《晨安》', '，', '《浴海》', '，', '《黄浦江口》', '，', '都', '可以', '作证', '。']",闻一多传.txt
BOOK,BOOK,"(4, 5)","(8, 9)",《晨安》,《黄浦江口》,"['《棠棣之花》', '，', '《炉中煤》', '，', '《晨安》', '，', '《浴海》', '，', '《黄浦江口》', '，', '都', '可以', '作证', '。']",闻一多传.txt
BOOK,BOOK,"(6, 7)","(8, 9)",《浴海》,《黄浦江口》,"['《棠棣之花》', '，', '《炉中煤》', '，', '《晨安》', '，', '《浴海》', '，', '《黄浦江口》', '，', '都', '可以', '作证', '。']",闻一多传.txt
Nh,Nh,"(8, 9)","(12, 13)",屈原,聂,"['再者', '他', '所', '歌讴', '的', '东方', '人物', '如', '屈原', '，', '聂政', '，', '聂', '，', '都', '带', '几', '分', '西人', '的', '色彩', '。']",闻一多传.txt
Ns,BOOK,"(8, 9)","(4, 5)",非特,《女神》,"['以上', '我', '所', '批评', '《女神》', '之', '处', '，', '非特', '《女神》', '为', '然', '，', '当今', '诗坛', '之', '名将', '莫不皆然', '，', '只是', '程度', '各', '有', '深', '浅', '罢了', '。']",闻一多传.txt
Ns,BOOK,"(8, 9)","(9, 10)",非特,《女神》,"['以上', '我', '所', '批评', '《女神》', '之', '处', '，', '非特', '《女神》', '为', '然', '，', '当今', '诗坛', '之', '名将', '莫不皆然', '，', '只是', '程度', '各', '有', '深', '浅', '罢了', '。']",闻一多传.txt
BOOK,BOOK,"(4, 5)","(9, 10)",《女神》,《女神》,"['以上', '我', '所', '批评', '《女神》', '之', '处', '，', '非特', '《女神》', '为', '然', '，', '当今', '诗坛', '之', '名将', '莫不皆然', '，', '只是', '程度', '各', '有', '深', '浅', '罢了', '。']",闻一多传.txt
Nh,BOOK,"(1, 2)","(8, 9)",梁实秋,《创造周报》,"['——', '梁实秋', '（', '原', '载', '1923年', '6月', '10日', '《创造周报》', '第5', '号', '）']",闻一多传.txt
BOOK,BOOK,"(6, 7)","(8, 9)",《晨报》,《诗镌》,"['（', '原', '载', '1926年', '4月', '1日', '《晨报》', '副刊', '《诗镌》', '第1', '号', '）']",闻一多传.txt
Ns,Ns,"(6, 7)","(13, 14)",希腊,美,"['但是', '现代', '的', '观念', '又', '同', '希腊', '的', '雕像', '所', '表现', '的', '女性', '美', '相符', '了', '。']",闻一多传.txt
Nh,BOOK,"(0, 1)","(1, 2)",葛德作,《浮士德》,"['葛德作', '《浮士德》', '也', '曾', '采用', '同类', '的', '手段', '，', '在', '他', '致', '席勒', '的', '信', '里', '并且', '提到', '了', '这', '一', '层', '。']",闻一多传.txt
Nh,Nh,"(1, 2)","(4, 5)",耶稣,耶稣,"['但是', '耶稣', '依然', '是', '耶稣', '基督', '，', '苏格拉提', '依然', '是', '苏格拉提', '。']",闻一多传.txt
Nh,Nh,"(1, 2)","(7, 8)",耶稣,苏格拉提,"['但是', '耶稣', '依然', '是', '耶稣', '基督', '，', '苏格拉提', '依然', '是', '苏格拉提', '。']",闻一多传.txt
Nh,Nh,"(4, 5)","(7, 8)",耶稣,苏格拉提,"['但是', '耶稣', '依然', '是', '耶稣', '基督', '，', '苏格拉提', '依然', '是', '苏格拉提', '。']",闻一多传.txt
Nh,Nh,"(4, 5)","(10, 11)",耶稣,苏格拉提,"['但是', '耶稣', '依然', '是', '耶稣', '基督', '，', '苏格拉提', '依然', '是', '苏格拉提', '。']",闻一多传.txt
Nh,Nh,"(7, 8)","(10, 11)",苏格拉提,苏格拉提,"['但是', '耶稣', '依然', '是', '耶稣', '基督', '，', '苏格拉提', '依然', '是', '苏格拉提', '。']",闻一多传.txt
BOOK,BOOK,"(1, 2)","(8, 9)",《采莲曲》,《昭君出塞》,"['例如', '《采莲曲》', '的', '格式', '决不能', '用', '来', '写', '《昭君出塞》', '，', '《铁道行》', '的', '格式', '决不能', '用', '来', '写', '《最后的坚决》', '，', '《三月十八日》', '的', '格式', '决不能', '用', '来', '写', '《寻找》', '。']",闻一多传.txt
BOOK,BOOK,"(8, 9)","(10, 11)",《昭君出塞》,《铁道行》,"['例如', '《采莲曲》', '的', '格式', '决不能', '用', '来', '写', '《昭君出塞》', '，', '《铁道行》', '的', '格式', '决不能', '用', '来', '写', '《最后的坚决》', '，', '《三月十八日》', '的', '格式', '决不能', '用', '来', '写', '《寻找》', '。']",闻一多传.txt
BOOK,BOOK,"(10, 11)","(17, 18)",《铁道行》,《最后的坚决》,"['例如', '《采莲曲》', '的', '格式', '决不能', '用', '来', '写', '《昭君出塞》', '，', '《铁道行》', '的', '格式', '决不能', '用', '来', '写', '《最后的坚决》', '，', '《三月十八日》', '的', '格式', '决不能', '用', '来', '写', '《寻找》', '。']",闻一多传.txt
BOOK,BOOK,"(17, 18)","(19, 20)",《最后的坚决》,《三月十八日》,"['例如', '《采莲曲》', '的', '格式', '决不能', '用', '来', '写', '《昭君出塞》', '，', '《铁道行》', '的', '格式', '决不能', '用', '来', '写', '《最后的坚决》', '，', '《三月十八日》', '的', '格式', '决不能', '用', '来', '写', '《寻找》', '。']",闻一多传.txt
BOOK,BOOK,"(19, 20)","(26, 27)",《三月十八日》,《寻找》,"['例如', '《采莲曲》', '的', '格式', '决不能', '用', '来', '写', '《昭君出塞》', '，', '《铁道行》', '的', '格式', '决不能', '用', '来', '写', '《最后的坚决》', '，', '《三月十八日》', '的', '格式', '决不能', '用', '来', '写', '《寻找》', '。']",闻一多传.txt
BOOK,BOOK,"(6, 7)","(8, 9)",《晨报》,《诗镌》,"['（', '原', '裁', '1926年', '5月', '13日', '《晨报》', '副刊', '《诗镌》', '第7', '号', '）']",闻一多传.txt
BOOK,BOOK,"(12, 13)","(14, 15)",《难民》,《老哥哥》,"['所以', '，', '克家', '的', '最', '有', '意义', '的', '诗', '，', '虽', '是', '《难民》', '，', '《老哥哥》', '，', '《炭鬼》', '，', '《神女》', '，', '《贩鱼郎》', '，', '《老马》', '，', '《当炉女》', '，', '《洋车夫》', '，', '《歇午工》', '，', '以至', '《不久有那么一天》', '和', '《天火》', '等', '篇', '，', '但是', '若', '没有', '《烙印》', '和', '《生活》', '一', '类', '的', '作品', '作', '基础', '，', '前面', '那些', '诗', '的', '意义', '便', '单薄', '了', '，', '甚至', '虚伪', '了', '。']",闻一多传.txt
BOOK,BOOK,"(12, 13)","(16, 17)",《难民》,《炭鬼》,"['所以', '，', '克家', '的', '最', '有', '意义', '的', '诗', '，', '虽', '是', '《难民》', '，', '《老哥哥》', '，', '《炭鬼》', '，', '《神女》', '，', '《贩鱼郎》', '，', '《老马》', '，', '《当炉女》', '，', '《洋车夫》', '，', '《歇午工》', '，', '以至', '《不久有那么一天》', '和', '《天火》', '等', '篇', '，', '但是', '若', '没有', '《烙印》', '和', '《生活》', '一', '类', '的', '作品', '作', '基础', '，', '前面', '那些', '诗', '的', '意义', '便', '单薄', '了', '，', '甚至', '虚伪', '了', '。']",闻一多传.txt
BOOK,BOOK,"(12, 13)","(18, 19)",《难民》,《神女》,"['所以', '，', '克家', '的', '最', '有', '意义', '的', '诗', '，', '虽', '是', '《难民》', '，', '《老哥哥》', '，', '《炭鬼》', '，', '《神女》', '，', '《贩鱼郎》', '，', '《老马》', '，', '《当炉女》', '，', '《洋车夫》', '，', '《歇午工》', '，', '以至', '《不久有那么一天》', '和', '《天火》', '等', '篇', '，', '但是', '若', '没有', '《烙印》', '和', '《生活》', '一', '类', '的', '作品', '作', '基础', '，', '前面', '那些', '诗', '的', '意义', '便', '单薄', '了', '，', '甚至', '虚伪', '了', '。']",闻一多传.txt
BOOK,BOOK,"(14, 15)","(16, 17)",《老哥哥》,《炭鬼》,"['所以', '，', '克家', '的', '最', '有', '意义', '的', '诗', '，', '虽', '是', '《难民》', '，', '《老哥哥》', '，', '《炭鬼》', '，', '《神女》', '，', '《贩鱼郎》', '，', '《老马》', '，', '《当炉女》', '，', '《洋车夫》', '，', '《歇午工》', '，', '以至', '《不久有那么一天》', '和', '《天火》', '等', '篇', '，', '但是', '若', '没有', '《烙印》', '和', '《生活》', '一', '类', '的', '作品', '作', '基础', '，', '前面', '那些', '诗', '的', '意义', '便', '单薄', '了', '，', '甚至', '虚伪', '了', '。']",闻一多传.txt
BOOK,BOOK,"(14, 15)","(18, 19)",《老哥哥》,《神女》,"['所以', '，', '克家', '的', '最', '有', '意义', '的', '诗', '，', '虽', '是', '《难民》', '，', '《老哥哥》', '，', '《炭鬼》', '，', '《神女》', '，', '《贩鱼郎》', '，', '《老马》', '，', '《当炉女》', '，', '《洋车夫》', '，', '《歇午工》', '，', '以至', '《不久有那么一天》', '和', '《天火》', '等', '篇', '，', '但是', '若', '没有', '《烙印》', '和', '《生活》', '一', '类', '的', '作品', '作', '基础', '，', '前面', '那些', '诗', '的', '意义', '便', '单薄', '了', '，', '甚至', '虚伪', '了', '。']",闻一多传.txt
BOOK,BOOK,"(14, 15)","(20, 21)",《老哥哥》,《贩鱼郎》,"['所以', '，', '克家', '的', '最', '有', '意义', '的', '诗', '，', '虽', '是', '《难民》', '，', '《老哥哥》', '，', '《炭鬼》', '，', '《神女》', '，', '《贩鱼郎》', '，', '《老马》', '，', '《当炉女》', '，', '《洋车夫》', '，', '《歇午工》', '，', '以至', '《不久有那么一天》', '和', '《天火》', '等', '篇', '，', '但是', '若', '没有', '《烙印》', '和', '《生活》', '一', '类', '的', '作品', '作', '基础', '，', '前面', '那些', '诗', '的', '意义', '便', '单薄', '了', '，', '甚至', '虚伪', '了', '。']",闻一多传.txt
BOOK,BOOK,"(16, 17)","(18, 19)",《炭鬼》,《神女》,"['所以', '，', '克家', '的', '最', '有', '意义', '的', '诗', '，', '虽', '是', '《难民》', '，', '《老哥哥》', '，', '《炭鬼》', '，', '《神女》', '，', '《贩鱼郎》', '，', '《老马》', '，', '《当炉女》', '，', '《洋车夫》', '，', '《歇午工》', '，', '以至', '《不久有那么一天》', '和', '《天火》', '等', '篇', '，', '但是', '若', '没有', '《烙印》', '和', '《生活》', '一', '类', '的', '作品', '作', '基础', '，', '前面', '那些', '诗', '的', '意义', '便', '单薄', '了', '，', '甚至', '虚伪', '了', '。']",闻一多传.txt
BOOK,BOOK,"(16, 17)","(20, 21)",《炭鬼》,《贩鱼郎》,"['所以', '，', '克家', '的', '最', '有', '意义', '的', '诗', '，', '虽', '是', '《难民》', '，', '《老哥哥》', '，', '《炭鬼》', '，', '《神女》', '，', '《贩鱼郎》', '，', '《老马》', '，', '《当炉女》', '，', '《洋车夫》', '，', '《歇午工》', '，', '以至', '《不久有那么一天》', '和', '《天火》', '等', '篇', '，', '但是', '若', '没有', '《烙印》', '和', '《生活》', '一', '类', '的', '作品', '作', '基础', '，', '前面', '那些', '诗', '的', '意义', '便', '单薄', '了', '，', '甚至', '虚伪', '了', '。']",闻一多传.txt
BOOK,BOOK,"(16, 17)","(22, 23)",《炭鬼》,《老马》,"['所以', '，', '克家', '的', '最', '有', '意义', '的', '诗', '，', '虽', '是', '《难民》', '，', '《老哥哥》', '，', '《炭鬼》', '，', '《神女》', '，', '《贩鱼郎》', '，', '《老马》', '，', '《当炉女》', '，', '《洋车夫》', '，', '《歇午工》', '，', '以至', '《不久有那么一天》', '和', '《天火》', '等', '篇', '，', '但是', '若', '没有', '《烙印》', '和', '《生活》', '一', '类', '的', '作品', '作', '基础', '，', '前面', '那些', '诗', '的', '意义', '便', '单薄', '了', '，', '甚至', '虚伪', '了', '。']",闻一多传.txt
BOOK,BOOK,"(18, 19)","(20, 21)",《神女》,《贩鱼郎》,"['所以', '，', '克家', '的', '最', '有', '意义', '的', '诗', '，', '虽', '是', '《难民》', '，', '《老哥哥》', '，', '《炭鬼》', '，', '《神女》', '，', '《贩鱼郎》', '，', '《老马》', '，', '《当炉女》', '，', '《洋车夫》', '，', '《歇午工》', '，', '以至', '《不久有那么一天》', '和', '《天火》', '等', '篇', '，', '但是', '若', '没有', '《烙印》', '和', '《生活》', '一', '类', '的', '作品', '作', '基础', '，', '前面', '那些', '诗', '的', '意义', '便', '单薄', '了', '，', '甚至', '虚伪', '了', '。']",闻一多传.txt
BOOK,BOOK,"(18, 19)","(22, 23)",《神女》,《老马》,"['所以', '，', '克家', '的', '最', '有', '意义', '的', '诗', '，', '虽', '是', '《难民》', '，', '《老哥哥》', '，', '《炭鬼》', '，', '《神女》', '，', '《贩鱼郎》', '，', '《老马》', '，', '《当炉女》', '，', '《洋车夫》', '，', '《歇午工》', '，', '以至', '《不久有那么一天》', '和', '《天火》', '等', '篇', '，', '但是', '若', '没有', '《烙印》', '和', '《生活》', '一', '类', '的', '作品', '作', '基础', '，', '前面', '那些', '诗', '的', '意义', '便', '单薄', '了', '，', '甚至', '虚伪', '了', '。']",闻一多传.txt
BOOK,BOOK,"(18, 19)","(24, 25)",《神女》,《当炉女》,"['所以', '，', '克家', '的', '最', '有', '意义', '的', '诗', '，', '虽', '是', '《难民》', '，', '《老哥哥》', '，', '《炭鬼》', '，', '《神女》', '，', '《贩鱼郎》', '，', '《老马》', '，', '《当炉女》', '，', '《洋车夫》', '，', '《歇午工》', '，', '以至', '《不久有那么一天》', '和', '《天火》', '等', '篇', '，', '但是', '若', '没有', '《烙印》', '和', '《生活》', '一', '类', '的', '作品', '作', '基础', '，', '前面', '那些', '诗', '的', '意义', '便', '单薄', '了', '，', '甚至', '虚伪', '了', '。']",闻一多传.txt
BOOK,BOOK,"(20, 21)","(22, 23)",《贩鱼郎》,《老马》,"['所以', '，', '克家', '的', '最', '有', '意义', '的', '诗', '，', '虽', '是', '《难民》', '，', '《老哥哥》', '，', '《炭鬼》', '，', '《神女》', '，', '《贩鱼郎》', '，', '《老马》', '，', '《当炉女》', '，', '《洋车夫》', '，', '《歇午工》', '，', '以至', '《不久有那么一天》', '和', '《天火》', '等', '篇', '，', '但是', '若', '没有', '《烙印》', '和', '《生活》', '一', '类', '的', '作品', '作', '基础', '，', '前面', '那些', '诗', '的', '意义', '便', '单薄', '了', '，', '甚至', '虚伪', '了', '。']",闻一多传.txt
BOOK,BOOK,"(20, 21)","(24, 25)",《贩鱼郎》,《当炉女》,"['所以', '，', '克家', '的', '最', '有', '意义', '的', '诗', '，', '虽', '是', '《难民》', '，', '《老哥哥》', '，', '《炭鬼》', '，', '《神女》', '，', '《贩鱼郎》', '，', '《老马》', '，', '《当炉女》', '，', '《洋车夫》', '，', '《歇午工》', '，', '以至', '《不久有那么一天》', '和', '《天火》', '等', '篇', '，', '但是', '若', '没有', '《烙印》', '和', '《生活》', '一', '类', '的', '作品', '作', '基础', '，', '前面', '那些', '诗', '的', '意义', '便', '单薄', '了', '，', '甚至', '虚伪', '了', '。']",闻一多传.txt
BOOK,BOOK,"(20, 21)","(26, 27)",《贩鱼郎》,《洋车夫》,"['所以', '，', '克家', '的', '最', '有', '意义', '的', '诗', '，', '虽', '是', '《难民》', '，', '《老哥哥》', '，', '《炭鬼》', '，', '《神女》', '，', '《贩鱼郎》', '，', '《老马》', '，', '《当炉女》', '，', '《洋车夫》', '，', '《歇午工》', '，', '以至', '《不久有那么一天》', '和', '《天火》', '等', '篇', '，', '但是', '若', '没有', '《烙印》', '和', '《生活》', '一', '类', '的', '作品', '作', '基础', '，', '前面', '那些', '诗', '的', '意义', '便', '单薄', '了', '，', '甚至', '虚伪', '了', '。']",闻一多传.txt
BOOK,BOOK,"(22, 23)","(24, 25)",《老马》,《当炉女》,"['所以', '，', '克家', '的', '最', '有', '意义', '的', '诗', '，', '虽', '是', '《难民》', '，', '《老哥哥》', '，', '《炭鬼》', '，', '《神女》', '，', '《贩鱼郎》', '，', '《老马》', '，', '《当炉女》', '，', '《洋车夫》', '，', '《歇午工》', '，', '以至', '《不久有那么一天》', '和', '《天火》', '等', '篇', '，', '但是', '若', '没有', '《烙印》', '和', '《生活》', '一', '类', '的', '作品', '作', '基础', '，', '前面', '那些', '诗', '的', '意义', '便', '单薄', '了', '，', '甚至', '虚伪', '了', '。']",闻一多传.txt
BOOK,BOOK,"(22, 23)","(26, 27)",《老马》,《洋车夫》,"['所以', '，', '克家', '的', '最', '有', '意义', '的', '诗', '，', '虽', '是', '《难民》', '，', '《老哥哥》', '，', '《炭鬼》', '，', '《神女》', '，', '《贩鱼郎》', '，', '《老马》', '，', '《当炉女》', '，', '《洋车夫》', '，', '《歇午工》', '，', '以至', '《不久有那么一天》', '和', '《天火》', '等', '篇', '，', '但是', '若', '没有', '《烙印》', '和', '《生活》', '一', '类', '的', '作品', '作', '基础', '，', '前面', '那些', '诗', '的', '意义', '便', '单薄', '了', '，', '甚至', '虚伪', '了', '。']",闻一多传.txt
BOOK,BOOK,"(22, 23)","(28, 29)",《老马》,《歇午工》,"['所以', '，', '克家', '的', '最', '有', '意义', '的', '诗', '，', '虽', '是', '《难民》', '，', '《老哥哥》', '，', '《炭鬼》', '，', '《神女》', '，', '《贩鱼郎》', '，', '《老马》', '，', '《当炉女》', '，', '《洋车夫》', '，', '《歇午工》', '，', '以至', '《不久有那么一天》', '和', '《天火》', '等', '篇', '，', '但是', '若', '没有', '《烙印》', '和', '《生活》', '一', '类', '的', '作品', '作', '基础', '，', '前面', '那些', '诗', '的', '意义', '便', '单薄', '了', '，', '甚至', '虚伪', '了', '。']",闻一多传.txt
BOOK,BOOK,"(24, 25)","(26, 27)",《当炉女》,《洋车夫》,"['所以', '，', '克家', '的', '最', '有', '意义', '的', '诗', '，', '虽', '是', '《难民》', '，', '《老哥哥》', '，', '《炭鬼》', '，', '《神女》', '，', '《贩鱼郎》', '，', '《老马》', '，', '《当炉女》', '，', '《洋车夫》', '，', '《歇午工》', '，', '以至', '《不久有那么一天》', '和', '《天火》', '等', '篇', '，', '但是', '若', '没有', '《烙印》', '和', '《生活》', '一', '类', '的', '作品', '作', '基础', '，', '前面', '那些', '诗', '的', '意义', '便', '单薄', '了', '，', '甚至', '虚伪', '了', '。']",闻一多传.txt
BOOK,BOOK,"(24, 25)","(28, 29)",《当炉女》,《歇午工》,"['所以', '，', '克家', '的', '最', '有', '意义', '的', '诗', '，', '虽', '是', '《难民》', '，', '《老哥哥》', '，', '《炭鬼》', '，', '《神女》', '，', '《贩鱼郎》', '，', '《老马》', '，', '《当炉女》', '，', '《洋车夫》', '，', '《歇午工》', '，', '以至', '《不久有那么一天》', '和', '《天火》', '等', '篇', '，', '但是', '若', '没有', '《烙印》', '和', '《生活》', '一', '类', '的', '作品', '作', '基础', '，', '前面', '那些', '诗', '的', '意义', '便', '单薄', '了', '，', '甚至', '虚伪', '了', '。']",闻一多传.txt
BOOK,BOOK,"(24, 25)","(31, 32)",《当炉女》,《不久有那么一天》,"['所以', '，', '克家', '的', '最', '有', '意义', '的', '诗', '，', '虽', '是', '《难民》', '，', '《老哥哥》', '，', '《炭鬼》', '，', '《神女》', '，', '《贩鱼郎》', '，', '《老马》', '，', '《当炉女》', '，', '《洋车夫》', '，', '《歇午工》', '，', '以至', '《不久有那么一天》', '和', '《天火》', '等', '篇', '，', '但是', '若', '没有', '《烙印》', '和', '《生活》', '一', '类', '的', '作品', '作', '基础', '，', '前面', '那些', '诗', '的', '意义', '便', '单薄', '了', '，', '甚至', '虚伪', '了', '。']",闻一多传.txt
BOOK,BOOK,"(26, 27)","(28, 29)",《洋车夫》,《歇午工》,"['所以', '，', '克家', '的', '最', '有', '意义', '的', '诗', '，', '虽', '是', '《难民》', '，', '《老哥哥》', '，', '《炭鬼》', '，', '《神女》', '，', '《贩鱼郎》', '，', '《老马》', '，', '《当炉女》', '，', '《洋车夫》', '，', '《歇午工》', '，', '以至', '《不久有那么一天》', '和', '《天火》', '等', '篇', '，', '但是', '若', '没有', '《烙印》', '和', '《生活》', '一', '类', '的', '作品', '作', '基础', '，', '前面', '那些', '诗', '的', '意义', '便', '单薄', '了', '，', '甚至', '虚伪', '了', '。']",闻一多传.txt
BOOK,BOOK,"(26, 27)","(31, 32)",《洋车夫》,《不久有那么一天》,"['所以', '，', '克家', '的', '最', '有', '意义', '的', '诗', '，', '虽', '是', '《难民》', '，', '《老哥哥》', '，', '《炭鬼》', '，', '《神女》', '，', '《贩鱼郎》', '，', '《老马》', '，', '《当炉女》', '，', '《洋车夫》', '，', '《歇午工》', '，', '以至', '《不久有那么一天》', '和', '《天火》', '等', '篇', '，', '但是', '若', '没有', '《烙印》', '和', '《生活》', '一', '类', '的', '作品', '作', '基础', '，', '前面', '那些', '诗', '的', '意义', '便', '单薄', '了', '，', '甚至', '虚伪', '了', '。']",闻一多传.txt
BOOK,BOOK,"(26, 27)","(33, 34)",《洋车夫》,《天火》,"['所以', '，', '克家', '的', '最', '有', '意义', '的', '诗', '，', '虽', '是', '《难民》', '，', '《老哥哥》', '，', '《炭鬼》', '，', '《神女》', '，', '《贩鱼郎》', '，', '《老马》', '，', '《当炉女》', '，', '《洋车夫》', '，', '《歇午工》', '，', '以至', '《不久有那么一天》', '和', '《天火》', '等', '篇', '，', '但是', '若', '没有', '《烙印》', '和', '《生活》', '一', '类', '的', '作品', '作', '基础', '，', '前面', '那些', '诗', '的', '意义', '便', '单薄', '了', '，', '甚至', '虚伪', '了', '。']",闻一多传.txt
BOOK,BOOK,"(28, 29)","(31, 32)",《歇午工》,《不久有那么一天》,"['所以', '，', '克家', '的', '最', '有', '意义', '的', '诗', '，', '虽', '是', '《难民》', '，', '《老哥哥》', '，', '《炭鬼》', '，', '《神女》', '，', '《贩鱼郎》', '，', '《老马》', '，', '《当炉女》', '，', '《洋车夫》', '，', '《歇午工》', '，', '以至', '《不久有那么一天》', '和', '《天火》', '等', '篇', '，', '但是', '若', '没有', '《烙印》', '和', '《生活》', '一', '类', '的', '作品', '作', '基础', '，', '前面', '那些', '诗', '的', '意义', '便', '单薄', '了', '，', '甚至', '虚伪', '了', '。']",闻一多传.txt
BOOK,BOOK,"(28, 29)","(33, 34)",《歇午工》,《天火》,"['所以', '，', '克家', '的', '最', '有', '意义', '的', '诗', '，', '虽', '是', '《难民》', '，', '《老哥哥》', '，', '《炭鬼》', '，', '《神女》', '，', '《贩鱼郎》', '，', '《老马》', '，', '《当炉女》', '，', '《洋车夫》', '，', '《歇午工》', '，', '以至', '《不久有那么一天》', '和', '《天火》', '等', '篇', '，', '但是', '若', '没有', '《烙印》', '和', '《生活》', '一', '类', '的', '作品', '作', '基础', '，', '前面', '那些', '诗', '的', '意义', '便', '单薄', '了', '，', '甚至', '虚伪', '了', '。']",闻一多传.txt
BOOK,BOOK,"(31, 32)","(33, 34)",《不久有那么一天》,《天火》,"['所以', '，', '克家', '的', '最', '有', '意义', '的', '诗', '，', '虽', '是', '《难民》', '，', '《老哥哥》', '，', '《炭鬼》', '，', '《神女》', '，', '《贩鱼郎》', '，', '《老马》', '，', '《当炉女》', '，', '《洋车夫》', '，', '《歇午工》', '，', '以至', '《不久有那么一天》', '和', '《天火》', '等', '篇', '，', '但是', '若', '没有', '《烙印》', '和', '《生活》', '一', '类', '的', '作品', '作', '基础', '，', '前面', '那些', '诗', '的', '意义', '便', '单薄', '了', '，', '甚至', '虚伪', '了', '。']",闻一多传.txt
BOOK,BOOK,"(33, 34)","(40, 41)",《天火》,《烙印》,"['所以', '，', '克家', '的', '最', '有', '意义', '的', '诗', '，', '虽', '是', '《难民》', '，', '《老哥哥》', '，', '《炭鬼》', '，', '《神女》', '，', '《贩鱼郎》', '，', '《老马》', '，', '《当炉女》', '，', '《洋车夫》', '，', '《歇午工》', '，', '以至', '《不久有那么一天》', '和', '《天火》', '等', '篇', '，', '但是', '若', '没有', '《烙印》', '和', '《生活》', '一', '类', '的', '作品', '作', '基础', '，', '前面', '那些', '诗', '的', '意义', '便', '单薄', '了', '，', '甚至', '虚伪', '了', '。']",闻一多传.txt
BOOK,BOOK,"(40, 41)","(42, 43)",《烙印》,《生活》,"['所以', '，', '克家', '的', '最', '有', '意义', '的', '诗', '，', '虽', '是', '《难民》', '，', '《老哥哥》', '，', '《炭鬼》', '，', '《神女》', '，', '《贩鱼郎》', '，', '《老马》', '，', '《当炉女》', '，', '《洋车夫》', '，', '《歇午工》', '，', '以至', '《不久有那么一天》', '和', '《天火》', '等', '篇', '，', '但是', '若', '没有', '《烙印》', '和', '《生活》', '一', '类', '的', '作品', '作', '基础', '，', '前面', '那些', '诗', '的', '意义', '便', '单薄', '了', '，', '甚至', '虚伪', '了', '。']",闻一多传.txt
BOOK,BOOK,"(14, 15)","(16, 17)",《烙印》,《生活》,"['读克家', '的', '诗', '，', '这种', '疑问', '永不', '会', '发生', '，', '为', '的', '是', '有', '《烙印》', '和', '《生活》', '一', '类', '的', '诗', '给', '我们', '担保', '了', '。']",闻一多传.txt
Nh,Nh,"(2, 3)","(4, 5)",苏轼,苏轼,"['即', '令', '苏轼', '和', '苏轼', '的', '传统', '有', '优先权', '占用', '“', '诗', '”', '字', '，', '好', '了', '，', '让', '苏轼', '去', '他', '的', '，', '带', '着', '他', '的', '诗', '去', '！']",闻一多传.txt
Nh,Nh,"(1, 2)","(5, 6)",苏轼,苏轼,"['至于', '苏轼', '的', '丰姿', '，', '苏轼', '的', '天才', '，', '如果', '有人', '不', '明白', '那', '都', '是', '笑话', '，', '是', '罪孽', '，', '早晚', '他', '自然', '明白', '了', '。']",闻一多传.txt
Nh,Nh,"(4, 5)","(8, 9)",闻一多谨识,臧克家,"['民国', '二十二', '年', '七月', '闻一多谨识', '（', '曾', '收入', '臧克家', '《烙印》', '，', '1934年', '3月', '，', '开明', '书店', '）']",闻一多传.txt
Nh,BOOK,"(4, 5)","(9, 10)",闻一多谨识,《烙印》,"['民国', '二十二', '年', '七月', '闻一多谨识', '（', '曾', '收入', '臧克家', '《烙印》', '，', '1934年', '3月', '，', '开明', '书店', '）']",闻一多传.txt
Nh,BOOK,"(8, 9)","(9, 10)",臧克家,《烙印》,"['民国', '二十二', '年', '七月', '闻一多谨识', '（', '曾', '收入', '臧克家', '《烙印》', '，', '1934年', '3月', '，', '开明', '书店', '）']",闻一多传.txt
Ns,Ns,"(6, 7)","(8, 9)",长沙,昆明,"['正在', '去年', '这时候', '，', '学校', '由', '长沙', '迁', '昆明', '，', '我们', '一部分', '人', '组织', '了', '一个', '湘黔滇', '旅行团', '，', '徒步西', '来', '，', '沿途', '分门别类', '收集', '了', '不少', '材料', '。']",闻一多传.txt
Ns,Nh,"(1, 2)","(4, 5)",盘县,东山大松林,"['（', '盘县', '）', '火烧', '东山大松林', '，', '姑爷', '告', '上', '丈人门', '，', '叫', '你', '姑娘', '快', '长大', '，', '我们', '没有', '看家人', '。']",闻一多传.txt
Nh,Nh,"(1, 2)","(3, 4)",宣威,马摆,"['（', '宣威', '）', '马摆', '高山', '高', '又', '高', '，', '打', '把', '火钳', '插', '在', '腰', '，', '那', '家', '姑娘', '不', '嫁', '我', '，', '关', '起', '四', '门', '放', '火烧', '。']",闻一多传.txt
Nh,Ns,"(9, 10)","(15, 16)",曾收入,上海,"['民国', '二十八年', '三月', '五日', '闻', '一', '多', '序', '（', '曾收入', '《西南采风录》', '，', '1946年', '12月', '，', '上海', '，', '商务', '印书馆', '）', '时代', '的', '鼓手', '——', '读', '田间', '的', '诗鼓', '——', '这种', '韵律', '的', '乐器', '，', '是', '一切', '乐器', '的', '祖宗', '，', '也', '是', '一切', '乐器', '中', '之', '王', '。']",闻一多传.txt
Nh,BOOK,"(9, 10)","(10, 11)",曾收入,《西南采风录》,"['民国', '二十八年', '三月', '五日', '闻', '一', '多', '序', '（', '曾收入', '《西南采风录》', '，', '1946年', '12月', '，', '上海', '，', '商务', '印书馆', '）', '时代', '的', '鼓手', '——', '读', '田间', '的', '诗鼓', '——', '这种', '韵律', '的', '乐器', '，', '是', '一切', '乐器', '的', '祖宗', '，', '也', '是', '一切', '乐器', '中', '之', '王', '。']",闻一多传.txt
Ns,BOOK,"(15, 16)","(10, 11)",上海,《西南采风录》,"['民国', '二十八年', '三月', '五日', '闻', '一', '多', '序', '（', '曾收入', '《西南采风录》', '，', '1946年', '12月', '，', '上海', '，', '商务', '印书馆', '）', '时代', '的', '鼓手', '——', '读', '田间', '的', '诗鼓', '——', '这种', '韵律', '的', '乐器', '，', '是', '一切', '乐器', '的', '祖宗', '，', '也', '是', '一切', '乐器', '中', '之', '王', '。']",闻一多传.txt
Nh,BOOK,"(44, 45)","(46, 47)",RobertLindsey,《刚果》,"['这', '是', '鞍', '之', '战', '中', '晋解', '张', '用', '他', '那', '流', '着', '鲜血', '的', '手', '，', '抢', '过', '主帅', '手中', '的', '槌来擂', '出', '的', '鼓声', '，', '是', '弥衡', '那', '喷', '着', '怒火', '的', '“', '渔阳', '掺挝', '”', '，', '甚至', '是', '，', '如', '诗人', 'RobertLindsey', '在', '《刚果》', '中', '，', '剧作家', 'EugeneO', '’', 'Neil', '在', '《琼斯皇帝》', '中', '所', '描写', '的', '，', '那', '非洲', '土人', '的', '原始', '的', '鼓', '，', '疯狂', '，', '野蛮', '，', '爆炸', '着', '生命', '的', '热', '与', '力', '。']",闻一多传.txt
Nh,BOOK,"(52, 53)","(46, 47)",Neil,《刚果》,"['这', '是', '鞍', '之', '战', '中', '晋解', '张', '用', '他', '那', '流', '着', '鲜血', '的', '手', '，', '抢', '过', '主帅', '手中', '的', '槌来擂', '出', '的', '鼓声', '，', '是', '弥衡', '那', '喷', '着', '怒火', '的', '“', '渔阳', '掺挝', '”', '，', '甚至', '是', '，', '如', '诗人', 'RobertLindsey', '在', '《刚果》', '中', '，', '剧作家', 'EugeneO', '’', 'Neil', '在', '《琼斯皇帝》', '中', '所', '描写', '的', '，', '那', '非洲', '土人', '的', '原始', '的', '鼓', '，', '疯狂', '，', '野蛮', '，', '爆炸', '着', '生命', '的', '热', '与', '力', '。']",闻一多传.txt
Nh,BOOK,"(52, 53)","(54, 55)",Neil,《琼斯皇帝》,"['这', '是', '鞍', '之', '战', '中', '晋解', '张', '用', '他', '那', '流', '着', '鲜血', '的', '手', '，', '抢', '过', '主帅', '手中', '的', '槌来擂', '出', '的', '鼓声', '，', '是', '弥衡', '那', '喷', '着', '怒火', '的', '“', '渔阳', '掺挝', '”', '，', '甚至', '是', '，', '如', '诗人', 'RobertLindsey', '在', '《刚果》', '中', '，', '剧作家', 'EugeneO', '’', 'Neil', '在', '《琼斯皇帝》', '中', '所', '描写', '的', '，', '那', '非洲', '土人', '的', '原始', '的', '鼓', '，', '疯狂', '，', '野蛮', '，', '爆炸', '着', '生命', '的', '热', '与', '力', '。']",闻一多传.txt
Ns,BOOK,"(61, 62)","(54, 55)",非洲,《琼斯皇帝》,"['这', '是', '鞍', '之', '战', '中', '晋解', '张', '用', '他', '那', '流', '着', '鲜血', '的', '手', '，', '抢', '过', '主帅', '手中', '的', '槌来擂', '出', '的', '鼓声', '，', '是', '弥衡', '那', '喷', '着', '怒火', '的', '“', '渔阳', '掺挝', '”', '，', '甚至', '是', '，', '如', '诗人', 'RobertLindsey', '在', '《刚果》', '中', '，', '剧作家', 'EugeneO', '’', 'Neil', '在', '《琼斯皇帝》', '中', '所', '描写', '的', '，', '那', '非洲', '土人', '的', '原始', '的', '鼓', '，', '疯狂', '，', '野蛮', '，', '爆炸', '着', '生命', '的', '热', '与', '力', '。']",闻一多传.txt
Nh,Nh,"(44, 45)","(46, 47)",冯至,朱自清,"['地点', '——', '联大', '文艺', '晚会', '（', '在', '新', '校舍', '图书馆', '前', '草地', '上', '）', '时间', '——', '三十三年', '五月', '八日', '晚', '“', '今天', '晚上', '在场', '发言', '的', '，', '建设', '新', '文艺', '的', '人物', '有', '八', '位', '教授', '，', '（', '记者', '按', '：', '八', '教授', '为', '冯至', '，', '朱自清', '，', '孙毓棠', '，', '沈从文', '，', '卞之琳', '，', '闻家驷', '，', '李广田', '，', '杨振声', '。']",闻一多传.txt
Nh,Nh,"(44, 45)","(48, 49)",冯至,孙毓棠,"['地点', '——', '联大', '文艺', '晚会', '（', '在', '新', '校舍', '图书馆', '前', '草地', '上', '）', '时间', '——', '三十三年', '五月', '八日', '晚', '“', '今天', '晚上', '在场', '发言', '的', '，', '建设', '新', '文艺', '的', '人物', '有', '八', '位', '教授', '，', '（', '记者', '按', '：', '八', '教授', '为', '冯至', '，', '朱自清', '，', '孙毓棠', '，', '沈从文', '，', '卞之琳', '，', '闻家驷', '，', '李广田', '，', '杨振声', '。']",闻一多传.txt
Nh,Nh,"(44, 45)","(50, 51)",冯至,沈从文,"['地点', '——', '联大', '文艺', '晚会', '（', '在', '新', '校舍', '图书馆', '前', '草地', '上', '）', '时间', '——', '三十三年', '五月', '八日', '晚', '“', '今天', '晚上', '在场', '发言', '的', '，', '建设', '新', '文艺', '的', '人物', '有', '八', '位', '教授', '，', '（', '记者', '按', '：', '八', '教授', '为', '冯至', '，', '朱自清', '，', '孙毓棠', '，', '沈从文', '，', '卞之琳', '，', '闻家驷', '，', '李广田', '，', '杨振声', '。']",闻一多传.txt
Nh,Nh,"(46, 47)","(48, 49)",朱自清,孙毓棠,"['地点', '——', '联大', '文艺', '晚会', '（', '在', '新', '校舍', '图书馆', '前', '草地', '上', '）', '时间', '——', '三十三年', '五月', '八日', '晚', '“', '今天', '晚上', '在场', '发言', '的', '，', '建设', '新', '文艺', '的', '人物', '有', '八', '位', '教授', '，', '（', '记者', '按', '：', '八', '教授', '为', '冯至', '，', '朱自清', '，', '孙毓棠', '，', '沈从文', '，', '卞之琳', '，', '闻家驷', '，', '李广田', '，', '杨振声', '。']",闻一多传.txt
Nh,Nh,"(46, 47)","(50, 51)",朱自清,沈从文,"['地点', '——', '联大', '文艺', '晚会', '（', '在', '新', '校舍', '图书馆', '前', '草地', '上', '）', '时间', '——', '三十三年', '五月', '八日', '晚', '“', '今天', '晚上', '在场', '发言', '的', '，', '建设', '新', '文艺', '的', '人物', '有', '八', '位', '教授', '，', '（', '记者', '按', '：', '八', '教授', '为', '冯至', '，', '朱自清', '，', '孙毓棠', '，', '沈从文', '，', '卞之琳', '，', '闻家驷', '，', '李广田', '，', '杨振声', '。']",闻一多传.txt
Nh,Nh,"(46, 47)","(52, 53)",朱自清,卞之琳,"['地点', '——', '联大', '文艺', '晚会', '（', '在', '新', '校舍', '图书馆', '前', '草地', '上', '）', '时间', '——', '三十三年', '五月', '八日', '晚', '“', '今天', '晚上', '在场', '发言', '的', '，', '建设', '新', '文艺', '的', '人物', '有', '八', '位', '教授', '，', '（', '记者', '按', '：', '八', '教授', '为', '冯至', '，', '朱自清', '，', '孙毓棠', '，', '沈从文', '，', '卞之琳', '，', '闻家驷', '，', '李广田', '，', '杨振声', '。']",闻一多传.txt
Nh,Nh,"(48, 49)","(50, 51)",孙毓棠,沈从文,"['地点', '——', '联大', '文艺', '晚会', '（', '在', '新', '校舍', '图书馆', '前', '草地', '上', '）', '时间', '——', '三十三年', '五月', '八日', '晚', '“', '今天', '晚上', '在场', '发言', '的', '，', '建设', '新', '文艺', '的', '人物', '有', '八', '位', '教授', '，', '（', '记者', '按', '：', '八', '教授', '为', '冯至', '，', '朱自清', '，', '孙毓棠', '，', '沈从文', '，', '卞之琳', '，', '闻家驷', '，', '李广田', '，', '杨振声', '。']",闻一多传.txt
Nh,Nh,"(48, 49)","(52, 53)",孙毓棠,卞之琳,"['地点', '——', '联大', '文艺', '晚会', '（', '在', '新', '校舍', '图书馆', '前', '草地', '上', '）', '时间', '——', '三十三年', '五月', '八日', '晚', '“', '今天', '晚上', '在场', '发言', '的', '，', '建设', '新', '文艺', '的', '人物', '有', '八', '位', '教授', '，', '（', '记者', '按', '：', '八', '教授', '为', '冯至', '，', '朱自清', '，', '孙毓棠', '，', '沈从文', '，', '卞之琳', '，', '闻家驷', '，', '李广田', '，', '杨振声', '。']",闻一多传.txt
Nh,Nh,"(50, 51)","(52, 53)",沈从文,卞之琳,"['地点', '——', '联大', '文艺', '晚会', '（', '在', '新', '校舍', '图书馆', '前', '草地', '上', '）', '时间', '——', '三十三年', '五月', '八日', '晚', '“', '今天', '晚上', '在场', '发言', '的', '，', '建设', '新', '文艺', '的', '人物', '有', '八', '位', '教授', '，', '（', '记者', '按', '：', '八', '教授', '为', '冯至', '，', '朱自清', '，', '孙毓棠', '，', '沈从文', '，', '卞之琳', '，', '闻家驷', '，', '李广田', '，', '杨振声', '。']",闻一多传.txt
Nh,Nh,"(50, 51)","(56, 57)",沈从文,李广田,"['地点', '——', '联大', '文艺', '晚会', '（', '在', '新', '校舍', '图书馆', '前', '草地', '上', '）', '时间', '——', '三十三年', '五月', '八日', '晚', '“', '今天', '晚上', '在场', '发言', '的', '，', '建设', '新', '文艺', '的', '人物', '有', '八', '位', '教授', '，', '（', '记者', '按', '：', '八', '教授', '为', '冯至', '，', '朱自清', '，', '孙毓棠', '，', '沈从文', '，', '卞之琳', '，', '闻家驷', '，', '李广田', '，', '杨振声', '。']",闻一多传.txt
Nh,Nh,"(52, 53)","(56, 57)",卞之琳,李广田,"['地点', '——', '联大', '文艺', '晚会', '（', '在', '新', '校舍', '图书馆', '前', '草地', '上', '）', '时间', '——', '三十三年', '五月', '八日', '晚', '“', '今天', '晚上', '在场', '发言', '的', '，', '建设', '新', '文艺', '的', '人物', '有', '八', '位', '教授', '，', '（', '记者', '按', '：', '八', '教授', '为', '冯至', '，', '朱自清', '，', '孙毓棠', '，', '沈从文', '，', '卞之琳', '，', '闻家驷', '，', '李广田', '，', '杨振声', '。']",闻一多传.txt
Nh,Nh,"(52, 53)","(58, 59)",卞之琳,杨振声,"['地点', '——', '联大', '文艺', '晚会', '（', '在', '新', '校舍', '图书馆', '前', '草地', '上', '）', '时间', '——', '三十三年', '五月', '八日', '晚', '“', '今天', '晚上', '在场', '发言', '的', '，', '建设', '新', '文艺', '的', '人物', '有', '八', '位', '教授', '，', '（', '记者', '按', '：', '八', '教授', '为', '冯至', '，', '朱自清', '，', '孙毓棠', '，', '沈从文', '，', '卞之琳', '，', '闻家驷', '，', '李广田', '，', '杨振声', '。']",闻一多传.txt
Nh,Nh,"(56, 57)","(58, 59)",李广田,杨振声,"['地点', '——', '联大', '文艺', '晚会', '（', '在', '新', '校舍', '图书馆', '前', '草地', '上', '）', '时间', '——', '三十三年', '五月', '八日', '晚', '“', '今天', '晚上', '在场', '发言', '的', '，', '建设', '新', '文艺', '的', '人物', '有', '八', '位', '教授', '，', '（', '记者', '按', '：', '八', '教授', '为', '冯至', '，', '朱自清', '，', '孙毓棠', '，', '沈从文', '，', '卞之琳', '，', '闻家驷', '，', '李广田', '，', '杨振声', '。']",闻一多传.txt
Nh,Nh,"(4, 5)","(7, 8)",罗,常培,"['）', '而', '我', '和', '罗', '先生', '（', '常培', '）', '是', '干', '破坏', '的', '，', '破坏', '旧', '的', '东西', '，', '……']",闻一多传.txt
Ns,Ns,"(0, 1)","(4, 5)",中国,中国,"['中国', '文学', '当然', '是', '中国', '生', '的', '，', '但', '不必', '嚷嚷', '遗产', '遗产', '的', '，', '那', '就是', '走回头路', '，', '回去', '了', '！']",闻一多传.txt
Nh,Nh,"(1, 2)","(4, 5)",卞,之琳,"['现在', '卞', '先生', '（', '之琳', '）', '已经', '不', '做', '诗', '了', '，', '这', '是', '他', '的', '高见', '，', '做', '新诗', '的', '人', '往往', '被', '旧诗', '蒙蔽', '了', '渐渐', '走向', '象牙塔', '。', '”']",闻一多传.txt
Nh,BOOK,"(1, 2)","(2, 3)",曾收入,《闻一多全集》,"['（', '曾收入', '《闻一多全集》', '，', '1948年', '，', '开明', '书店', '）']",闻一多传.txt
Nh,BOOK,"(0, 1)","(4, 5)",伯拉图,《理想国》,"['伯拉图', '在', '他', '的', '《理想国》', '中', '赶走', '了', '诗人', '，', '因为', '他', '不', '满意', '诗人', '。']",闻一多传.txt
Nh,Nh,"(26, 27)","(28, 29)",李白,杜甫,"['做', '诗', '也', '一样', '，', '我', '觉得', '无', '防', '多', '读', '，', '从', '庞乱', '中', '，', '可以', '提取', '养料', '来', '补', '自己', '，', '我们', '可以', '读', '李白', '、', '杜甫', '、', '陶潜', '、', '李商隐', '、', '莎士比亚', '、', '但丁', '、', '雪莱', '，', '甚至', '其他', '的', '一切', '诗人', '的', '东西', '，', '好些', '作品', '混', '在', '一起', '，', '有毒', '的', '部分', '抵消', '了', '，', '留下', '滋养', '的', '成分', '；']",闻一多传.txt
Nh,Nh,"(26, 27)","(30, 31)",李白,陶潜,"['做', '诗', '也', '一样', '，', '我', '觉得', '无', '防', '多', '读', '，', '从', '庞乱', '中', '，', '可以', '提取', '养料', '来', '补', '自己', '，', '我们', '可以', '读', '李白', '、', '杜甫', '、', '陶潜', '、', '李商隐', '、', '莎士比亚', '、', '但丁', '、', '雪莱', '，', '甚至', '其他', '的', '一切', '诗人', '的', '东西', '，', '好些', '作品', '混', '在', '一起', '，', '有毒', '的', '部分', '抵消', '了', '，', '留下', '滋养', '的', '成分', '；']",闻一多传.txt
Nh,Nh,"(26, 27)","(32, 33)",李白,李商隐,"['做', '诗', '也', '一样', '，', '我', '觉得', '无', '防', '多', '读', '，', '从', '庞乱', '中', '，', '可以', '提取', '养料', '来', '补', '自己', '，', '我们', '可以', '读', '李白', '、', '杜甫', '、', '陶潜', '、', '李商隐', '、', '莎士比亚', '、', '但丁', '、', '雪莱', '，', '甚至', '其他', '的', '一切', '诗人', '的', '东西', '，', '好些', '作品', '混', '在', '一起', '，', '有毒', '的', '部分', '抵消', '了', '，', '留下', '滋养', '的', '成分', '；']",闻一多传.txt
Nh,Nh,"(28, 29)","(30, 31)",杜甫,陶潜,"['做', '诗', '也', '一样', '，', '我', '觉得', '无', '防', '多', '读', '，', '从', '庞乱', '中', '，', '可以', '提取', '养料', '来', '补', '自己', '，', '我们', '可以', '读', '李白', '、', '杜甫', '、', '陶潜', '、', '李商隐', '、', '莎士比亚', '、', '但丁', '、', '雪莱', '，', '甚至', '其他', '的', '一切', '诗人', '的', '东西', '，', '好些', '作品', '混', '在', '一起', '，', '有毒', '的', '部分', '抵消', '了', '，', '留下', '滋养', '的', '成分', '；']",闻一多传.txt
Nh,Nh,"(28, 29)","(32, 33)",杜甫,李商隐,"['做', '诗', '也', '一样', '，', '我', '觉得', '无', '防', '多', '读', '，', '从', '庞乱', '中', '，', '可以', '提取', '养料', '来', '补', '自己', '，', '我们', '可以', '读', '李白', '、', '杜甫', '、', '陶潜', '、', '李商隐', '、', '莎士比亚', '、', '但丁', '、', '雪莱', '，', '甚至', '其他', '的', '一切', '诗人', '的', '东西', '，', '好些', '作品', '混', '在', '一起', '，', '有毒', '的', '部分', '抵消', '了', '，', '留下', '滋养', '的', '成分', '；']",闻一多传.txt
Nh,Nh,"(28, 29)","(34, 35)",杜甫,莎士比亚,"['做', '诗', '也', '一样', '，', '我', '觉得', '无', '防', '多', '读', '，', '从', '庞乱', '中', '，', '可以', '提取', '养料', '来', '补', '自己', '，', '我们', '可以', '读', '李白', '、', '杜甫', '、', '陶潜', '、', '李商隐', '、', '莎士比亚', '、', '但丁', '、', '雪莱', '，', '甚至', '其他', '的', '一切', '诗人', '的', '东西', '，', '好些', '作品', '混', '在', '一起', '，', '有毒', '的', '部分', '抵消', '了', '，', '留下', '滋养', '的', '成分', '；']",闻一多传.txt
Nh,Nh,"(30, 31)","(32, 33)",陶潜,李商隐,"['做', '诗', '也', '一样', '，', '我', '觉得', '无', '防', '多', '读', '，', '从', '庞乱', '中', '，', '可以', '提取', '养料', '来', '补', '自己', '，', '我们', '可以', '读', '李白', '、', '杜甫', '、', '陶潜', '、', '李商隐', '、', '莎士比亚', '、', '但丁', '、', '雪莱', '，', '甚至', '其他', '的', '一切', '诗人', '的', '东西', '，', '好些', '作品', '混', '在', '一起', '，', '有毒', '的', '部分', '抵消', '了', '，', '留下', '滋养', '的', '成分', '；']",闻一多传.txt
Nh,Nh,"(30, 31)","(34, 35)",陶潜,莎士比亚,"['做', '诗', '也', '一样', '，', '我', '觉得', '无', '防', '多', '读', '，', '从', '庞乱', '中', '，', '可以', '提取', '养料', '来', '补', '自己', '，', '我们', '可以', '读', '李白', '、', '杜甫', '、', '陶潜', '、', '李商隐', '、', '莎士比亚', '、', '但丁', '、', '雪莱', '，', '甚至', '其他', '的', '一切', '诗人', '的', '东西', '，', '好些', '作品', '混', '在', '一起', '，', '有毒', '的', '部分', '抵消', '了', '，', '留下', '滋养', '的', '成分', '；']",闻一多传.txt
Nh,Nh,"(30, 31)","(36, 37)",陶潜,但丁,"['做', '诗', '也', '一样', '，', '我', '觉得', '无', '防', '多', '读', '，', '从', '庞乱', '中', '，', '可以', '提取', '养料', '来', '补', '自己', '，', '我们', '可以', '读', '李白', '、', '杜甫', '、', '陶潜', '、', '李商隐', '、', '莎士比亚', '、', '但丁', '、', '雪莱', '，', '甚至', '其他', '的', '一切', '诗人', '的', '东西', '，', '好些', '作品', '混', '在', '一起', '，', '有毒', '的', '部分', '抵消', '了', '，', '留下', '滋养', '的', '成分', '；']",闻一多传.txt
Nh,Nh,"(32, 33)","(34, 35)",李商隐,莎士比亚,"['做', '诗', '也', '一样', '，', '我', '觉得', '无', '防', '多', '读', '，', '从', '庞乱', '中', '，', '可以', '提取', '养料', '来', '补', '自己', '，', '我们', '可以', '读', '李白', '、', '杜甫', '、', '陶潜', '、', '李商隐', '、', '莎士比亚', '、', '但丁', '、', '雪莱', '，', '甚至', '其他', '的', '一切', '诗人', '的', '东西', '，', '好些', '作品', '混', '在', '一起', '，', '有毒', '的', '部分', '抵消', '了', '，', '留下', '滋养', '的', '成分', '；']",闻一多传.txt
Nh,Nh,"(32, 33)","(36, 37)",李商隐,但丁,"['做', '诗', '也', '一样', '，', '我', '觉得', '无', '防', '多', '读', '，', '从', '庞乱', '中', '，', '可以', '提取', '养料', '来', '补', '自己', '，', '我们', '可以', '读', '李白', '、', '杜甫', '、', '陶潜', '、', '李商隐', '、', '莎士比亚', '、', '但丁', '、', '雪莱', '，', '甚至', '其他', '的', '一切', '诗人', '的', '东西', '，', '好些', '作品', '混', '在', '一起', '，', '有毒', '的', '部分', '抵消', '了', '，', '留下', '滋养', '的', '成分', '；']",闻一多传.txt
Nh,Nh,"(34, 35)","(36, 37)",莎士比亚,但丁,"['做', '诗', '也', '一样', '，', '我', '觉得', '无', '防', '多', '读', '，', '从', '庞乱', '中', '，', '可以', '提取', '养料', '来', '补', '自己', '，', '我们', '可以', '读', '李白', '、', '杜甫', '、', '陶潜', '、', '李商隐', '、', '莎士比亚', '、', '但丁', '、', '雪莱', '，', '甚至', '其他', '的', '一切', '诗人', '的', '东西', '，', '好些', '作品', '混', '在', '一起', '，', '有毒', '的', '部分', '抵消', '了', '，', '留下', '滋养', '的', '成分', '；']",闻一多传.txt
Nh,Nh,"(17, 18)","(20, 21)",李白,杜甫,"['我们', '设想', '我们', '的', '选本', '是', '一个', '治病', '的', '药方', '，', '那', '未', '，', '里边', '可以', '有', '李白', '，', '有', '杜甫', '，', '有', '陶渊明', '，', '有', '苏东坡', '，', '有', '歌德', '，', '有', '济慈', '，', '有', '莎士比亚', '；']",闻一多传.txt
Nh,Nh,"(17, 18)","(23, 24)",李白,陶渊明,"['我们', '设想', '我们', '的', '选本', '是', '一个', '治病', '的', '药方', '，', '那', '未', '，', '里边', '可以', '有', '李白', '，', '有', '杜甫', '，', '有', '陶渊明', '，', '有', '苏东坡', '，', '有', '歌德', '，', '有', '济慈', '，', '有', '莎士比亚', '；']",闻一多传.txt
Nh,Nh,"(20, 21)","(23, 24)",杜甫,陶渊明,"['我们', '设想', '我们', '的', '选本', '是', '一个', '治病', '的', '药方', '，', '那', '未', '，', '里边', '可以', '有', '李白', '，', '有', '杜甫', '，', '有', '陶渊明', '，', '有', '苏东坡', '，', '有', '歌德', '，', '有', '济慈', '，', '有', '莎士比亚', '；']",闻一多传.txt
Nh,Nh,"(23, 24)","(29, 30)",陶渊明,歌德,"['我们', '设想', '我们', '的', '选本', '是', '一个', '治病', '的', '药方', '，', '那', '未', '，', '里边', '可以', '有', '李白', '，', '有', '杜甫', '，', '有', '陶渊明', '，', '有', '苏东坡', '，', '有', '歌德', '，', '有', '济慈', '，', '有', '莎士比亚', '；']",闻一多传.txt
Nh,Nh,"(29, 30)","(35, 36)",歌德,莎士比亚,"['我们', '设想', '我们', '的', '选本', '是', '一个', '治病', '的', '药方', '，', '那', '未', '，', '里边', '可以', '有', '李白', '，', '有', '杜甫', '，', '有', '陶渊明', '，', '有', '苏东坡', '，', '有', '歌德', '，', '有', '济慈', '，', '有', '莎士比亚', '；']",闻一多传.txt
Nh,Nh,"(4, 5)","(10, 11)",李白,陶渊明,"['我们', '可以', '假', '惧', '李白', '是', '一味', '大黄', '吧', '，', '陶渊明', '是', '一', '味', '甘草', '吧', '，', '他们', '都', '有用', '，', '我们', '只要', '适当', '的', '配合', '起来', '，', '这个', '药方', '是', '可以', '治病', '的', '。']",闻一多传.txt
Nh,Nh,"(3, 4)","(5, 6)",陶渊明,谢灵运,"['在', '在', '觉得', '陶渊明', '与', '谢灵运', '之', '流', '是', '多么', '无心肝', '，', '多么', '该死', '，', '——', '这', '是', '个人主义', '发展', '到', '极端', '了', '，', '到', '了', '极端', '，', '即', '是', '宣布', '了', '个人主义', '的', '崩溃', '，', '灭亡', '。']",闻一多传.txt
Nh,Nh,"(0, 1)","(4, 5)",杜甫,白居易,"['杜甫', '之后', '有', '了', '白居易', '，', '白居易', '不单', '是', '把', '笔', '儒染', '着', '社会', '，', '而且', '他', '为', '当前', '的', '事物', '提出', '他', '的', '主张', '与', '见解', '。']",闻一多传.txt
Nh,Nh,"(0, 1)","(6, 7)",杜甫,白居易,"['杜甫', '之后', '有', '了', '白居易', '，', '白居易', '不单', '是', '把', '笔', '儒染', '着', '社会', '，', '而且', '他', '为', '当前', '的', '事物', '提出', '他', '的', '主张', '与', '见解', '。']",闻一多传.txt
Nh,Nh,"(4, 5)","(6, 7)",白居易,白居易,"['杜甫', '之后', '有', '了', '白居易', '，', '白居易', '不单', '是', '把', '笔', '儒染', '着', '社会', '，', '而且', '他', '为', '当前', '的', '事物', '提出', '他', '的', '主张', '与', '见解', '。']",闻一多传.txt
Nh,Nh,"(0, 1)","(4, 5)",孔子,孔子,"['孔子', '删', '诗', '，', '孔子', '对于', '诗作', '过', '最', '好', '的', '，', '最', '合理', '的', '批评', '。']",闻一多传.txt
Nh,Nh,"(4, 5)","(6, 7)",韩昌黎,李义山,"['有人', '说', '黄山谷', '，', '韩昌黎', '，', '李义山', '等', '都', '是', '从', '杜甫', '来', '的', '，', '那么', '，', '杜甫', '是', '包罗', '了', '这么', '多', '“', '资源', '”', '，', '而', '这些', '资源', '大部', '是', '优良', '的', '美好', '的', '，', '你', '只', '念', '杜甫', '，', '你', '不', '会', '中毒', '；']",闻一多传.txt
Nh,Nh,"(4, 5)","(11, 12)",韩昌黎,杜甫,"['有人', '说', '黄山谷', '，', '韩昌黎', '，', '李义山', '等', '都', '是', '从', '杜甫', '来', '的', '，', '那么', '，', '杜甫', '是', '包罗', '了', '这么', '多', '“', '资源', '”', '，', '而', '这些', '资源', '大部', '是', '优良', '的', '美好', '的', '，', '你', '只', '念', '杜甫', '，', '你', '不', '会', '中毒', '；']",闻一多传.txt
Nh,Nh,"(6, 7)","(11, 12)",李义山,杜甫,"['有人', '说', '黄山谷', '，', '韩昌黎', '，', '李义山', '等', '都', '是', '从', '杜甫', '来', '的', '，', '那么', '，', '杜甫', '是', '包罗', '了', '这么', '多', '“', '资源', '”', '，', '而', '这些', '资源', '大部', '是', '优良', '的', '美好', '的', '，', '你', '只', '念', '杜甫', '，', '你', '不', '会', '中毒', '；']",闻一多传.txt
Nh,Nh,"(11, 12)","(17, 18)",杜甫,杜甫,"['有人', '说', '黄山谷', '，', '韩昌黎', '，', '李义山', '等', '都', '是', '从', '杜甫', '来', '的', '，', '那么', '，', '杜甫', '是', '包罗', '了', '这么', '多', '“', '资源', '”', '，', '而', '这些', '资源', '大部', '是', '优良', '的', '美好', '的', '，', '你', '只', '念', '杜甫', '，', '你', '不', '会', '中毒', '；']",闻一多传.txt
Nh,Nh,"(28, 29)","(31, 32)",陶渊明,杜甫,"['陶渊明', '的', '诗', '是', '美', '的', '，', '我', '以为', '他', '诗', '里', '的', '资源', '是', '类乎', '珍宝', '一样', '的', '东西', '，', '美丽', '而', '不', '有用', '，', '是', '则', '陶渊明', '应', '在', '杜甫', '之下', '。']",闻一多传.txt
Ns,BOOK,"(3, 4)","(7, 8)",昆明,《三盘鼓》,"['三十三年', '十一月', '闻一多于', '昆明', '（', '曾收入', '薛诚之', '《三盘鼓》', '，', '1944年', '11月', '，', '昆明', '，', '百合', '出版社', '）']",闻一多传.txt
Ns,BOOK,"(12, 13)","(7, 8)",昆明,《三盘鼓》,"['三十三年', '十一月', '闻一多于', '昆明', '（', '曾收入', '薛诚之', '《三盘鼓》', '，', '1944年', '11月', '，', '昆明', '，', '百合', '出版社', '）']",闻一多传.txt
Nh,Ns,"(3, 4)","(7, 8)",闻一多,昆明,"['（', '这', '是', '闻一多', '先生', '在', '去年', '昆明', '的', '诗人节', '纪念会', '上', '的', '讲演', '，', '在', '这', '讲演', '之前', '，', '两', '位', '联大', '的', '同学', '朗诵', '了', '艾青', '的', '《向太阳》', '和', '田间', '的', '《自由向我们来了》', '，', '《给战斗者》', '，', '听众', '们', '都', '很', '激动', '，', '接下来', '，', '闻', '先生', '说', '：', '）', '一切', '的', '价值', '都', '在', '比较', '上', '，', '看', '出来', '。']",闻一多传.txt
Nh,BOOK,"(27, 28)","(29, 30)",艾青,《向太阳》,"['（', '这', '是', '闻一多', '先生', '在', '去年', '昆明', '的', '诗人节', '纪念会', '上', '的', '讲演', '，', '在', '这', '讲演', '之前', '，', '两', '位', '联大', '的', '同学', '朗诵', '了', '艾青', '的', '《向太阳》', '和', '田间', '的', '《自由向我们来了》', '，', '《给战斗者》', '，', '听众', '们', '都', '很', '激动', '，', '接下来', '，', '闻', '先生', '说', '：', '）', '一切', '的', '价值', '都', '在', '比较', '上', '，', '看', '出来', '。']",闻一多传.txt
Nh,BOOK,"(27, 28)","(33, 34)",艾青,《自由向我们来了》,"['（', '这', '是', '闻一多', '先生', '在', '去年', '昆明', '的', '诗人节', '纪念会', '上', '的', '讲演', '，', '在', '这', '讲演', '之前', '，', '两', '位', '联大', '的', '同学', '朗诵', '了', '艾青', '的', '《向太阳》', '和', '田间', '的', '《自由向我们来了》', '，', '《给战斗者》', '，', '听众', '们', '都', '很', '激动', '，', '接下来', '，', '闻', '先生', '说', '：', '）', '一切', '的', '价值', '都', '在', '比较', '上', '，', '看', '出来', '。']",闻一多传.txt
BOOK,BOOK,"(29, 30)","(33, 34)",《向太阳》,《自由向我们来了》,"['（', '这', '是', '闻一多', '先生', '在', '去年', '昆明', '的', '诗人节', '纪念会', '上', '的', '讲演', '，', '在', '这', '讲演', '之前', '，', '两', '位', '联大', '的', '同学', '朗诵', '了', '艾青', '的', '《向太阳》', '和', '田间', '的', '《自由向我们来了》', '，', '《给战斗者》', '，', '听众', '们', '都', '很', '激动', '，', '接下来', '，', '闻', '先生', '说', '：', '）', '一切', '的', '价值', '都', '在', '比较', '上', '，', '看', '出来', '。']",闻一多传.txt
BOOK,BOOK,"(29, 30)","(35, 36)",《向太阳》,《给战斗者》,"['（', '这', '是', '闻一多', '先生', '在', '去年', '昆明', '的', '诗人节', '纪念会', '上', '的', '讲演', '，', '在', '这', '讲演', '之前', '，', '两', '位', '联大', '的', '同学', '朗诵', '了', '艾青', '的', '《向太阳》', '和', '田间', '的', '《自由向我们来了》', '，', '《给战斗者》', '，', '听众', '们', '都', '很', '激动', '，', '接下来', '，', '闻', '先生', '说', '：', '）', '一切', '的', '价值', '都', '在', '比较', '上', '，', '看', '出来', '。']",闻一多传.txt
BOOK,BOOK,"(33, 34)","(35, 36)",《自由向我们来了》,《给战斗者》,"['（', '这', '是', '闻一多', '先生', '在', '去年', '昆明', '的', '诗人节', '纪念会', '上', '的', '讲演', '，', '在', '这', '讲演', '之前', '，', '两', '位', '联大', '的', '同学', '朗诵', '了', '艾青', '的', '《向太阳》', '和', '田间', '的', '《自由向我们来了》', '，', '《给战斗者》', '，', '听众', '们', '都', '很', '激动', '，', '接下来', '，', '闻', '先生', '说', '：', '）', '一切', '的', '价值', '都', '在', '比较', '上', '，', '看', '出来', '。']",闻一多传.txt
Nh,BOOK,"(0, 1)","(2, 3)",艾青,《北方》,"['艾青', '的', '《北方》', '写', '乞丐', '，', '田间', '的', '一', '首', '诗', '写', '新型', '的', '女人', '，', '因为', '田间', '已', '是', '新', '世界', '中', '的', '一个', '诗人', '。']",闻一多传.txt
Nh,Nh,"(1, 2)","(3, 4)",艾青,田间,"['关于', '艾青', '、', '田间', '的话', '很', '多', '，', '时间', '短', '，', '讲', '到', '这儿', '为止', '。']",闻一多传.txt
Ns,BOOK,"(6, 7)","(7, 8)",上海,《联合晚报》,"['（', '原', '载', '1946年', '6月', '22日', '上海', '《联合晚报》', '副刊', '《诗歌与音乐》', '第2', '号', '）']",闻一多传.txt
Ns,BOOK,"(6, 7)","(9, 10)",上海,《诗歌与音乐》,"['（', '原', '载', '1946年', '6月', '22日', '上海', '《联合晚报》', '副刊', '《诗歌与音乐》', '第2', '号', '）']",闻一多传.txt
BOOK,BOOK,"(7, 8)","(9, 10)",《联合晚报》,《诗歌与音乐》,"['（', '原', '载', '1946年', '6月', '22日', '上海', '《联合晚报》', '副刊', '《诗歌与音乐》', '第2', '号', '）']",闻一多传.txt
Nh,Ns,"(12, 13)","(14, 15)",髡,齐国,"['但', '奴隶社会', '的', '遗留', '大多', '，', '太', '明显', '，', '《史记·滑稽列传》', '淳', '于', '髡', '为', '齐国', '赘婿', '，', '秃', '是', '受', '剃', '了', '发', '的', '尧刑', '的', '，', '名字', '都', '已', '证明', '他', '是', '奴隶', '了', '。']",闻一多传.txt
Nh,BOOK,"(12, 13)","(9, 10)",髡,《史记·滑稽列传》,"['但', '奴隶社会', '的', '遗留', '大多', '，', '太', '明显', '，', '《史记·滑稽列传》', '淳', '于', '髡', '为', '齐国', '赘婿', '，', '秃', '是', '受', '剃', '了', '发', '的', '尧刑', '的', '，', '名字', '都', '已', '证明', '他', '是', '奴隶', '了', '。']",闻一多传.txt
Ns,BOOK,"(14, 15)","(9, 10)",齐国,《史记·滑稽列传》,"['但', '奴隶社会', '的', '遗留', '大多', '，', '太', '明显', '，', '《史记·滑稽列传》', '淳', '于', '髡', '为', '齐国', '赘婿', '，', '秃', '是', '受', '剃', '了', '发', '的', '尧刑', '的', '，', '名字', '都', '已', '证明', '他', '是', '奴隶', '了', '。']",闻一多传.txt
Nh,Nh,"(1, 2)","(3, 4)",屈原,宋玉,"['其他', '屈原', '，', '宋玉', '，', '东方', '朔', '，', '枚皋', '，', '司马迁', '都', '是', '奴隶', '，', '司马迁', '受', '宫刑', '是', '奴隶', '的', '标帜', '，', '这些', '人', '比', '真性', '社会', '的', '奴隶', '身体', '稍', '自由', '。']",闻一多传.txt
Nh,Ni,"(1, 2)","(5, 7)",屈原,东方朔,"['其他', '屈原', '，', '宋玉', '，', '东方', '朔', '，', '枚皋', '，', '司马迁', '都', '是', '奴隶', '，', '司马迁', '受', '宫刑', '是', '奴隶', '的', '标帜', '，', '这些', '人', '比', '真性', '社会', '的', '奴隶', '身体', '稍', '自由', '。']",闻一多传.txt
Nh,Ni,"(3, 4)","(5, 7)",宋玉,东方朔,"['其他', '屈原', '，', '宋玉', '，', '东方', '朔', '，', '枚皋', '，', '司马迁', '都', '是', '奴隶', '，', '司马迁', '受', '宫刑', '是', '奴隶', '的', '标帜', '，', '这些', '人', '比', '真性', '社会', '的', '奴隶', '身体', '稍', '自由', '。']",闻一多传.txt
Nh,Nh,"(3, 4)","(10, 11)",宋玉,司马迁,"['其他', '屈原', '，', '宋玉', '，', '东方', '朔', '，', '枚皋', '，', '司马迁', '都', '是', '奴隶', '，', '司马迁', '受', '宫刑', '是', '奴隶', '的', '标帜', '，', '这些', '人', '比', '真性', '社会', '的', '奴隶', '身体', '稍', '自由', '。']",闻一多传.txt
Ni,Nh,"(5, 7)","(10, 11)",东方朔,司马迁,"['其他', '屈原', '，', '宋玉', '，', '东方', '朔', '，', '枚皋', '，', '司马迁', '都', '是', '奴隶', '，', '司马迁', '受', '宫刑', '是', '奴隶', '的', '标帜', '，', '这些', '人', '比', '真性', '社会', '的', '奴隶', '身体', '稍', '自由', '。']",闻一多传.txt
Nh,Nh,"(10, 11)","(15, 16)",司马迁,司马迁,"['其他', '屈原', '，', '宋玉', '，', '东方', '朔', '，', '枚皋', '，', '司马迁', '都', '是', '奴隶', '，', '司马迁', '受', '宫刑', '是', '奴隶', '的', '标帜', '，', '这些', '人', '比', '真性', '社会', '的', '奴隶', '身体', '稍', '自由', '。']",闻一多传.txt
Ns,BOOK,"(0, 1)","(2, 3)",厨川白村,《苦闷的象征》,"['厨川白村', '的', '《苦闷的象征》', '谓', '“', '不', '自由', '即', '奴隶', '的', '别名', '”', '。']",闻一多传.txt
Nh,Nh,"(2, 3)","(8, 9)",庄周,庄周,"['四', '、', '庄周', '梦', '为', '蝴蝶', '，', '但', '庄周', '并', '不', '能', '为', '蝴蝶', '。']",闻一多传.txt
Ns,Ns,"(5, 7)","(11, 12)",长安终南山,终南,"['六', '、', '唐司', '马承', '侦居', '长安', '终南山', '，', '为', '作官', '的', '终南', '捷径', '，', '后来', '就', '作官', '。']",闻一多传.txt
Nh,Nh,"(0, 1)","(6, 7)",阮,阮,"['阮', '是', '消极', '的', '为人', '，', '阮', '对', '着', '的', '是', '压迫', '他', '的', '敌人', '，', '是', '有', '反抗性', '的', '；']",闻一多传.txt
Nh,Nh,"(0, 1)","(6, 7)",阮,陶,"['阮', '是', '无言', '的', '反抗', '，', '陶', '是', '无言', '而', '不', '反抗', '，', '能', '在', '那里', '听鸟', '说', '甚', '，', '他', '更', '可以', '要', '干什么', '便于', '什么', '。']",闻一多传.txt
Nh,Nh,"(11, 12)","(13, 14)",刘邦,朱元璋,"['倒是', '农民', '想', '要', '当', '主人', '反而', '当成', '了', '，', '如', '刘邦', '、', '朱元璋', '是', '；']",闻一多传.txt
Nh,Nh,"(0, 1)","(2, 3)",张献忠,李自成,"['张献忠', '、', '李自成', '、', '洪秀全', '等', '是', '没有', '当成功', '的', '。']",闻一多传.txt
Nh,Nh,"(0, 1)","(4, 5)",张献忠,洪秀全,"['张献忠', '、', '李自成', '、', '洪秀全', '等', '是', '没有', '当成功', '的', '。']",闻一多传.txt
Nh,Nh,"(2, 3)","(4, 5)",李自成,洪秀全,"['张献忠', '、', '李自成', '、', '洪秀全', '等', '是', '没有', '当成功', '的', '。']",闻一多传.txt
Nh,BOOK,"(1, 2)","(6, 7)",史劲记,《文汇丛刊》,"['（', '史劲记', '）', '（', '原', '载', '《文汇丛刊》', '第四', '辑', '，', '1947年', '9月', '）']",闻一多传.txt
Ns,Ns,"(4, 5)","(10, 11)",中国,美国,"['但是', '我', '，', '一个', '中国', '人', '，', '尤其', '当着', '一个', '美国', '人', '面前', '，', '谈', '起', '战争', '，', '怎么', '能', '不', '心', '虚', '呢', '？']",闻一多传.txt
Nh,Nh,"(97, 98)","(99, 100)",吴昌硕,齐白石,"['你', '若', '有', '良心', '，', '有', '魄力', '，', '并且', '不', '缺乏', '那', '技术', '，', '请', '站', '出来', '，', '学学', '人家', '的', '画家', '，', '也', '去', '当', '个', '随军', '记者', '，', '收拾', '点', '电网', '边', '和', '战壕', '里', '的', '“', '烟云', '”', '回来', '，', '或', '就', '在', '任何', '后方', '，', '把', '那', '“', '行尸', '”', '的', '行列', '速写', '下来', '，', '给', '我们', '认识', '认识点', '现实', '也好', '，', '起码', '你', '也', '该', '在', '随便', '一个', '题材', '里', '多', '给', '我们', '一点', '现代', '的', '感觉', '，', '八大山人', '，', '四', '王', '，', '吴恽', '，', '费晓楼', '，', '改', '七', '芗', '，', '乃至', '吴昌硕', '，', '齐白石', '那', '一', '套', '，', '纵然', '有', '他们', '的', '历史', '价值', '，', '在', '珂罗板片', '中', '也', '够', '逼真', '的', '了', '，', '用', '得', '着', '你们', '那', '笨拙', '的', '复制', '吗', '？']",闻一多传.txt
Ns,BOOK,"(4, 5)","(5, 6)",昆明,《生活导报》,"['（', '原', '载', '1943年', '昆明', '《生活导报》', '）']",闻一多传.txt
Nh,Nh,"(5, 6)","(7, 8)",侯国,王朝必,"['重心', '在', '大夫', '，', '所以', '侯国', '与', '王朝必', '趋于', '削弱', '，', '以至', '制度', '本身', '完全', '解体', '。']",闻一多传.txt
Ns,Nh,"(9, 10)","(14, 15)",郡县,侯国,"['就', '以', '家族主义', '为', '基础', '的', '精神', '看来', '，', '郡县', '只是', '抽', '掉', '了', '侯国', '的', '封建', '——', '一', '种', '阶层', '更', '简单', '，', '组织', '更', '统一', '，', '基础', '更', '稳固', '的', '封建', '制度', '，', '换言之', '，', '就', '是', '一', '种', '更', '彻底', '，', '更', '合理', '的', '家族主义', '的', '社会', '组织', '。']",闻一多传.txt
Ns,Nh,"(6, 7)","(11, 12)",昆明,周,"['（', '原', '载', '1944年', '3月', '1日', '昆明', '《中央日报》', '第2', '版', '“', '周', '中专论', '”', '栏', '）']",闻一多传.txt
Ns,BOOK,"(6, 7)","(7, 8)",昆明,《中央日报》,"['（', '原', '载', '1944年', '3月', '1日', '昆明', '《中央日报》', '第2', '版', '“', '周', '中专论', '”', '栏', '）']",闻一多传.txt
Nh,BOOK,"(11, 12)","(7, 8)",周,《中央日报》,"['（', '原', '载', '1944年', '3月', '1日', '昆明', '《中央日报》', '第2', '版', '“', '周', '中专论', '”', '栏', '）']",闻一多传.txt
Nh,Nh,"(6, 7)","(10, 11)",夏,周,"['如果', '站', '在', '西方', '，', '以', '夏', '（', '夏', '、', '周', '）', '为', '本位', '，', '那', '便是', '夏', '吸收', '了', '夷', '。']",闻一多传.txt
Nh,Ns,"(4, 5)","(6, 7)",楚,北文夷,"['在', '血缘', '上', '，', '楚', '与', '北文夷', '夏二族', '的', '关系', '，', '究竟', '如何', '，', '现在', '还', '不', '知道', '。']",闻一多传.txt
Nh,Nh,"(4, 5)","(8, 9)",殷,孔子,"['严格', '的', '讲', '，', '殷', '的', '的', '后裔', '孔子', '若', '要', '复古', '，', '文武', '周公', '就', '得', '除外', '，', '屈原若', '要', '复古', '，', '就', '得', '否认', '《三百篇》', '。']",闻一多传.txt
Nh,Nh,"(8, 9)","(14, 15)",孔子,周公,"['严格', '的', '讲', '，', '殷', '的', '的', '后裔', '孔子', '若', '要', '复古', '，', '文武', '周公', '就', '得', '除外', '，', '屈原若', '要', '复古', '，', '就', '得', '否认', '《三百篇》', '。']",闻一多传.txt
Nh,BOOK,"(20, 21)","(22, 23)",邓尼孙,《六百壮士冲锋歌》,"['只是', '听人', '指挥', '，', '受', '人', '驱策', '，', '说', '打', '就', '打', '，', '说', '死', '就', '死', '，', '像', '诗人', '邓尼孙', '在', '《六百壮士冲锋歌》', '里', '所', '说', '的', '一般', '，', '在', '九十', '年', '前', '行', '，', '今天', '在', '坦克', '车上', '，', '在', '装配', '机关', '枪', '的', '摩托车', '上', '，', '士兵', '也', '会', '打', '，', '也', '会', '死', '，', '但', '也', '要', '了解', '了', '何', '而', '打', '，', '为何', '而', '死', '。']",闻一多传.txt
Ns,BOOK,"(6, 7)","(7, 8)",昆明,《正义报》,"['（', '原', '载', '1944年', '6月', '4日', '昆明', '《正义报》', '）']",闻一多传.txt
Ns,Ns,"(33, 34)","(38, 39)",中国,中国,"['你', '所谓', '“', '愈战', '愈强', '”', '者', '，', '如果', '就是', '今天', '另', '一', '家', '报纸', '标题', '所谓', '“', '愈战', '愈奋', '”', '的', '意思', '，', '那', '我', '就', '原谅', '你', '，', '我', '可怜', '你', '中国', '人', '不大', '会', '处理', '中国', '文字', '。']",闻一多传.txt
Ns,Ns,"(4, 5)","(10, 11)",中国,中国,"['我', '相信', '在', '自由', '中国', '，', '每', '一个', '良善', '的', '中国', '人', '，', '当初', '既', '是', '抱', '了', '拚命', '的', '决心', '，', '胜', '也', '要', '打', '，', '败', '也', '要', '打', '，', '今天', '还是', '抱', '定', '了', '决心', '，', '胜', '也', '要', '打', '，', '败', '也', '要', '打', '，', '何况', '国际', '的', '客观', '环境', '已经', '好转', '，', '谁', '又', '是', '那样', '的', '傻子', '，', '情愿', '让', '它', '“', '功亏一篑', '”', '呢', '？']",闻一多传.txt
Nh,Ns,"(2, 3)","(9, 10)",韦尔斯,中国,"['这', '是', '韦尔斯', '先生', '观察', '所得', '：', '在', '大部分', '中国', '人', '的', '灵魂', '里', '，', '斗争', '着', '一个', '儒家', '，', '一个', '道家', '，', '一个', '土匪', '。']",闻一多传.txt
Nh,BOOK,"(0, 1)","(3, 4)",韦尔斯,《春秋》,"['韦尔斯', '先生', '用', '《春秋》', '的', '书法', '，', '将', '儒', '道', '和', '土匪', '并', '称', '，', '这', '是', '他', '的', '许多', '伟大', '贡献', '中', '的', '又', '一个', '贡献', '。']",闻一多传.txt
Ns,Nh,"(6, 7)","(11, 12)",昆明,周,"['（', '原', '载', '1944年', '7月', '20日', '昆明', '《中央日报》', '第二', '版', '“', '周', '中专论', '”', '栏', '）']",闻一多传.txt
Ns,BOOK,"(6, 7)","(7, 8)",昆明,《中央日报》,"['（', '原', '载', '1944年', '7月', '20日', '昆明', '《中央日报》', '第二', '版', '“', '周', '中专论', '”', '栏', '）']",闻一多传.txt
Nh,BOOK,"(11, 12)","(7, 8)",周,《中央日报》,"['（', '原', '载', '1944年', '7月', '20日', '昆明', '《中央日报》', '第二', '版', '“', '周', '中专论', '”', '栏', '）']",闻一多传.txt
Nh,BOOK,"(7, 8)","(11, 12)",伊里奇,《国家论》,"['“', '无论', '在', '任何', '国家', '，', '”', '伊里奇', '在', '他', '的', '《国家论》', '里', '说', '，', '“', '数千', '年', '间', '会', '人类', '社会', '的', '发展', '，', '把', '这', '发展', '的', '一般', '的', '合法', '则性', '，', '规则性', '，', '继', '起性', '，', '这样', '的', '指示', '给', '我们', '了', '：', '即', '是', '，', '最初', '是', '无数', '阶级', '社会', '——', '贵族', '不', '存在', '的', '太', '古', '的', '，', '家长制', '的', '，', '原始', '的', '社会', '；']",闻一多传.txt
Nh,Nh,"(4, 5)","(10, 11)",孔子,董仲舒,"['趁着', '这个', '当儿', '，', '孔子', '的', '后学', '们', '，', '以', '董仲舒', '以', '代表', '，', '便', '将', '孔子', '的', '理想', '，', '略', '加', '修正', '，', '居然', '给', '实现', '了', '。']",闻一多传.txt
Nh,Nh,"(10, 11)","(16, 17)",董仲舒,孔子,"['趁着', '这个', '当儿', '，', '孔子', '的', '后学', '们', '，', '以', '董仲舒', '以', '代表', '，', '便', '将', '孔子', '的', '理想', '，', '略', '加', '修正', '，', '居然', '给', '实现', '了', '。']",闻一多传.txt
Ns,Nh,"(27, 28)","(31, 32)",中国,董仲舒,"['孔忆', '的', '理想', '既', '是', '恢复', '奴隶社会', '的', '秩序', '，', '而', '董仲舒', '是', '将', '这', '理想', '略', '加', '修正', '后', '，', '正式', '实现', '了', '，', '那么', '，', '中国', '社会', '，', '从', '董仲舒', '在', '中山', '先生', '这', '段', '悠长', '的', '期间', '，', '便', '无妨', '称为', '一个', '变相', '的', '奴隶社会', '。']",闻一多传.txt
Ns,Nh,"(27, 28)","(33, 34)",中国,中山,"['孔忆', '的', '理想', '既', '是', '恢复', '奴隶社会', '的', '秩序', '，', '而', '董仲舒', '是', '将', '这', '理想', '略', '加', '修正', '后', '，', '正式', '实现', '了', '，', '那么', '，', '中国', '社会', '，', '从', '董仲舒', '在', '中山', '先生', '这', '段', '悠长', '的', '期间', '，', '便', '无妨', '称为', '一个', '变相', '的', '奴隶社会', '。']",闻一多传.txt
Nh,Nh,"(31, 32)","(33, 34)",董仲舒,中山,"['孔忆', '的', '理想', '既', '是', '恢复', '奴隶社会', '的', '秩序', '，', '而', '董仲舒', '是', '将', '这', '理想', '略', '加', '修正', '后', '，', '正式', '实现', '了', '，', '那么', '，', '中国', '社会', '，', '从', '董仲舒', '在', '中山', '先生', '这', '段', '悠长', '的', '期间', '，', '便', '无妨', '称为', '一个', '变相', '的', '奴隶社会', '。']",闻一多传.txt
Nh,BOOK,"(4, 5)","(0, 1)",周公,《左传》,"['《左传》', '定四年', '说', '“', '周公', '相', '王室', '，', '分', '鲁公', '以', '……']",闻一多传.txt
Nh,Nh,"(0, 1)","(7, 8)",孔子,周公,"['孔子', '之所以', '宪章', '文武', '，', '尤其', '梦想', '周公', '，', '无非', '是', '初期', '统治阶级', '的', '奴隶', '管理', '政策', '，', '符合', '了', '缓', '中', '阶层', '的', '利益', '，', '所谓', '道统治者', '，', '还是', '有', '其', '社会', '经济', '意义', '的', '。']",闻一多传.txt
Nh,Nh,"(9, 10)","(11, 12)",季氏,周公,"['实际上', '缓冲', '阶层', '还是', '做', '了', '帮凶', '，', '“', '季氏', '富于', '周公', '，', '而', '求', '也', '为', '之', '聚敛', '而', '附益', '之', '，', '”', '冉求', '的', '作', '实在', '是', '缓冲', '阶层', '的', '唯一', '出路', '。']",闻一多传.txt
Nh,Nh,"(11, 12)","(16, 17)",季氏,周公,"['但是', '，', '有', '了', '一个', '建筑', '生产关系', '上', '的', '社会', '，', '季氏', '便', '必然', '要', '富于', '周公', '，', '冉求', '也', '必然', '要', '为', '之', '聚敛', '，', '这', '是', '历史', '发展', '的', '一定', '的', '法则', '。']",闻一多传.txt
Nh,Nh,"(2, 3)","(7, 8)",董仲舒,孔子,"['诚然', '，', '董仲舒', '的', '儒家', '不', '是', '孔子', '的', '儒家', '，', '而', '董仲舒', '以后', '的', '儒家', '也', '不', '是', '董仲舒', '的', '儒家', '，', '但', '其', '为', '儒家', '则', '一', '，', '换言之', '，', '他们', '的', '中心', '思想', '是', '一贯', '的', '。']",闻一多传.txt
Nh,Nh,"(7, 8)","(12, 13)",孔子,董仲舒,"['诚然', '，', '董仲舒', '的', '儒家', '不', '是', '孔子', '的', '儒家', '，', '而', '董仲舒', '以后', '的', '儒家', '也', '不', '是', '董仲舒', '的', '儒家', '，', '但', '其', '为', '儒家', '则', '一', '，', '换言之', '，', '他们', '的', '中心', '思想', '是', '一贯', '的', '。']",闻一多传.txt
Nh,Nh,"(12, 13)","(19, 20)",董仲舒,董仲舒,"['诚然', '，', '董仲舒', '的', '儒家', '不', '是', '孔子', '的', '儒家', '，', '而', '董仲舒', '以后', '的', '儒家', '也', '不', '是', '董仲舒', '的', '儒家', '，', '但', '其', '为', '儒家', '则', '一', '，', '换言之', '，', '他们', '的', '中心', '思想', '是', '一贯', '的', '。']",闻一多传.txt
Ns,BOOK,"(6, 7)","(7, 8)",昆明,《民主周刊》,"['（', '原', '载', '1945年', '1月', '13日', '昆明', '《民主周刊》', '第1', '卷', '第5', '期', '）', '334']",闻一多传.txt
Ns,Ns,"(0, 1)","(5, 6)",欧洲,中国,"['欧洲', '帝国主义', '退出', '了', '，', '中国', '社会', '的', '本质', '，', '便', '立时', '由', '半封建', '半殖民地', '，', '变为', '约', '当', '于', '百分之九十', '的', '封建', '，', '百分之十', '的', '殖民地', '（', '这', '进分之十', '的', '主人', '，', '不用', '说', '，', '主', '是', '日本', '）', '。']",闻一多传.txt
Ns,Ns,"(5, 6)","(10, 11)",欧洲,中国,"['第二', '次', '世界大战', '爆发', '，', '欧洲', '帝国主义', '退出', '，', '于是', '中国', '半殖民地', '的', '色彩', '取消', '了', '，', '半封建', '便', '一', '变', '而', '为', '全', '封建', '，', '（', '请', '在', '复古', '空气', '和', '某种', '隆重', '礼物', '的', '进', '献', '中', '注意', '筹安会', '的', '鬼', '，', '还有', '这', '群', '鬼群', '后', '的', '袁世凯', '的', '鬼', '！']",闻一多传.txt
Ns,BOOK,"(11, 12)","(12, 13)",昆明,《民主周刊》,"['一九四五', '、', '四', '、', '二七', '（', '原', '载', '1945年', '5月', '10日', '昆明', '《民主周刊》', '）']",闻一多传.txt
Ns,Ns,"(13, 14)","(18, 19)",内城,外城,"['其次', '被', '解放', '的', '是', '贵族', '的', '工商职', '奴隶', '，', '主人', '住', '在', '内城', '，', '他们', '住', '在', '外城', '。']",闻一多传.txt
Ns,Ns,"(0, 1)","(7, 8)",台维斯,美国,"['台维斯', '的', '《出使莫斯科记》', '里', '说', '：', '“', '美国', '的', '女子', '中', '看', '不', '中用', '，', '苏联', '的', '女子', '中', '用', '不', '中', '看', '。', '”']",闻一多传.txt
Ns,BOOK,"(0, 1)","(2, 3)",台维斯,《出使莫斯科记》,"['台维斯', '的', '《出使莫斯科记》', '里', '说', '：', '“', '美国', '的', '女子', '中', '看', '不', '中用', '，', '苏联', '的', '女子', '中', '用', '不', '中', '看', '。', '”']",闻一多传.txt
Ns,BOOK,"(7, 8)","(2, 3)",美国,《出使莫斯科记》,"['台维斯', '的', '《出使莫斯科记》', '里', '说', '：', '“', '美国', '的', '女子', '中', '看', '不', '中用', '，', '苏联', '的', '女子', '中', '用', '不', '中', '看', '。', '”']",闻一多传.txt
Ns,BOOK,"(6, 7)","(1, 2)",延安,《延安一月》,"['还有', '《延安一月》', '的', '作者', '告诉', '我们', '延安', '的', '妇隶', '了', '。']",闻一多传.txt
Ns,Ns,"(33, 34)","(36, 37)",中国,中国,"['当初', '我们', '那样', '迫切', '要求', '对', '日抗', '，', '一半', '固然', '因为', '敌人', '欺', '我', '太', '甚', '，', '一半', '也', '是', '要', '逼', '着', '那些', '假', '中国', '人', '和', '抱', '着', '委曲', '勉强', '做', '中国', '人', '的', '中国', '人', '，', '索性', '都', '滚', '到', '他们', '主子', '那边', '去', '，', '让', '我们', '战线', '上', '黑白分明', '，', '便于', '应战', '，', '并且', '到', '时候', '，', '也', '好', '给', '他们', '一网打尽', '。']",闻一多传.txt
Ns,BOOK,"(6, 7)","(7, 8)",昆明,《中央日报胜利日特刊》,"['（', '原', '载', '1945年', '9月', '3日', '昆明', '《中央日报胜利日特刊》', '第3', '版', '）']",闻一多传.txt
Ns,Ns,"(72, 73)","(75, 76)",昆明,昆明,"['各', '大中学', '师生', '关于', '民主', '政治', '的', '无数', '次', '演讲', '、', '讨论', '和', '各种', '文艺', '活动', '的', '集会', '，', '各界', '人士', '许多', '次', '对', '国是', '的', '宣言', '，', '以', '用', '三十三', '年', '护国', '纪念', '，', '三四年', '五四', '纪念', '的', '两', '次', '大', '游行', '，', '这些', '活动', '，', '和', '其它', '后方', '各', '大', '城市', '的', '沉默', '，', '恰好', '形成', '一个', '鲜明', '的', '对照', '，', '在', '这', '沉默', '中', '，', '谁', '知道', '他们', '对', '昆明', '，', '尤其', '昆明', '的', '学生', '，', '怀抱', '着', '多少', '欣羡', '，', '寄托', '着', '多少', '期望', '！']",闻一多传.txt
Ni,Ni,"(25, 27)","(29, 31)",云南大学,中法大学,"['是的', '，', '暴风雨', '是', '要', '来', '的', '，', '昆明', '再不', '能', '等', '了', '，', '于是', '十一月', '二十五日', '晚', '，', '国立', '西南', '联合', '大学', '，', '国立', '云南', '大学', '，', '私立', '中法', '大学', '，', '和', '省立', '英语', '专修', '学校', '等', '四', '校', '学生', '自治会', '，', '在', '西南', '联大', '新', '校舍', '草坪', '上', '，', '召开', '了', '反对', '内战', '呼吁', '和平', '的', '座谈会', '，', '到会者', '五千', '余', '人', '。']",闻一多传.txt
Ni,Ni,"(29, 31)","(34, 37)",中法大学,英语专修学校,"['是的', '，', '暴风雨', '是', '要', '来', '的', '，', '昆明', '再不', '能', '等', '了', '，', '于是', '十一月', '二十五日', '晚', '，', '国立', '西南', '联合', '大学', '，', '国立', '云南', '大学', '，', '私立', '中法', '大学', '，', '和', '省立', '英语', '专修', '学校', '等', '四', '校', '学生', '自治会', '，', '在', '西南', '联大', '新', '校舍', '草坪', '上', '，', '召开', '了', '反对', '内战', '呼吁', '和平', '的', '座谈会', '，', '到会者', '五千', '余', '人', '。']",闻一多传.txt
Ni,Ni,"(27, 29)","(30, 33)",云南大学,中法大学,"['十二月', '一日', '，', '从', '上午', '九时', '到', '下午', '四时', '，', '大批', '的', '特务', '和', '身着', '制服', '、', '佩带', '符号', '的', '军人', '，', '携带', '武器', '，', '分批', '闯入', '云南', '大学', '，', '中', '法', '大学', '，', '联大', '工学院', '，', '师范学院', '，', '联大', '附中', '等', '五', '处', '，', '捣毁', '校具', '，', '劫掠', '财物', '，', '殴打', '师生', '。']",闻一多传.txt
Ni,Ni,"(30, 33)","(39, 41)",中法大学,联大附中,"['十二月', '一日', '，', '从', '上午', '九时', '到', '下午', '四时', '，', '大批', '的', '特务', '和', '身着', '制服', '、', '佩带', '符号', '的', '军人', '，', '携带', '武器', '，', '分批', '闯入', '云南', '大学', '，', '中', '法', '大学', '，', '联大', '工学院', '，', '师范学院', '，', '联大', '附中', '等', '五', '处', '，', '捣毁', '校具', '，', '劫掠', '财物', '，', '殴打', '师生', '。']",闻一多传.txt
Ni,Nh,"(20, 22)","(24, 25)",南菁中学,再,"['同时', '在', '联大', '新', '校舍', '门前', '，', '暴徒', '们', '于', '攻打', '校门', '之际', '，', '投掷', '手榴弹', '一', '枚', '，', '结果', '南菁', '中学', '教员', '于', '再', '先生', '中', '弹', '重伤', '，', '当晚', '十时', '二十分', '，', '在', '云', '大', '医院', '逝世', '。']",闻一多传.txt
Ni,Nh,"(1, 2)","(2, 3)",联大学,缪祥,"['此外', '联大学', '缪祥', '烈君', '，', '左腿', '骨', '炸', '断', '，', '后来', '医治', '无效', '，', '只好', '割', '去', '变成', '残废', '。']",闻一多传.txt
Nh,Ns,"(0, 1)","(3, 4)",李,昆明,"['李', '先生', '在', '昆明', '被', '暗杀', '，', '是', '李', '先生', '留给', '昆明', '的', '光荣', '！']",闻一多传.txt
Ns,Nh,"(3, 4)","(8, 9)",昆明,李,"['李', '先生', '在', '昆明', '被', '暗杀', '，', '是', '李', '先生', '留给', '昆明', '的', '光荣', '！']",闻一多传.txt
Nh,Ns,"(8, 9)","(11, 12)",李,昆明,"['李', '先生', '在', '昆明', '被', '暗杀', '，', '是', '李', '先生', '留给', '昆明', '的', '光荣', '！']",闻一多传.txt
Ns,Ns,"(6, 7)","(10, 11)",昆明,昆明,"['这', '两', '桩', '事', '发生', '在', '昆明', '，', '这', '算是', '昆明', '无限', '的', '光荣', '！']",闻一多传.txt
Nh,Nh,"(4, 5)","(10, 11)",李公朴,李公朴,"['你们', '杀死', '了', '一个', '李公朴', '，', '会', '有', '千百万', '个', '李公朴', '站', '起来', '！']",闻一多传.txt
Nh,Nh,"(0, 1)","(2, 3)",希特勒,莫索里尼,"['希特勒', '，', '莫索里尼', '不', '都', '在', '人民', '之前', '倒下', '了', '吗', '？']",闻一多传.txt
Ns,Ns,"(7, 8)","(8, 9)",美,苏,"['（', '热烈', '鼓掌', '）', '反动派', '故意', '挑拨', '美', '苏', '的', '矛盾', '，', '想', '利用', '这', '矛盾', '来', '打', '内战', '。']",闻一多传.txt
Ns,Ns,"(9, 10)","(10, 11)",美,苏,"['任', '你们', '怎么样', '挑', '拨', '，', '怎么样', '离间', '，', '美', '苏', '不', '一定', '打', '呀', '！']",闻一多传.txt
Ns,Ns,"(4, 5)","(5, 6)",美,苏,"['这', '不', '是', '说', '美', '苏', '间', '已', '没有', '矛盾', '，', '但是', '可以', '让步', '，', '可以', '妥协', '。']",闻一多传.txt
Ns,Ns,"(9, 10)","(10, 11)",美,苏,"['我们', '的', '新闻', '被', '封锁', '着', '，', '不', '知道', '美', '苏', '的', '开明', '舆论', '如何', '抬头', '，', '我们', '也', '看', '不', '见', '广大', '的', '美国', '人民', '的', '那', '种', '新', '的', '力量', '，', '在', '日益', '增长', '。']",闻一多传.txt
Nh,Ns,"(4, 5)","(6, 7)",雷登,美,"['第一', '，', '现在', '司徒', '雷登', '出任', '美', '驻华', '大使', '，', '司徒', '雷登', '是', '中国', '人民', '的', '朋友', '，', '是', '教育家', '，', '他', '生长', '在', '中国', '，', '受', '的', '美国', '教育', '。']",闻一多传.txt
Nh,Nh,"(4, 5)","(11, 12)",雷登,雷登,"['第一', '，', '现在', '司徒', '雷登', '出任', '美', '驻华', '大使', '，', '司徒', '雷登', '是', '中国', '人民', '的', '朋友', '，', '是', '教育家', '，', '他', '生长', '在', '中国', '，', '受', '的', '美国', '教育', '。']",闻一多传.txt
Ns,Nh,"(6, 7)","(11, 12)",美,雷登,"['第一', '，', '现在', '司徒', '雷登', '出任', '美', '驻华', '大使', '，', '司徒', '雷登', '是', '中国', '人民', '的', '朋友', '，', '是', '教育家', '，', '他', '生长', '在', '中国', '，', '受', '的', '美国', '教育', '。']",闻一多传.txt
Ns,Ns,"(6, 7)","(13, 14)",美,中国,"['第一', '，', '现在', '司徒', '雷登', '出任', '美', '驻华', '大使', '，', '司徒', '雷登', '是', '中国', '人民', '的', '朋友', '，', '是', '教育家', '，', '他', '生长', '在', '中国', '，', '受', '的', '美国', '教育', '。']",闻一多传.txt
Nh,Ns,"(11, 12)","(13, 14)",雷登,中国,"['第一', '，', '现在', '司徒', '雷登', '出任', '美', '驻华', '大使', '，', '司徒', '雷登', '是', '中国', '人民', '的', '朋友', '，', '是', '教育家', '，', '他', '生长', '在', '中国', '，', '受', '的', '美国', '教育', '。']",闻一多传.txt
Ns,Ns,"(24, 25)","(28, 29)",中国,美国,"['第一', '，', '现在', '司徒', '雷登', '出任', '美', '驻华', '大使', '，', '司徒', '雷登', '是', '中国', '人民', '的', '朋友', '，', '是', '教育家', '，', '他', '生长', '在', '中国', '，', '受', '的', '美国', '教育', '。']",闻一多传.txt
Ns,Ns,"(3, 4)","(9, 10)",中国,美国,"['他', '住', '在', '中国', '的', '时间', '比', '住', '在', '美国', '的', '时间', '长', '，', '他', '就', '如', '一个', '中国', '的', '留美生', '一样', '，', '从前', '在', '北平', '时', '，', '也', '常', '见面', '，', '他', '是', '一', '位', '和蔼', '可', '新', '的', '老者', '，', '是', '真正', '知道', '中国', '人民', '的', '要求', '的', '。']",闻一多传.txt
Ns,Ns,"(18, 19)","(25, 26)",中国,北平,"['他', '住', '在', '中国', '的', '时间', '比', '住', '在', '美国', '的', '时间', '长', '，', '他', '就', '如', '一个', '中国', '的', '留美生', '一样', '，', '从前', '在', '北平', '时', '，', '也', '常', '见面', '，', '他', '是', '一', '位', '和蔼', '可', '新', '的', '老者', '，', '是', '真正', '知道', '中国', '人民', '的', '要求', '的', '。']",闻一多传.txt
Nh,Ns,"(5, 6)","(11, 12)",雷登,中国,"['这', '不', '是', '说', '司徒', '雷登', '有', '三头六臂', '，', '能', '替', '中国', '人民', '解决', '一切', '，', '而是', '说', '美国', '人民', '的', '舆论', '抬头', '，', '美国', '才', '有', '这', '转变', '。']",闻一多传.txt
Ns,Ns,"(11, 12)","(18, 19)",中国,美国,"['这', '不', '是', '说', '司徒', '雷登', '有', '三头六臂', '，', '能', '替', '中国', '人民', '解决', '一切', '，', '而是', '说', '美国', '人民', '的', '舆论', '抬头', '，', '美国', '才', '有', '这', '转变', '。']",闻一多传.txt
Ns,Ns,"(18, 19)","(24, 25)",美国,美国,"['这', '不', '是', '说', '司徒', '雷登', '有', '三头六臂', '，', '能', '替', '中国', '人民', '解决', '一切', '，', '而是', '说', '美国', '人民', '的', '舆论', '抬头', '，', '美国', '才', '有', '这', '转变', '。']",闻一多传.txt
Ns,Ns,"(7, 8)","(12, 13)",昆明,云南,"['（', '鼓掌', '）', '“', '一二·一', '”', '是', '昆明', '的', '光荣', '，', '是', '云南', '人民', '的', '光荣', '，', '云南', '有的', '光荣', '的', '历史', '，', '远', '的', '护国', '，', '这', '不用', '说', '了', '，', '近', '的', '如', '“', '一二·一', '”', '，', '都', '是', '属于', '云南', '人民', '的', '，', '我们', '要', '发扬', '云南', '光荣', '的', '历史', '！']",闻一多传.txt
Ns,Ns,"(12, 13)","(17, 18)",云南,云南,"['（', '鼓掌', '）', '“', '一二·一', '”', '是', '昆明', '的', '光荣', '，', '是', '云南', '人民', '的', '光荣', '，', '云南', '有的', '光荣', '的', '历史', '，', '远', '的', '护国', '，', '这', '不用', '说', '了', '，', '近', '的', '如', '“', '一二·一', '”', '，', '都', '是', '属于', '云南', '人民', '的', '，', '我们', '要', '发扬', '云南', '光荣', '的', '历史', '！']",闻一多传.txt
Ns,Ns,"(42, 43)","(49, 50)",云南,云南,"['（', '鼓掌', '）', '“', '一二·一', '”', '是', '昆明', '的', '光荣', '，', '是', '云南', '人民', '的', '光荣', '，', '云南', '有的', '光荣', '的', '历史', '，', '远', '的', '护国', '，', '这', '不用', '说', '了', '，', '近', '的', '如', '“', '一二·一', '”', '，', '都', '是', '属于', '云南', '人民', '的', '，', '我们', '要', '发扬', '云南', '光荣', '的', '历史', '！']",闻一多传.txt
